-- --------------------------------------------------------
-- Host:                         127.0.0.1
-- Server version:               8.0.30 - MySQL Community Server - GPL
-- Server OS:                    Win64
-- HeidiSQL Version:             12.3.0.6589
-- --------------------------------------------------------

/*!40101 SET @OLD_CHARACTER_SET_CLIENT=@@CHARACTER_SET_CLIENT */;
/*!40101 SET NAMES utf8 */;
/*!50503 SET NAMES utf8mb4 */;
/*!40103 SET @OLD_TIME_ZONE=@@TIME_ZONE */;
/*!40103 SET TIME_ZONE='+00:00' */;
/*!40014 SET @OLD_FOREIGN_KEY_CHECKS=@@FOREIGN_KEY_CHECKS, FOREIGN_KEY_CHECKS=0 */;
/*!40101 SET @OLD_SQL_MODE=@@SQL_MODE, SQL_MODE='NO_AUTO_VALUE_ON_ZERO' */;
/*!40111 SET @OLD_SQL_NOTES=@@SQL_NOTES, SQL_NOTES=0 */;


-- Dumping database structure for dbbankbni
CREATE DATABASE IF NOT EXISTS `dbbankbni` /*!40100 DEFAULT CHARACTER SET utf8mb4 COLLATE utf8mb4_0900_ai_ci */ /*!80016 DEFAULT ENCRYPTION='N' */;
USE `dbbankbni`;

-- Dumping structure for table dbbankbni.bni_account
CREATE TABLE IF NOT EXISTS `bni_account` (
  `account_id` varchar(10) NOT NULL,
  `account_name` varchar(20) NOT NULL,
  `balance` int NOT NULL,
  `date_opened` datetime NOT NULL,
  `account_type` varchar(20) NOT NULL,
  `account_status` varchar(10) NOT NULL,
  PRIMARY KEY (`account_id`)
) ENGINE=InnoDB DEFAULT CHARSET=utf8mb4 COLLATE=utf8mb4_0900_ai_ci;

-- Dumping data for table dbbankbni.bni_account: ~103 rows (approximately)
DELETE FROM `bni_account`;
INSERT INTO `bni_account` (`account_id`, `account_name`, `balance`, `date_opened`, `account_type`, `account_status`) VALUES
	('BA000603', 'Zalya', 15268680, '2022-06-12 14:10:30', 'CD', 'open'),
	('BA000651', 'Effe', 11021651, '2021-12-12 23:30:16', 'CD', 'open'),
	('BA000893', 'Lumiere', 9622345, '2020-11-21 10:59:27', 'CD', 'open'),
	('BA010810', 'Audy Pearcy', 6575514, '2022-05-15 00:45:10', 'Savings', 'open'),
	('BA013647', 'Olivero Pestell', 11652247, '2022-05-26 00:04:33', 'Money Market', 'open'),
	('BA025693', 'Darrelle Hamlen', 11534455, '2020-11-30 04:11:22', 'Money Market', 'open'),
	('BA026623', 'Ive Biesinger', 10453883, '2022-04-17 05:59:39', 'Savings', 'open'),
	('BA031731', 'Fairlie Hubbocks', 17212840, '2021-12-31 02:07:24', 'Money Market', 'open'),
	('BA035220', 'Elsy Huggett', 9841616, '2021-06-02 01:06:37', 'Money Market', 'open'),
	('BA036682', 'Zita Ghiriardelli', 8451532, '2021-10-01 02:44:31', 'Savings', 'open'),
	('BA037473', 'Junina Junkinson', 7740160, '2021-02-16 06:56:40', 'Money Market', 'open'),
	('BA038410', 'Anestassia Realy', 10719653, '2023-05-05 18:36:45', 'Money Market', 'open'),
	('BA039470', 'Chicky Flattman', 13497189, '2022-05-04 00:03:31', 'Money Market', 'open'),
	('BA048750', 'Maureen Ivankov', 14255007, '2020-06-22 13:03:36', 'CD', 'open'),
	('BA066434', 'Sheppard Meysham', 5739012, '2022-06-23 09:12:34', 'Savings', 'open'),
	('BA079291', 'Adrian Please', 11056974, '2022-04-09 02:44:22', 'Savings', 'open'),
	('BA087460', 'Dot Unsworth', 5932038, '2022-06-02 22:06:16', 'Money Market', 'open'),
	('BA090070', 'Hi Orgel', 12198305, '2021-03-20 18:40:18', 'CD', 'open'),
	('BA093183', 'Nicolina Balharry', 5165938, '2023-04-11 21:49:10', 'Savings', 'open'),
	('BA113821', 'Lin Padly', 7209956, '2022-04-19 21:52:45', 'Savings', 'open'),
	('BA117756', 'Robinett Canon', 9060514, '2022-07-10 09:57:42', 'Money Market', 'open'),
	('BA122638', 'Ayn Tague', 18422742, '2022-03-26 11:51:42', 'Savings', 'open'),
	('BA131076', 'Clare Degnen', 15654500, '2020-08-05 02:42:12', 'Money Market', 'open'),
	('BA134807', 'Vidovic McLanaghan', 6498175, '2022-02-16 15:54:15', 'Savings', 'open'),
	('BA137868', 'Jesus Fletcher', 13934629, '2021-07-18 17:04:58', 'Money Market', 'open'),
	('BA142660', 'Babbie Webbe', 8754358, '2022-01-22 08:30:35', 'CD', 'open'),
	('BA196447', 'Tobye Stockney', 10134425, '2022-11-05 12:18:00', 'Savings', 'open'),
	('BA231383', 'Fidelia Lavery', 8597185, '2020-05-25 11:46:09', 'Money Market', 'open'),
	('BA235195', 'Sindee Chadwell', 8575124, '2021-07-07 09:30:06', 'Money Market', 'open'),
	('BA257521', 'Pip Gladman', 8501597, '2020-09-23 04:54:01', 'CD', 'open'),
	('BA261660', 'Angelo Burkin', 18294329, '2021-05-06 17:19:16', 'Money Market', 'open'),
	('BA276655', 'Callida Broomfield', 5577613, '2023-03-18 23:38:18', 'Money Market', 'open'),
	('BA297836', 'Renaldo Peeke', 18666249, '2021-02-16 10:24:55', 'Money Market', 'open'),
	('BA300230', 'Rudie Dikels', 7074217, '2022-07-20 11:34:23', 'CD', 'open'),
	('BA314474', 'Dalia Cunah', 19138775, '2022-05-18 07:02:24', 'Money Market', 'open'),
	('BA318068', 'Amelina Lyford', 14293024, '2022-04-10 05:27:28', 'CD', 'open'),
	('BA332339', 'Jackquelin Glancy', 10791271, '2020-11-07 07:18:03', 'Savings', 'open'),
	('BA348853', 'Aggie Delamere', 13397914, '2022-10-05 01:22:57', 'Savings', 'open'),
	('BA385455', 'Dell Lambard', 7228996, '2022-04-09 07:20:30', 'CD', 'open'),
	('BA387596', 'Vicki Fawdry', 13955966, '2021-02-11 15:18:31', 'CD', 'open'),
	('BA388220', 'Terrijo Dallicoat', 9264987, '2022-07-01 20:45:42', 'Savings', 'open'),
	('BA389100', 'Janeta Goare', 6940241, '2022-11-10 06:10:42', 'Savings', 'open'),
	('BA408658', 'Magnum Delos', 16833258, '2020-10-17 06:09:16', 'CD', 'open'),
	('BA411792', 'Norry Mushrow', 10890911, '2021-10-23 08:48:35', 'Savings', 'open'),
	('BA417271', 'Agustin Impleton', 7889992, '2020-08-16 14:45:38', 'CD', 'open'),
	('BA420449', 'Phedra Wadley', 16706338, '2021-04-06 21:12:41', 'CD', 'open'),
	('BA429920', 'Sergio Drews', 14325040, '2022-12-16 00:49:11', 'CD', 'open'),
	('BA452183', 'Manuel Chalcroft', 14031829, '2021-07-09 00:49:43', 'Savings', 'open'),
	('BA454368', 'Raynell Trudgion', 17867594, '2020-10-30 17:30:01', 'Money Market', 'open'),
	('BA458178', 'Tim McKeever', 12232829, '2021-04-29 11:47:00', 'Money Market', 'open'),
	('BA486241', 'Bartram Furmston', 16742105, '2021-06-19 20:26:00', 'Money Market', 'open'),
	('BA489887', 'Rozanna Hatherley', 11991885, '2022-05-02 18:39:16', 'Money Market', 'open'),
	('BA495354', 'Brandise Boatman', 15081716, '2020-11-29 15:18:52', 'CD', 'open'),
	('BA495615', 'Adriena Ciccetti', 5680094, '2022-05-29 23:07:31', 'CD', 'open'),
	('BA496269', 'Theadora Qusklay', 7579152, '2021-03-16 19:24:14', 'Savings', 'open'),
	('BA500351', 'Willey Kingett', 18591707, '2021-10-26 01:55:49', 'Savings', 'open'),
	('BA503921', 'Alyssa Vost', 12725224, '2022-06-20 18:48:52', 'Savings', 'open'),
	('BA522736', 'Vaughan Crates', 12363106, '2022-11-24 09:58:11', 'CD', 'open'),
	('BA570495', 'Natassia Camock', 15101166, '2021-10-16 01:13:43', 'CD', 'open'),
	('BA571574', 'Euell Igo', 7462812, '2022-01-09 10:50:31', 'CD', 'open'),
	('BA574290', 'Alma Hedney', 5108075, '2023-02-28 08:40:12', 'Savings', 'open'),
	('BA585132', 'Zsazsa Millbank', 5412255, '2022-08-15 07:16:42', 'Money Market', 'open'),
	('BA593162', 'Gradey Grabiec', 11106549, '2021-05-24 18:48:07', 'Money Market', 'open'),
	('BA596802', 'Jeffie Shrimpling', 13843246, '2020-10-01 07:10:49', 'CD', 'open'),
	('BA607299', 'Ronnie Jimeno', 12884479, '2020-07-26 03:40:35', 'Money Market', 'open'),
	('BA630206', 'Candida Chastaing', 6490586, '2021-04-03 10:24:43', 'Savings', 'open'),
	('BA633233', 'Colette Filchagin', 11142961, '2021-11-29 17:17:13', 'Money Market', 'open'),
	('BA647257', 'Allyson Cottu', 15031052, '2022-05-19 09:57:30', 'Money Market', 'open'),
	('BA650967', 'Luke Simondson', 17618834, '2023-05-06 07:55:13', 'Money Market', 'open'),
	('BA699960', 'Douglas Tweedlie', 14918024, '2022-02-14 04:56:14', 'Money Market', 'open'),
	('BA706636', 'Thomasa Romanet', 11448633, '2023-04-07 13:24:16', 'Money Market', 'open'),
	('BA713014', 'Myrtice MacParland', 12215228, '2021-05-31 14:02:45', 'Savings', 'open'),
	('BA732577', 'Johny Duckit', 17881166, '2021-05-30 21:50:21', 'Money Market', 'open'),
	('BA734420', 'Philippe Ebben', 5329217, '2022-04-22 09:45:35', 'Money Market', 'open'),
	('BA734948', 'Smith Oddie', 17555531, '2022-07-24 23:18:00', 'Savings', 'open'),
	('BA736174', 'Vivi Tweedie', 8247797, '2021-01-04 05:50:34', 'Savings', 'open'),
	('BA758929', 'Vlad Eydel', 13078309, '2021-05-06 03:20:30', 'Money Market', 'open'),
	('BA782086', 'Wells Reeson', 9515863, '2022-07-08 01:50:08', 'Money Market', 'open'),
	('BA796698', 'Hersch Ferrario', 19410802, '2022-09-16 18:01:59', 'Savings', 'open'),
	('BA806035', 'Harold Devonshire', 14515717, '2022-03-03 13:10:15', 'CD', 'open'),
	('BA816689', 'Derry Carlucci', 12177957, '2022-06-10 11:53:09', 'Money Market', 'open'),
	('BA822232', 'Dorena Thamelt', 12432047, '2021-11-12 19:17:04', 'Savings', 'open'),
	('BA842961', 'Horatia Anscott', 6768912, '2021-01-06 08:22:46', 'Savings', 'open'),
	('BA843477', 'Eduardo Guitt', 15683560, '2021-03-21 11:46:11', 'Money Market', 'open'),
	('BA844705', 'Les Sandeman', 10233802, '2021-07-12 10:59:44', 'CD', 'open'),
	('BA844885', 'Celina Clowley', 18184182, '2022-12-11 19:32:34', 'Money Market', 'open'),
	('BA851171', 'Dorotea Cortes', 11406110, '2022-03-02 11:25:00', 'CD', 'open'),
	('BA853393', 'Morse McSperron', 17936201, '2022-06-14 20:41:30', 'CD', 'open'),
	('BA854735', 'Marilin Carverhill', 15794420, '2020-10-10 19:34:22', 'Savings', 'open'),
	('BA869694', 'Lisette Carrack', 9719968, '2022-03-30 14:42:31', 'Savings', 'open'),
	('BA875350', 'Antonio Gladwin', 19501306, '2020-09-24 14:38:11', 'Savings', 'open'),
	('BA878845', 'Zacharie Liquorish', 16597750, '2021-11-22 22:15:43', 'Savings', 'open'),
	('BA891726', 'Carlee Casotti', 10862602, '2021-09-17 02:26:05', 'CD', 'open'),
	('BA900297', 'Tyne McGeachy', 9826354, '2023-05-24 12:11:34', 'Money Market', 'open'),
	('BA909126', 'Sisely Nunnerley', 15727029, '2022-12-22 16:26:42', 'Money Market', 'open'),
	('BA922105', 'Brod Oak', 8353024, '2021-01-04 15:04:05', 'Money Market', 'open'),
	('BA926654', 'Kippy Meyer', 8459968, '2020-06-09 04:08:25', 'Savings', 'open'),
	('BA936862', 'Alma Sponder', 19792035, '2020-06-03 05:16:03', 'Money Market', 'open'),
	('BA938478', 'Michelina Rintoul', 13412017, '2020-08-31 08:39:46', 'CD', 'open'),
	('BA963535', 'Harold Andriolli', 10420656, '2022-11-15 14:34:53', 'Money Market', 'open'),
	('BA969884', 'Tudor Large', 6342810, '2022-12-22 11:40:05', 'Money Market', 'open'),
	('BA978171', 'Zollie Timperley', 18511029, '2020-11-04 10:48:08', 'Savings', 'open'),
	('BA985908', 'Ewell Siley', 9674717, '2023-04-16 05:19:04', 'CD', 'open');

-- Dumping structure for table dbbankbni.bni_transaction
CREATE TABLE IF NOT EXISTS `bni_transaction` (
  `transaction_id` varchar(10) NOT NULL,
  `sender_account_id` varchar(10) NOT NULL,
  `receiver_account_id` varchar(10) NOT NULL,
  `amount` int DEFAULT NULL,
  `date` datetime NOT NULL,
  PRIMARY KEY (`transaction_id`),
  KEY `FK_bni_transaction_bni_account` (`sender_account_id`),
  KEY `FK_bni_transaction_bni_account_2` (`receiver_account_id`),
  CONSTRAINT `FK_bni_transaction_bni_account` FOREIGN KEY (`sender_account_id`) REFERENCES `bni_account` (`account_id`),
  CONSTRAINT `FK_bni_transaction_bni_account_2` FOREIGN KEY (`receiver_account_id`) REFERENCES `bni_account` (`account_id`)
) ENGINE=InnoDB DEFAULT CHARSET=utf8mb4 COLLATE=utf8mb4_0900_ai_ci;

-- Dumping data for table dbbankbni.bni_transaction: ~250 rows (approximately)
DELETE FROM `bni_transaction`;
INSERT INTO `bni_transaction` (`transaction_id`, `sender_account_id`, `receiver_account_id`, `amount`, `date`) VALUES
	('BPY00176', 'BA851171', 'BA000603', 4426772, '2022-08-24 14:48:53'),
	('BPY00442', 'BA853393', 'BA000651', 7223359, '2023-04-04 18:28:40'),
	('BPY00610', 'BA025693', 'BA000651', 5085714, '2022-11-05 23:08:26'),
	('BPY01358', 'BA734420', 'BA000651', 3161081, '2022-06-03 21:41:58'),
	('BPY02005', 'BA385455', 'BA000651', 5082417, '2022-09-22 09:42:49'),
	('BPY02034', 'BA593162', 'BA000893', 3589533, '2022-09-19 05:05:00'),
	('BPY02250', 'BA647257', 'BA000603', 5636470, '2023-04-22 04:24:02'),
	('BPY02276', 'BA039470', 'BA000651', 5910460, '2023-01-15 11:53:01'),
	('BPY02434', 'BA013647', 'BA000603', 5898191, '2022-11-15 07:12:17'),
	('BPY02648', 'BA010810', 'BA000603', 2720820, '2022-12-03 05:21:43'),
	('BPY03025', 'BA385455', 'BA000603', 4060570, '2023-03-10 23:34:38'),
	('BPY03124', 'BA734420', 'BA000893', 3161081, '2022-06-03 21:41:58'),
	('BPY03231', 'BA900297', 'BA000893', 4106022, '2022-06-29 00:06:25'),
	('BPY03529', 'BA332339', 'BA000893', 4253088, '2023-02-11 13:31:23'),
	('BPY04562', 'BA853393', 'BA000893', 7137859, '2023-04-04 18:28:40'),
	('BPY05235', 'BA926654', 'BA000651', 6669251, '2023-03-31 03:32:13'),
	('BPY05288', 'BA348853', 'BA000893', 4157807, '2022-10-14 22:03:56'),
	('BPY06068', 'BA796698', 'BA000651', 8000654, '2023-02-27 08:40:00'),
	('BPY06084', 'BA411792', 'BA000893', 4206476, '2022-12-11 19:08:58'),
	('BPY06361', 'BA706636', 'BA000603', 2351380, '2022-10-07 08:35:37'),
	('BPY06513', 'BA900297', 'BA000651', 4734878, '2023-01-17 09:24:23'),
	('BPY06556', 'BA875350', 'BA000651', 4749829, '2022-08-16 18:30:20'),
	('BPY06664', 'BA117756', 'BA000651', 4708342, '2023-01-26 13:49:19'),
	('BPY06925', 'BA458178', 'BA000603', 9147901, '2023-03-15 14:07:58'),
	('BPY07479', 'BA734948', 'BA000893', 6476947, '2023-04-23 09:10:04'),
	('BPY08082', 'BA978171', 'BA000893', 3819851, '2023-02-26 10:07:53'),
	('BPY08268', 'BA500351', 'BA000603', 4933768, '2022-08-26 01:19:42'),
	('BPY08412', 'BA117756', 'BA000893', 1714560, '2023-03-09 23:19:05'),
	('BPY09341', 'BA013647', 'BA000893', 4983856, '2023-01-08 14:57:06'),
	('BPY09353', 'BA734420', 'BA000893', 1851754, '2022-11-17 18:03:00'),
	('BPY09422', 'BA026623', 'BA000893', 4805526, '2023-02-08 18:00:17'),
	('BPY09535', 'BA387596', 'BA000893', 3203475, '2023-04-04 10:15:13'),
	('BPY09597', 'BA389100', 'BA000603', 6468166, '2022-07-21 12:01:33'),
	('BPY10081', 'BA875350', 'BA000603', 1917127, '2022-11-05 00:05:00'),
	('BPY10776', 'BA429920', 'BA000893', 3231359, '2022-10-11 03:36:58'),
	('BPY10821', 'BA332339', 'BA000651', 4289088, '2023-02-11 13:31:23'),
	('BPY11149', 'BA734948', 'BA000893', 6722071, '2023-04-07 02:26:40'),
	('BPY11566', 'BA142660', 'BA000893', 5692886, '2022-06-30 09:22:18'),
	('BPY12488', 'BA010810', 'BA000651', 2479146, '2023-02-02 11:22:08'),
	('BPY12526', 'BA736174', 'BA000603', 3279514, '2022-09-29 13:22:28'),
	('BPY13170', 'BA026623', 'BA000603', 4747026, '2023-02-08 18:00:17'),
	('BPY14664', 'BA734948', 'BA000603', 6464947, '2023-04-23 09:10:04'),
	('BPY17876', 'BA978171', 'BA000893', 2636157, '2022-10-01 09:30:52'),
	('BPY18155', 'BA732577', 'BA000603', 1955629, '2023-01-16 01:17:42'),
	('BPY18545', 'BA969884', 'BA000651', 4730979, '2022-06-02 16:34:05'),
	('BPY18674', 'BA734420', 'BA000603', 3161081, '2022-06-03 21:41:58'),
	('BPY18692', 'BA411792', 'BA000603', 4206476, '2022-12-11 19:08:58'),
	('BPY19307', 'BA853393', 'BA000603', 3606527, '2022-06-24 19:54:19'),
	('BPY19433', 'BA093183', 'BA000603', 3747225, '2023-01-11 12:36:33'),
	('BPY19722', 'BA039470', 'BA000893', 2203468, '2023-03-24 03:51:52'),
	('BPY20020', 'BA869694', 'BA000893', 2736876, '2023-04-10 10:55:07'),
	('BPY20400', 'BA853393', 'BA000893', 3617027, '2022-06-24 19:54:19'),
	('BPY20921', 'BA387596', 'BA000603', 2500613, '2023-03-10 01:38:50'),
	('BPY21528', 'BA429920', 'BA000603', 5920196, '2022-08-17 06:14:21'),
	('BPY21540', 'BA048750', 'BA000603', 2417205, '2023-03-25 23:36:50'),
	('BPY22332', 'BA844705', 'BA000893', 9053098, '2022-06-14 09:43:57'),
	('BPY23234', 'BA647257', 'BA000651', 5685970, '2023-04-22 04:24:02'),
	('BPY24100', 'BA500351', 'BA000893', 4933768, '2022-08-26 01:19:42'),
	('BPY24212', 'BA574290', 'BA000893', 4096679, '2022-09-04 18:35:10'),
	('BPY24788', 'BA038410', 'BA000893', 3648252, '2022-09-15 04:31:58'),
	('BPY24836', 'BA142660', 'BA000603', 5622386, '2022-06-30 09:22:18'),
	('BPY25308', 'BA633233', 'BA000651', 2698608, '2023-03-07 10:52:08'),
	('BPY25409', 'BA038410', 'BA000893', 1917524, '2022-09-19 23:24:40'),
	('BPY25682', 'BA411792', 'BA000651', 6509988, '2022-06-02 02:29:10'),
	('BPY25813', 'BA113821', 'BA000893', 4929705, '2023-04-23 06:39:59'),
	('BPY26860', 'BA026623', 'BA000651', 4747026, '2023-02-08 18:00:17'),
	('BPY29059', 'BA387596', 'BA000893', 2503613, '2023-03-10 01:38:50'),
	('BPY29390', 'BA869694', 'BA000603', 2736876, '2023-04-10 10:55:07'),
	('BPY29728', 'BA038410', 'BA000603', 1917524, '2022-09-19 23:24:40'),
	('BPY30222', 'BA978171', 'BA000603', 2691657, '2022-10-01 09:30:52'),
	('BPY30677', 'BA093183', 'BA000603', 3331441, '2022-12-11 02:44:05'),
	('BPY31429', 'BA571574', 'BA000651', 1686968, '2022-10-15 01:04:51'),
	('BPY31606', 'BA969884', 'BA000603', 2440272, '2023-02-21 00:36:24'),
	('BPY31915', 'BA978171', 'BA000603', 3819851, '2023-02-26 10:07:53'),
	('BPY31964', 'BA854735', 'BA000893', 3941055, '2022-12-03 04:45:49'),
	('BPY32084', 'BA039470', 'BA000603', 2203468, '2023-03-24 03:51:52'),
	('BPY32346', 'BA332339', 'BA000893', 1867818, '2023-05-24 21:14:26'),
	('BPY32544', 'BA131076', 'BA000651', 5436542, '2022-11-21 16:21:26'),
	('BPY32563', 'BA851171', 'BA000893', 4410272, '2022-08-24 14:48:53'),
	('BPY32731', 'BA039470', 'BA000893', 5947960, '2023-01-15 11:53:01'),
	('BPY32974', 'BA257521', 'BA000603', 4271369, '2022-12-09 04:35:40'),
	('BPY33115', 'BA734948', 'BA000603', 6722071, '2023-04-07 02:26:40'),
	('BPY34100', 'BA844885', 'BA000603', 3944789, '2022-10-30 09:31:00'),
	('BPY34746', 'BA922105', 'BA000603', 1562453, '2023-03-04 11:58:43'),
	('BPY34884', 'BA458178', 'BA000893', 3941961, '2022-10-29 07:38:52'),
	('BPY35316', 'BA048750', 'BA000651', 6891047, '2023-05-12 20:31:45'),
	('BPY35439', 'BA647257', 'BA000603', 4783936, '2023-01-13 00:24:19'),
	('BPY35488', 'BA093183', 'BA000893', 3253441, '2022-12-11 02:44:05'),
	('BPY36089', 'BA900297', 'BA000893', 4734878, '2023-01-17 09:24:23'),
	('BPY36448', 'BA926654', 'BA000893', 6669251, '2023-03-31 03:32:13'),
	('BPY36884', 'BA822232', 'BA000603', 1007615, '2023-04-04 12:13:40'),
	('BPY37031', 'BA633233', 'BA000603', 2809798, '2023-01-11 20:26:29'),
	('BPY37046', 'BA571574', 'BA000893', 1078580, '2023-01-29 21:30:46'),
	('BPY37098', 'BA851171', 'BA000651', 4426772, '2022-08-24 14:48:53'),
	('BPY37174', 'BA389100', 'BA000603', 6114870, '2022-09-20 12:35:07'),
	('BPY38619', 'BA796698', 'BA000893', 7997654, '2023-02-27 08:40:00'),
	('BPY39853', 'BA013647', 'BA000651', 5884691, '2022-11-15 07:12:17'),
	('BPY41215', 'BA875350', 'BA000603', 4836829, '2022-08-16 18:30:20'),
	('BPY41625', 'BA732577', 'BA000893', 1933129, '2023-01-16 01:17:42'),
	('BPY43240', 'BA117756', 'BA000893', 4681342, '2023-01-26 13:49:19'),
	('BPY43316', 'BA142660', 'BA000893', 1880422, '2022-10-23 15:25:36'),
	('BPY44021', 'BA593162', 'BA000603', 3589533, '2022-09-19 05:05:00'),
	('BPY44475', 'BA963535', 'BA000651', 6099788, '2023-03-17 15:12:48'),
	('BPY44540', 'BA963535', 'BA000603', 1535474, '2022-11-03 23:22:10'),
	('BPY44868', 'BA131076', 'BA000603', 2567313, '2022-09-20 11:58:32'),
	('BPY46479', 'BA385455', 'BA000603', 4990917, '2022-09-22 09:42:49'),
	('BPY46896', 'BA736174', 'BA000603', 6751951, '2023-04-10 09:46:08'),
	('BPY47199', 'BA574290', 'BA000893', 5552706, '2022-11-14 05:10:29'),
	('BPY47407', 'BA844885', 'BA000893', 3962789, '2022-10-30 09:31:00'),
	('BPY47475', 'BA963535', 'BA000893', 6158288, '2023-03-17 15:12:48'),
	('BPY47493', 'BA257521', 'BA000603', 5604519, '2022-08-29 18:48:37'),
	('BPY47617', 'BA131076', 'BA000893', 2685813, '2022-09-20 11:58:32'),
	('BPY48085', 'BA429920', 'BA000651', 3231359, '2022-10-11 03:36:58'),
	('BPY48579', 'BA736174', 'BA000893', 3311014, '2022-09-29 13:22:28'),
	('BPY48756', 'BA869694', 'BA000893', 4828742, '2022-10-10 14:46:20'),
	('BPY49579', 'BA706636', 'BA000603', 4560824, '2022-07-21 01:10:17'),
	('BPY49988', 'BA844885', 'BA000651', 3962789, '2022-10-30 09:31:00'),
	('BPY50650', 'BA706636', 'BA000893', 2325880, '2022-10-07 08:35:37'),
	('BPY50888', 'BA429920', 'BA000893', 5950196, '2022-08-17 06:14:21'),
	('BPY51074', 'BA844705', 'BA000893', 2570329, '2023-02-13 10:17:25'),
	('BPY51255', 'BA869694', 'BA000603', 4789742, '2022-10-10 14:46:20'),
	('BPY51476', 'BA113821', 'BA000893', 1159859, '2022-06-21 14:19:38'),
	('BPY51711', 'BA732577', 'BA000651', 1894129, '2023-01-16 01:17:42'),
	('BPY51992', 'BA796698', 'BA000603', 7876154, '2023-02-27 08:40:00'),
	('BPY52147', 'BA922105', 'BA000603', 679747, '2022-06-22 08:17:49'),
	('BPY52157', 'BA013647', 'BA000893', 5884691, '2022-11-15 07:12:17'),
	('BPY52232', 'BA851171', 'BA000603', 5602881, '2022-11-06 18:07:11'),
	('BPY52263', 'BA900297', 'BA000603', 4734878, '2023-01-17 09:24:23'),
	('BPY52301', 'BA869694', 'BA000651', 4789742, '2022-10-10 14:46:20'),
	('BPY52556', 'BA458178', 'BA000651', 9224401, '2023-03-15 14:07:58'),
	('BPY53689', 'BA314474', 'BA000893', 4832587, '2023-03-12 20:07:24'),
	('BPY53761', 'BA314474', 'BA000603', 4780087, '2023-03-12 20:07:24'),
	('BPY53969', 'BA458178', 'BA000603', 4048461, '2022-10-29 07:38:52'),
	('BPY54088', 'BA348853', 'BA000603', 2931502, '2023-01-07 07:56:03'),
	('BPY54226', 'BA844885', 'BA000603', 1007437, '2022-05-29 09:20:57'),
	('BPY54780', 'BA038410', 'BA000603', 3648252, '2022-09-15 04:31:58'),
	('BPY55418', 'BA969884', 'BA000603', 4679979, '2022-06-02 16:34:05'),
	('BPY55643', 'BA574290', 'BA000603', 4096679, '2022-09-04 18:35:10'),
	('BPY55795', 'BA734420', 'BA000603', 1817254, '2022-11-17 18:03:00'),
	('BPY56445', 'BA922105', 'BA000893', 1577453, '2023-03-04 11:58:43'),
	('BPY56518', 'BA131076', 'BA000603', 5318042, '2022-11-21 16:21:26'),
	('BPY56932', 'BA853393', 'BA000603', 7223359, '2023-04-04 18:28:40'),
	('BPY57651', 'BA938478', 'BA000603', 7750952, '2022-11-14 07:44:13'),
	('BPY58129', 'BA922105', 'BA000651', 1577453, '2023-03-04 11:58:43'),
	('BPY58324', 'BA736174', 'BA000651', 6751951, '2023-04-10 09:46:08'),
	('BPY58594', 'BA332339', 'BA000603', 4340088, '2023-02-11 13:31:23'),
	('BPY58809', 'BA257521', 'BA000893', 4271369, '2022-12-09 04:35:40'),
	('BPY59027', 'BA571574', 'BA000603', 1733468, '2022-10-15 01:04:51'),
	('BPY59334', 'BA900297', 'BA000603', 4047522, '2022-06-29 00:06:25'),
	('BPY59523', 'BA732577', 'BA000603', 4177961, '2022-11-25 21:16:43'),
	('BPY60519', 'BA389100', 'BA000893', 6095370, '2022-09-20 12:35:07'),
	('BPY60654', 'BA142660', 'BA000651', 5622386, '2022-06-30 09:22:18'),
	('BPY60698', 'BA822232', 'BA000603', 4606122, '2023-05-22 22:43:08'),
	('BPY61276', 'BA348853', 'BA000651', 4157807, '2022-10-14 22:03:56'),
	('BPY61353', 'BA732577', 'BA000893', 4177961, '2022-11-25 21:16:43'),
	('BPY61446', 'BA593162', 'BA000893', 1987774, '2022-08-24 11:29:26'),
	('BPY62567', 'BA113821', 'BA000603', 1159859, '2022-06-21 14:19:38'),
	('BPY62611', 'BA922105', 'BA000893', 664747, '2022-06-22 08:17:49'),
	('BPY62647', 'BA500351', 'BA000893', 4641630, '2022-06-17 00:08:30'),
	('BPY63043', 'BA429920', 'BA000603', 3231359, '2022-10-11 03:36:58'),
	('BPY64271', 'BA025693', 'BA000603', 2744157, '2022-07-08 16:47:12'),
	('BPY64521', 'BA038410', 'BA000651', 3579252, '2022-09-15 04:31:58'),
	('BPY64961', 'BA574290', 'BA000651', 5552706, '2022-11-14 05:10:29'),
	('BPY65404', 'BA938478', 'BA000603', 4779409, '2023-03-05 02:44:05'),
	('BPY65448', 'BA348853', 'BA000603', 4120307, '2022-10-14 22:03:56'),
	('BPY65945', 'BA387596', 'BA000651', 3186975, '2023-04-04 10:15:13'),
	('BPY66123', 'BA854735', 'BA000893', 6008895, '2022-11-17 22:04:32'),
	('BPY66249', 'BA387596', 'BA000603', 3203475, '2023-04-04 10:15:13'),
	('BPY67138', 'BA844705', 'BA000651', 9029098, '2022-06-14 09:43:57'),
	('BPY67289', 'BA025693', 'BA000603', 5085714, '2022-11-05 23:08:26'),
	('BPY67581', 'BA117756', 'BA000603', 4681342, '2023-01-26 13:49:19'),
	('BPY67591', 'BA938478', 'BA000893', 7846952, '2022-11-14 07:44:13'),
	('BPY67693', 'BA926654', 'BA000893', 4092903, '2023-05-22 10:43:42'),
	('BPY67882', 'BA117756', 'BA000603', 1714560, '2023-03-09 23:19:05'),
	('BPY67946', 'BA025693', 'BA000893', 2744157, '2022-07-08 16:47:12'),
	('BPY68876', 'BA348853', 'BA000893', 2931502, '2023-01-07 07:56:03'),
	('BPY68886', 'BA854735', 'BA000603', 3941055, '2022-12-03 04:45:49'),
	('BPY69050', 'BA093183', 'BA000651', 3253441, '2022-12-11 02:44:05'),
	('BPY69173', 'BA314474', 'BA000651', 4832587, '2023-03-12 20:07:24'),
	('BPY69430', 'BA706636', 'BA000893', 4598324, '2022-07-21 01:10:17'),
	('BPY69496', 'BA010810', 'BA000893', 2507646, '2023-02-02 11:22:08'),
	('BPY69536', 'BA706636', 'BA000651', 4535324, '2022-07-21 01:10:17'),
	('BPY70686', 'BA844705', 'BA000603', 2580829, '2023-02-13 10:17:25'),
	('BPY70963', 'BA647257', 'BA000893', 5636470, '2023-04-22 04:24:02'),
	('BPY71607', 'BA938478', 'BA000651', 7816952, '2022-11-14 07:44:13'),
	('BPY72619', 'BA875350', 'BA000893', 1917127, '2022-11-05 00:05:00'),
	('BPY72701', 'BA131076', 'BA000893', 5436542, '2022-11-21 16:21:26'),
	('BPY72837', 'BA843477', 'BA000651', 6811507, '2022-12-03 23:07:54'),
	('BPY73125', 'BA843477', 'BA000893', 2379493, '2023-02-19 14:03:42'),
	('BPY73471', 'BA010810', 'BA000603', 2479146, '2023-02-02 11:22:08'),
	('BPY74396', 'BA571574', 'BA000603', 1078580, '2023-01-29 21:30:46'),
	('BPY74611', 'BA389100', 'BA000893', 6468166, '2022-07-21 12:01:33'),
	('BPY74804', 'BA039470', 'BA000603', 5947960, '2023-01-15 11:53:01'),
	('BPY75181', 'BA633233', 'BA000603', 2698608, '2023-03-07 10:52:08'),
	('BPY75657', 'BA926654', 'BA000603', 4140903, '2023-05-22 10:43:42'),
	('BPY76026', 'BA048750', 'BA000603', 6889547, '2023-05-12 20:31:45'),
	('BPY76429', 'BA647257', 'BA000893', 4783936, '2023-01-13 00:24:19'),
	('BPY77218', 'BA571574', 'BA000893', 1673468, '2022-10-15 01:04:51'),
	('BPY77984', 'BA963535', 'BA000603', 6099788, '2023-03-17 15:12:48'),
	('BPY78210', 'BA314474', 'BA000893', 2323132, '2023-04-07 12:38:30'),
	('BPY78505', 'BA257521', 'BA000893', 5660019, '2022-08-29 18:48:37'),
	('BPY78802', 'BA593162', 'BA000603', 1987774, '2022-08-24 11:29:26'),
	('BPY80129', 'BA458178', 'BA000893', 9254401, '2023-03-15 14:07:58'),
	('BPY81031', 'BA822232', 'BA000651', 4619622, '2023-05-22 22:43:08'),
	('BPY81092', 'BA411792', 'BA000893', 6509988, '2022-06-02 02:29:10'),
	('BPY82272', 'BA500351', 'BA000651', 5052268, '2022-08-26 01:19:42'),
	('BPY82987', 'BA854735', 'BA000603', 6008895, '2022-11-17 22:04:32'),
	('BPY83041', 'BA822232', 'BA000893', 4576122, '2023-05-22 22:43:08'),
	('BPY83132', 'BA734948', 'BA000651', 6463447, '2023-04-23 09:10:04'),
	('BPY83749', 'BA854735', 'BA000651', 3941055, '2022-12-03 04:45:49'),
	('BPY83770', 'BA314474', 'BA000603', 2323132, '2023-04-07 12:38:30'),
	('BPY83872', 'BA142660', 'BA000603', 1880422, '2022-10-23 15:25:36'),
	('BPY84349', 'BA633233', 'BA000893', 2617608, '2023-03-07 10:52:08'),
	('BPY84386', 'BA048750', 'BA000893', 2459205, '2023-03-25 23:36:50'),
	('BPY84437', 'BA048750', 'BA000893', 6889547, '2023-05-12 20:31:45'),
	('BPY85659', 'BA113821', 'BA000603', 4890705, '2023-04-23 06:39:59'),
	('BPY86719', 'BA332339', 'BA000603', 1780818, '2023-05-24 21:14:26'),
	('BPY87329', 'BA093183', 'BA000893', 3747225, '2023-01-11 12:36:33'),
	('BPY87500', 'BA969884', 'BA000893', 2444772, '2023-02-21 00:36:24'),
	('BPY87609', 'BA385455', 'BA000893', 3969070, '2023-03-10 23:34:38'),
	('BPY88869', 'BA843477', 'BA000603', 2466493, '2023-02-19 14:03:42'),
	('BPY89082', 'BA026623', 'BA000603', 2275830, '2022-10-29 05:33:29'),
	('BPY89288', 'BA013647', 'BA000603', 4997356, '2023-01-08 14:57:06'),
	('BPY90478', 'BA736174', 'BA000893', 6751951, '2023-04-10 09:46:08'),
	('BPY90658', 'BA963535', 'BA000893', 1598474, '2022-11-03 23:22:10'),
	('BPY91180', 'BA796698', 'BA000603', 2887383, '2022-10-20 06:14:51'),
	('BPY92266', 'BA257521', 'BA000651', 5622519, '2022-08-29 18:48:37'),
	('BPY92569', 'BA633233', 'BA000893', 2877298, '2023-01-11 20:26:29'),
	('BPY92684', 'BA593162', 'BA000651', 3498033, '2022-09-20 13:04:00'),
	('BPY93075', 'BA844885', 'BA000893', 1007437, '2022-05-29 09:20:57'),
	('BPY94502', 'BA025693', 'BA000893', 5085714, '2022-11-05 23:08:26'),
	('BPY94540', 'BA389100', 'BA000651', 6114870, '2022-09-20 12:35:07'),
	('BPY94819', 'BA500351', 'BA000603', 4641630, '2022-06-17 00:08:30'),
	('BPY94836', 'BA796698', 'BA000893', 2765883, '2022-10-20 06:14:51'),
	('BPY95161', 'BA822232', 'BA000893', 1051115, '2023-04-04 12:13:40'),
	('BPY95253', 'BA113821', 'BA000651', 4929705, '2023-04-23 06:39:59'),
	('BPY95918', 'BA385455', 'BA000893', 5082417, '2022-09-22 09:42:49'),
	('BPY96165', 'BA978171', 'BA000651', 3764351, '2023-02-26 10:07:53'),
	('BPY96762', 'BA010810', 'BA000893', 2720820, '2022-12-03 05:21:43'),
	('BPY96853', 'BA851171', 'BA000893', 5602881, '2022-11-06 18:07:11'),
	('BPY97028', 'BA843477', 'BA000893', 6811507, '2022-12-03 23:07:54'),
	('BPY97515', 'BA938478', 'BA000893', 4845409, '2023-03-05 02:44:05'),
	('BPY97847', 'BA844705', 'BA000603', 9053098, '2022-06-14 09:43:57'),
	('BPY98158', 'BA574290', 'BA000603', 5632206, '2022-11-14 05:10:29'),
	('BPY98944', 'BA875350', 'BA000893', 4836829, '2022-08-16 18:30:20'),
	('BPY98994', 'BA843477', 'BA000603', 6811507, '2022-12-03 23:07:54'),
	('BPY99104', 'BA926654', 'BA000603', 6700751, '2023-03-31 03:32:13'),
	('BPY99255', 'BA026623', 'BA000893', 2275830, '2022-10-29 05:33:29'),
	('BPY99393', 'BA969884', 'BA000893', 4679979, '2022-06-02 16:34:05'),
	('BPY99815', 'BA411792', 'BA000603', 6515988, '2022-06-02 02:29:10');


-- Dumping database structure for dbbankgopay
CREATE DATABASE IF NOT EXISTS `dbbankgopay` /*!40100 DEFAULT CHARACTER SET utf8mb4 COLLATE utf8mb4_0900_ai_ci */ /*!80016 DEFAULT ENCRYPTION='N' */;
USE `dbbankgopay`;

-- Dumping structure for table dbbankgopay.gopay_account
CREATE TABLE IF NOT EXISTS `gopay_account` (
  `account_id` varchar(10) NOT NULL,
  `account_name` varchar(20) NOT NULL,
  `balance` int NOT NULL,
  `date_opened` datetime NOT NULL,
  `account_type` varchar(20) NOT NULL,
  `account_status` varchar(10) NOT NULL,
  PRIMARY KEY (`account_id`)
) ENGINE=InnoDB DEFAULT CHARSET=utf8mb4 COLLATE=utf8mb4_0900_ai_ci;

-- Dumping data for table dbbankgopay.gopay_account: ~103 rows (approximately)
DELETE FROM `gopay_account`;
INSERT INTO `gopay_account` (`account_id`, `account_name`, `balance`, `date_opened`, `account_type`, `account_status`) VALUES
	('GA000022', 'Lumiere', 6996134, '2022-01-19 08:33:32', 'CD', 'open'),
	('GA000042', 'Effe', 18869645, '2021-05-03 17:58:35', 'CD', 'open'),
	('GA000092', 'Zalya', 11013117, '2021-10-20 23:54:38', 'CD', 'open'),
	('GA015509', 'Fairlie Hubbocks', 7905615, '2023-05-05 09:39:05', 'CD', 'open'),
	('GA021413', 'Phedra Wadley', 15960403, '2021-10-10 03:07:58', 'Money Market', 'open'),
	('GA029148', 'Derry Carlucci', 13856731, '2022-12-15 14:50:28', 'Money Market', 'open'),
	('GA039871', 'Robinett Canon', 19394569, '2023-05-17 08:07:12', 'Money Market', 'open'),
	('GA041933', 'Gradey Grabiec', 17934368, '2021-09-11 14:22:12', 'CD', 'open'),
	('GA067071', 'Zita Ghiriardelli', 12562795, '2023-01-23 13:10:38', 'Savings', 'open'),
	('GA069931', 'Dot Unsworth', 18508432, '2022-09-04 12:07:04', 'Savings', 'open'),
	('GA073556', 'Raynell Trudgion', 9327131, '2021-02-12 03:42:46', 'Savings', 'open'),
	('GA080078', 'Zacharie Liquorish', 18769966, '2021-10-11 10:01:57', 'CD', 'open'),
	('GA081643', 'Ive Biesinger', 6100753, '2023-02-26 17:29:44', 'CD', 'open'),
	('GA092427', 'Jesus Fletcher', 18200507, '2020-06-30 15:22:27', 'CD', 'open'),
	('GA106874', 'Audy Pearcy', 15146244, '2022-04-08 12:23:24', 'Money Market', 'open'),
	('GA134184', 'Natassia Camock', 15555072, '2021-06-18 20:59:01', 'CD', 'open'),
	('GA167701', 'Colette Filchagin', 17116786, '2021-11-13 07:40:47', 'Money Market', 'open'),
	('GA178077', 'Vidovic McLanaghan', 11544622, '2023-01-01 01:30:14', 'Money Market', 'open'),
	('GA185533', 'Agustin Impleton', 18655968, '2022-07-09 15:10:21', 'Savings', 'open'),
	('GA203862', 'Carlee Casotti', 6818295, '2023-02-23 15:56:33', 'Savings', 'open'),
	('GA223287', 'Maureen Ivankov', 6559372, '2020-06-17 21:17:00', 'CD', 'open'),
	('GA226485', 'Vaughan Crates', 10968851, '2020-09-26 09:24:32', 'Savings', 'open'),
	('GA230679', 'Amelina Lyford', 12678665, '2022-01-11 23:33:32', 'CD', 'open'),
	('GA230858', 'Callida Broomfield', 7506388, '2022-02-05 07:12:26', 'Money Market', 'open'),
	('GA271184', 'Harold Andriolli', 12465472, '2021-04-05 13:40:38', 'Money Market', 'open'),
	('GA273595', 'Vivi Tweedie', 10266930, '2022-02-20 22:22:16', 'Money Market', 'open'),
	('GA274382', 'Theadora Qusklay', 9862521, '2021-11-27 14:49:54', 'Money Market', 'open'),
	('GA281725', 'Antonio Gladwin', 16108184, '2022-06-20 17:03:44', 'CD', 'open'),
	('GA293343', 'Ewell Siley', 9882037, '2023-02-05 18:42:50', 'CD', 'open'),
	('GA303379', 'Hersch Ferrario', 15311560, '2020-10-19 15:17:39', 'Savings', 'open'),
	('GA321988', 'Vicki Fawdry', 13251764, '2021-09-15 11:47:54', 'CD', 'open'),
	('GA331380', 'Manuel Chalcroft', 11007973, '2020-12-18 15:26:29', 'Savings', 'open'),
	('GA331661', 'Harold Devonshire', 7210474, '2021-05-22 04:24:45', 'Money Market', 'open'),
	('GA332511', 'Dalia Cunah', 19039774, '2021-04-17 13:13:49', 'Savings', 'open'),
	('GA355391', 'Clare Degnen', 5571807, '2022-04-13 13:03:44', 'Money Market', 'open'),
	('GA374080', 'Jeffie Shrimpling', 10420782, '2021-11-18 07:28:57', 'Money Market', 'open'),
	('GA379300', 'Zsazsa Millbank', 16936270, '2021-05-15 06:43:27', 'Money Market', 'open'),
	('GA383705', 'Ayn Tague', 19237927, '2020-08-19 05:01:22', 'CD', 'open'),
	('GA384839', 'Rozanna Hatherley', 14309563, '2020-08-26 07:35:51', 'CD', 'open'),
	('GA406949', 'Babbie Webbe', 19548076, '2021-06-21 23:03:59', 'CD', 'open'),
	('GA408947', 'Luke Simondson', 17859944, '2020-10-14 08:26:28', 'CD', 'open'),
	('GA413738', 'Lin Padly', 14552645, '2021-04-24 05:56:38', 'Savings', 'open'),
	('GA425023', 'Alma Hedney', 6429523, '2021-05-14 05:42:00', 'CD', 'open'),
	('GA429014', 'Tudor Large', 17679655, '2020-06-02 15:15:54', 'Money Market', 'open'),
	('GA433767', 'Pip Gladman', 9128391, '2023-02-20 06:54:22', 'Money Market', 'open'),
	('GA438377', 'Angelo Burkin', 16529723, '2023-03-19 08:46:17', 'CD', 'open'),
	('GA469547', 'Douglas Tweedlie', 6406530, '2023-02-22 08:00:37', 'Savings', 'open'),
	('GA472668', 'Philippe Ebben', 14291624, '2022-01-01 08:55:07', 'CD', 'open'),
	('GA479995', 'Horatia Anscott', 14347236, '2021-03-14 04:20:55', 'Money Market', 'open'),
	('GA492247', 'Candida Chastaing', 15559044, '2022-06-14 09:02:28', 'Savings', 'open'),
	('GA499131', 'Alma Sponder', 14157221, '2021-12-13 04:19:38', 'Money Market', 'open'),
	('GA505719', 'Celina Clowley', 15637411, '2021-07-07 19:29:12', 'CD', 'open'),
	('GA523362', 'Chicky Flattman', 14035568, '2021-03-18 14:23:48', 'Money Market', 'open'),
	('GA526304', 'Tim McKeever', 14543270, '2022-12-20 23:22:09', 'Money Market', 'open'),
	('GA526965', 'Dorena Thamelt', 5943040, '2022-01-07 14:44:27', 'Money Market', 'open'),
	('GA543016', 'Tyne McGeachy', 19498256, '2022-05-28 20:54:36', 'Money Market', 'open'),
	('GA563322', 'Thomasa Romanet', 15180813, '2021-10-05 07:51:39', 'CD', 'open'),
	('GA572720', 'Euell Igo', 10123106, '2022-05-24 05:32:35', 'Savings', 'open'),
	('GA572831', 'Darrelle Hamlen', 6591273, '2021-02-06 11:57:44', 'Savings', 'open'),
	('GA577686', 'Adriena Ciccetti', 14383930, '2021-10-10 00:48:35', 'Savings', 'open'),
	('GA586800', 'Brandise Boatman', 9255931, '2023-01-05 22:28:16', 'CD', 'open'),
	('GA594221', 'Johny Duckit', 5688762, '2021-09-08 15:21:24', 'CD', 'open'),
	('GA595735', 'Sergio Drews', 11786378, '2020-10-17 09:13:20', 'Money Market', 'open'),
	('GA621692', 'Rudie Dikels', 16237718, '2022-02-27 08:36:31', 'Savings', 'open'),
	('GA650022', 'Bartram Furmston', 9553619, '2021-11-19 14:43:04', 'Money Market', 'open'),
	('GA655198', 'Dell Lambard', 13209552, '2022-07-15 19:35:33', 'Savings', 'open'),
	('GA661783', 'Myrtice MacParland', 10993214, '2021-10-03 16:53:58', 'CD', 'open'),
	('GA666893', 'Vlad Eydel', 6625312, '2021-08-10 01:31:02', 'Money Market', 'open'),
	('GA684884', 'Marilin Carverhill', 5989869, '2020-09-19 08:27:28', 'Savings', 'open'),
	('GA716786', 'Michelina Rintoul', 14466265, '2020-12-13 10:36:21', 'Money Market', 'open'),
	('GA726928', 'Kippy Meyer', 8940340, '2020-10-09 04:11:56', 'Money Market', 'open'),
	('GA747491', 'Hi Orgel', 19986264, '2023-03-11 19:48:47', 'CD', 'open'),
	('GA767462', 'Olivero Pestell', 13935562, '2022-01-01 09:27:21', 'Money Market', 'open'),
	('GA767940', 'Morse McSperron', 18023967, '2022-04-18 09:18:33', 'Money Market', 'open'),
	('GA776743', 'Sindee Chadwell', 7663988, '2021-04-09 02:22:01', 'Savings', 'open'),
	('GA781257', 'Lisette Carrack', 14284542, '2022-09-04 01:27:40', 'Money Market', 'open'),
	('GA787836', 'Aggie Delamere', 19615951, '2020-08-10 12:21:40', 'Savings', 'open'),
	('GA789181', 'Fidelia Lavery', 11469241, '2022-09-02 22:40:52', 'Savings', 'open'),
	('GA789343', 'Alyssa Vost', 8973789, '2022-12-29 03:29:05', 'Savings', 'open'),
	('GA794148', 'Brod Oak', 14935810, '2022-08-19 18:35:49', 'Money Market', 'open'),
	('GA796336', 'Anestassia Realy', 11902039, '2022-02-05 11:18:48', 'Savings', 'open'),
	('GA812046', 'Dorotea Cortes', 16544044, '2022-12-22 01:37:52', 'CD', 'open'),
	('GA827406', 'Tobye Stockney', 18937091, '2023-04-16 18:54:33', 'Savings', 'open'),
	('GA835367', 'Zollie Timperley', 11276476, '2022-11-16 02:30:56', 'Money Market', 'open'),
	('GA849834', 'Sisely Nunnerley', 12306318, '2020-05-30 16:36:42', 'Money Market', 'open'),
	('GA858591', 'Adrian Please', 13663716, '2022-05-09 10:45:32', 'Money Market', 'open'),
	('GA886860', 'Smith Oddie', 6434447, '2020-11-28 23:48:29', 'Savings', 'open'),
	('GA889711', 'Les Sandeman', 18505548, '2020-09-07 00:53:50', 'Savings', 'open'),
	('GA896744', 'Nicolina Balharry', 10231667, '2022-07-26 17:46:34', 'Money Market', 'open'),
	('GA896935', 'Magnum Delos', 18254494, '2021-11-30 10:23:09', 'Savings', 'open'),
	('GA904925', 'Junina Junkinson', 6503336, '2021-12-07 13:44:09', 'CD', 'open'),
	('GA905834', 'Elsy Huggett', 14044509, '2022-12-04 03:17:29', 'CD', 'open'),
	('GA906327', 'Janeta Goare', 18112195, '2020-12-22 02:50:42', 'Savings', 'open'),
	('GA907328', 'Renaldo Peeke', 15050882, '2020-09-14 04:34:03', 'Savings', 'open'),
	('GA911745', 'Willey Kingett', 16533837, '2022-02-12 00:48:18', 'Savings', 'open'),
	('GA931173', 'Terrijo Dallicoat', 6660977, '2021-09-20 04:26:23', 'CD', 'open'),
	('GA953558', 'Jackquelin Glancy', 11322429, '2021-06-03 05:35:26', 'CD', 'open'),
	('GA954422', 'Wells Reeson', 7295814, '2023-05-17 06:59:43', 'Money Market', 'open'),
	('GA960331', 'Eduardo Guitt', 6690876, '2022-05-30 05:21:05', 'CD', 'open'),
	('GA970926', 'Norry Mushrow', 10633010, '2023-04-12 19:35:33', 'Savings', 'open'),
	('GA974220', 'Sheppard Meysham', 13159369, '2021-11-03 11:16:12', 'CD', 'open'),
	('GA982168', 'Allyson Cottu', 19418263, '2021-12-12 02:58:19', 'CD', 'open'),
	('GA985697', 'Ronnie Jimeno', 19764269, '2021-06-08 15:31:00', 'Savings', 'open');

-- Dumping structure for table dbbankgopay.gopay_transaction
CREATE TABLE IF NOT EXISTS `gopay_transaction` (
  `transaction_id` varchar(10) NOT NULL,
  `sender_account_id` varchar(10) NOT NULL,
  `receiver_account_id` varchar(10) NOT NULL,
  `amount` int DEFAULT NULL,
  `date` datetime NOT NULL,
  PRIMARY KEY (`transaction_id`),
  KEY `FK_gopay_transaction_gopay_account` (`sender_account_id`),
  KEY `FK_gopay_transaction_gopay_account_2` (`receiver_account_id`),
  CONSTRAINT `FK_gopay_transaction_gopay_account` FOREIGN KEY (`sender_account_id`) REFERENCES `gopay_account` (`account_id`),
  CONSTRAINT `FK_gopay_transaction_gopay_account_2` FOREIGN KEY (`receiver_account_id`) REFERENCES `gopay_account` (`account_id`)
) ENGINE=InnoDB DEFAULT CHARSET=utf8mb4 COLLATE=utf8mb4_0900_ai_ci;

-- Dumping data for table dbbankgopay.gopay_transaction: ~250 rows (approximately)
DELETE FROM `gopay_transaction`;
INSERT INTO `gopay_transaction` (`transaction_id`, `sender_account_id`, `receiver_account_id`, `amount`, `date`) VALUES
	('GPY00021', 'GA661783', 'GA000022', 7203491, '2023-04-11 06:00:53'),
	('GPY00419', 'GA974220', 'GA000022', 3248490, '2022-09-06 22:44:52'),
	('GPY00662', 'GA896935', 'GA000092', 5557679, '2023-02-28 13:02:52'),
	('GPY00681', 'GA438377', 'GA000022', 4046951, '2022-06-04 06:20:44'),
	('GPY00737', 'GA650022', 'GA000042', 3826806, '2022-12-23 13:52:42'),
	('GPY01283', 'GA029148', 'GA000022', 4471739, '2023-04-19 05:07:00'),
	('GPY01450', 'GA650022', 'GA000092', 4279458, '2023-01-20 17:50:42'),
	('GPY01935', 'GA293343', 'GA000092', 2291414, '2022-07-26 20:50:23'),
	('GPY02496', 'GA015509', 'GA000022', 5110628, '2022-08-10 17:40:40'),
	('GPY02680', 'GA134184', 'GA000092', 2533823, '2023-05-24 11:20:43'),
	('GPY02704', 'GA849834', 'GA000022', 3462530, '2022-06-27 11:16:50'),
	('GPY02918', 'GA134184', 'GA000022', 2456823, '2023-05-24 11:20:43'),
	('GPY02920', 'GA374080', 'GA000092', 2829288, '2023-02-21 04:06:08'),
	('GPY03211', 'GA907328', 'GA000022', 5722598, '2022-09-22 14:03:33'),
	('GPY03286', 'GA293343', 'GA000042', 5716828, '2022-10-27 17:38:58'),
	('GPY03491', 'GA029148', 'GA000092', 4500739, '2023-04-19 05:07:00'),
	('GPY04238', 'GA747491', 'GA000042', 2842807, '2022-07-13 16:16:14'),
	('GPY04288', 'GA896935', 'GA000022', 5577679, '2023-02-28 13:02:52'),
	('GPY04542', 'GA015509', 'GA000092', 5109628, '2022-08-10 17:40:40'),
	('GPY04823', 'GA015509', 'GA000042', 5124628, '2022-08-10 17:40:40'),
	('GPY05098', 'GA789343', 'GA000022', 4011270, '2023-05-12 08:50:42'),
	('GPY05889', 'GA827406', 'GA000022', 2284594, '2022-08-11 21:46:58'),
	('GPY06302', 'GA586800', 'GA000042', 8216168, '2022-12-28 08:17:50'),
	('GPY07091', 'GA985697', 'GA000022', 5281188, '2022-07-12 16:29:40'),
	('GPY07481', 'GA331661', 'GA000022', 6918173, '2022-06-24 12:19:09'),
	('GPY07945', 'GA776743', 'GA000022', 12033080, '2023-03-12 06:54:30'),
	('GPY08122', 'GA896935', 'GA000042', 5557679, '2023-02-28 13:02:52'),
	('GPY08203', 'GA904925', 'GA000042', 8737380, '2022-11-06 12:09:44'),
	('GPY09374', 'GA904925', 'GA000022', 7107821, '2022-08-25 20:58:44'),
	('GPY10201', 'GA384839', 'GA000092', 4959600, '2022-08-28 03:18:39'),
	('GPY10214', 'GA073556', 'GA000042', 2952854, '2022-12-28 20:07:34'),
	('GPY12120', 'GA331661', 'GA000092', 3277312, '2022-12-08 05:54:39'),
	('GPY12972', 'GA492247', 'GA000022', 7522764, '2022-07-22 11:25:18'),
	('GPY13193', 'GA408947', 'GA000022', 1137689, '2022-11-10 09:25:08'),
	('GPY13322', 'GA067071', 'GA000092', 4494826, '2022-11-30 20:44:00'),
	('GPY13924', 'GA134184', 'GA000092', 5339387, '2023-01-30 01:18:10'),
	('GPY14011', 'GA789343', 'GA000092', 4024270, '2023-05-12 08:50:42'),
	('GPY14019', 'GA226485', 'GA000092', 4716083, '2022-06-11 20:29:30'),
	('GPY14030', 'GA954422', 'GA000042', 4680894, '2023-04-09 00:38:15'),
	('GPY14780', 'GA203862', 'GA000022', 1658352, '2022-10-27 01:44:01'),
	('GPY14908', 'GA029148', 'GA000092', 3185894, '2022-06-25 00:55:51'),
	('GPY15575', 'GA776743', 'GA000022', 6126976, '2022-11-26 16:56:41'),
	('GPY15598', 'GA621692', 'GA000022', 4488178, '2022-07-26 18:19:25'),
	('GPY16329', 'GA907328', 'GA000042', 3427699, '2023-01-20 16:38:05'),
	('GPY16790', 'GA383705', 'GA000022', 5455354, '2022-10-27 23:15:11'),
	('GPY17499', 'GA178077', 'GA000092', 6323453, '2023-02-09 05:44:37'),
	('GPY17638', 'GA650022', 'GA000022', 4271458, '2023-01-20 17:50:42'),
	('GPY17938', 'GA858591', 'GA000092', 1312076, '2023-02-15 02:23:49'),
	('GPY18525', 'GA931173', 'GA000042', 4936472, '2023-04-15 15:37:46'),
	('GPY19744', 'GA438377', 'GA000092', 4046951, '2022-06-04 06:20:44'),
	('GPY20136', 'GA499131', 'GA000042', 3110516, '2023-03-12 07:54:44'),
	('GPY20754', 'GA021413', 'GA000022', 4370630, '2023-04-01 06:19:35'),
	('GPY22552', 'GA230858', 'GA000022', 3302628, '2022-12-22 14:05:51'),
	('GPY23609', 'GA666893', 'GA000092', 3601281, '2023-02-27 07:41:57'),
	('GPY24421', 'GA408947', 'GA000092', 1137689, '2022-11-10 09:25:08'),
	('GPY25591', 'GA577686', 'GA000092', 4226928, '2023-04-05 01:02:28'),
	('GPY25795', 'GA374080', 'GA000022', 2829288, '2023-02-21 04:06:08'),
	('GPY26109', 'GA789181', 'GA000092', 4391342, '2022-09-14 17:26:36'),
	('GPY26168', 'GA789343', 'GA000022', 3832066, '2022-11-05 18:45:53'),
	('GPY27081', 'GA092427', 'GA000092', 6035624, '2023-03-23 05:36:18'),
	('GPY27450', 'GA029148', 'GA000022', 3134894, '2022-06-25 00:55:51'),
	('GPY28097', 'GA185533', 'GA000022', 5841135, '2023-02-09 06:01:37'),
	('GPY28391', 'GA331661', 'GA000022', 3250312, '2022-12-08 05:54:39'),
	('GPY28753', 'GA134184', 'GA000022', 5339387, '2023-01-30 01:18:10'),
	('GPY28903', 'GA073556', 'GA000022', 2915854, '2022-12-28 20:07:34'),
	('GPY29183', 'GA827406', 'GA000092', 5239495, '2022-12-20 16:57:44'),
	('GPY29303', 'GA203862', 'GA000042', 6086531, '2022-07-31 15:10:36'),
	('GPY29478', 'GA849834', 'GA000022', 2499076, '2022-08-18 01:53:15'),
	('GPY29839', 'GA905834', 'GA000092', 1574103, '2023-05-25 02:21:23'),
	('GPY29845', 'GA230679', 'GA000022', 1070258, '2022-09-10 11:37:37'),
	('GPY31058', 'GA178077', 'GA000092', 1528663, '2023-02-06 12:34:20'),
	('GPY31102', 'GA621692', 'GA000092', 4488178, '2022-07-26 18:19:25'),
	('GPY31952', 'GA904925', 'GA000022', 8706380, '2022-11-06 12:09:44'),
	('GPY32326', 'GA666893', 'GA000042', 5937086, '2022-07-11 21:54:06'),
	('GPY32518', 'GA789181', 'GA000092', 5903205, '2022-06-18 10:15:10'),
	('GPY33078', 'GA849834', 'GA000092', 3447530, '2022-06-27 11:16:50'),
	('GPY33188', 'GA374080', 'GA000042', 5652964, '2022-12-16 23:57:51'),
	('GPY33577', 'GA092427', 'GA000022', 6079624, '2023-03-23 05:36:18'),
	('GPY33628', 'GA178077', 'GA000022', 1602663, '2023-02-06 12:34:20'),
	('GPY33654', 'GA479995', 'GA000092', 2993949, '2022-10-29 05:43:52'),
	('GPY34315', 'GA274382', 'GA000022', 4861759, '2023-02-14 07:46:53'),
	('GPY34657', 'GA479995', 'GA000022', 2993949, '2022-10-29 05:43:52'),
	('GPY35377', 'GA905834', 'GA000022', 1552103, '2023-05-25 02:21:23'),
	('GPY36101', 'GA479995', 'GA000042', 2985949, '2022-10-29 05:43:52'),
	('GPY37006', 'GA499131', 'GA000092', 3442160, '2023-05-21 05:57:58'),
	('GPY37119', 'GA666893', 'GA000092', 5937086, '2022-07-11 21:54:06'),
	('GPY37279', 'GA067071', 'GA000042', 4474826, '2022-11-30 20:44:00'),
	('GPY37315', 'GA069931', 'GA000022', 1837338, '2023-02-03 06:12:49'),
	('GPY37844', 'GA974220', 'GA000042', 7024096, '2022-12-04 23:26:22'),
	('GPY38172', 'GA080078', 'GA000092', 911108, '2023-01-29 07:33:41'),
	('GPY38240', 'GA577686', 'GA000022', 8175962, '2022-07-27 22:12:00'),
	('GPY38524', 'GA650022', 'GA000092', 3826806, '2022-12-23 13:52:42'),
	('GPY38654', 'GA203862', 'GA000022', 6091531, '2022-07-31 15:10:36'),
	('GPY38920', 'GA858591', 'GA000022', 2979708, '2022-09-20 13:04:00'),
	('GPY39843', 'GA331380', 'GA000022', 1011005, '2023-02-21 06:19:31'),
	('GPY40003', 'GA185533', 'GA000022', 6211492, '2023-04-07 23:03:50'),
	('GPY40040', 'GA827406', 'GA000092', 2248594, '2022-08-11 21:46:58'),
	('GPY40426', 'GA469547', 'GA000092', 2282096, '2022-07-15 21:56:06'),
	('GPY41516', 'GA621692', 'GA000042', 4281095, '2022-08-19 18:55:02'),
	('GPY41856', 'GA092427', 'GA000022', 2844030, '2022-12-31 00:48:54'),
	('GPY41902', 'GA226485', 'GA000092', 3575697, '2022-10-29 08:04:56'),
	('GPY42030', 'GA374080', 'GA000022', 5661964, '2022-12-16 23:57:51'),
	('GPY42119', 'GA586800', 'GA000022', 8216168, '2022-12-28 08:17:50'),
	('GPY42712', 'GA661783', 'GA000022', 4440075, '2022-08-03 07:46:21'),
	('GPY44391', 'GA230679', 'GA000092', 4267503, '2022-08-27 05:44:59'),
	('GPY44476', 'GA985697', 'GA000092', 3508015, '2023-03-08 13:09:38'),
	('GPY44570', 'GA858591', 'GA000022', 1312076, '2023-02-15 02:23:49'),
	('GPY44660', 'GA073556', 'GA000092', 4024465, '2022-08-13 18:54:53'),
	('GPY45000', 'GA185533', 'GA000042', 5837135, '2023-02-09 06:01:37'),
	('GPY46055', 'GA492247', 'GA000042', 7385808, '2023-05-09 16:47:08'),
	('GPY46703', 'GA985697', 'GA000022', 3508015, '2023-03-08 13:09:38'),
	('GPY46732', 'GA069931', 'GA000042', 2823909, '2022-06-19 06:36:50'),
	('GPY46976', 'GA067071', 'GA000092', 1483698, '2022-06-03 14:15:00'),
	('GPY47466', 'GA492247', 'GA000092', 7522764, '2022-07-22 11:25:18'),
	('GPY48049', 'GA331661', 'GA000042', 6918173, '2022-06-24 12:19:09'),
	('GPY48288', 'GA577686', 'GA000092', 8160962, '2022-07-27 22:12:00'),
	('GPY48478', 'GA092427', 'GA000092', 2763030, '2022-12-31 00:48:54'),
	('GPY48557', 'GA331380', 'GA000042', 2038085, '2022-09-25 06:55:15'),
	('GPY48680', 'GA383705', 'GA000042', 5455354, '2022-10-27 23:15:11'),
	('GPY49136', 'GA384839', 'GA000042', 4965600, '2022-08-28 03:18:39'),
	('GPY49173', 'GA203862', 'GA000092', 6086531, '2022-07-31 15:10:36'),
	('GPY49554', 'GA469547', 'GA000042', 4968332, '2022-10-04 18:04:29'),
	('GPY49569', 'GA577686', 'GA000022', 4226928, '2023-04-05 01:02:28'),
	('GPY49630', 'GA080078', 'GA000022', 614006, '2022-10-27 00:46:40'),
	('GPY49820', 'GA073556', 'GA000022', 4024465, '2022-08-13 18:54:53'),
	('GPY50208', 'GA621692', 'GA000022', 4281095, '2022-08-19 18:55:02'),
	('GPY50563', 'GA021413', 'GA000092', 4438333, '2023-04-19 20:49:31'),
	('GPY50821', 'GA384839', 'GA000092', 1740584, '2022-08-31 05:18:11'),
	('GPY51070', 'GA015509', 'GA000022', 3749722, '2022-12-22 14:15:26'),
	('GPY51466', 'GA789343', 'GA000042', 4011270, '2023-05-12 08:50:42'),
	('GPY51827', 'GA905834', 'GA000092', 2872622, '2022-07-20 13:18:29'),
	('GPY52355', 'GA230858', 'GA000092', 7437261, '2022-08-21 03:51:15'),
	('GPY53134', 'GA974220', 'GA000092', 6942096, '2022-12-04 23:26:22'),
	('GPY53771', 'GA905834', 'GA000022', 2803622, '2022-07-20 13:18:29'),
	('GPY55110', 'GA331380', 'GA000092', 2040085, '2022-09-25 06:55:15'),
	('GPY55130', 'GA178077', 'GA000042', 6323453, '2023-02-09 05:44:37'),
	('GPY55305', 'GA021413', 'GA000022', 4415333, '2023-04-19 20:49:31'),
	('GPY55605', 'GA469547', 'GA000022', 2228096, '2022-07-15 21:56:06'),
	('GPY55942', 'GA896935', 'GA000092', 3427132, '2023-04-20 10:31:11'),
	('GPY55988', 'GA985697', 'GA000092', 5282188, '2022-07-12 16:29:40'),
	('GPY56247', 'GA331661', 'GA000092', 6956173, '2022-06-24 12:19:09'),
	('GPY57226', 'GA293343', 'GA000092', 5675828, '2022-10-27 17:38:58'),
	('GPY57310', 'GA907328', 'GA000022', 3427699, '2023-01-20 16:38:05'),
	('GPY57707', 'GA985697', 'GA000042', 5282188, '2022-07-12 16:29:40'),
	('GPY57927', 'GA469547', 'GA000092', 4914332, '2022-10-04 18:04:29'),
	('GPY58088', 'GA438377', 'GA000092', 819562, '2023-05-18 15:17:28'),
	('GPY58309', 'GA092427', 'GA000042', 5998624, '2023-03-23 05:36:18'),
	('GPY59198', 'GA789181', 'GA000022', 4391342, '2022-09-14 17:26:36'),
	('GPY60103', 'GA747491', 'GA000092', 2657599, '2022-09-05 06:59:48'),
	('GPY60114', 'GA203862', 'GA000092', 1658352, '2022-10-27 01:44:01'),
	('GPY60374', 'GA293343', 'GA000022', 2291414, '2022-07-26 20:50:23'),
	('GPY60896', 'GA226485', 'GA000022', 3573697, '2022-10-29 08:04:56'),
	('GPY61002', 'GA379300', 'GA000092', 4151899, '2022-12-28 14:30:24'),
	('GPY61680', 'GA661783', 'GA000092', 4487075, '2022-08-03 07:46:21'),
	('GPY61807', 'GA379300', 'GA000022', 4952163, '2023-04-02 22:58:31'),
	('GPY62156', 'GA178077', 'GA000022', 6323453, '2023-02-09 05:44:37'),
	('GPY62257', 'GA479995', 'GA000092', 1980560, '2023-02-07 19:53:01'),
	('GPY63054', 'GA021413', 'GA000092', 4347630, '2023-04-01 06:19:35'),
	('GPY63128', 'GA374080', 'GA000092', 5652964, '2022-12-16 23:57:51'),
	('GPY65201', 'GA134184', 'GA000042', 5418387, '2023-01-30 01:18:10'),
	('GPY65547', 'GA974220', 'GA000092', 3248490, '2022-09-06 22:44:52'),
	('GPY65565', 'GA974220', 'GA000022', 7024096, '2022-12-04 23:26:22'),
	('GPY65978', 'GA789181', 'GA000022', 5953205, '2022-06-18 10:15:10'),
	('GPY66096', 'GA789343', 'GA000092', 3832066, '2022-11-05 18:45:53'),
	('GPY66098', 'GA776743', 'GA000042', 12033080, '2023-03-12 06:54:30'),
	('GPY66127', 'GA661783', 'GA000092', 7203491, '2023-04-11 06:00:53'),
	('GPY66180', 'GA383705', 'GA000092', 2412447, '2022-07-28 12:39:28'),
	('GPY66363', 'GA230679', 'GA000042', 4206503, '2022-08-27 05:44:59'),
	('GPY67274', 'GA331380', 'GA000092', 1011005, '2023-02-21 06:19:31'),
	('GPY68120', 'GA907328', 'GA000092', 5722598, '2022-09-22 14:03:33'),
	('GPY68474', 'GA896935', 'GA000022', 3427132, '2023-04-20 10:31:11'),
	('GPY68737', 'GA954422', 'GA000022', 4687894, '2023-04-09 00:38:15'),
	('GPY68865', 'GA827406', 'GA000022', 5239495, '2022-12-20 16:57:44'),
	('GPY69654', 'GA408947', 'GA000042', 6789587, '2022-06-26 19:25:52'),
	('GPY69818', 'GA379300', 'GA000022', 4172899, '2022-12-28 14:30:24'),
	('GPY70084', 'GA438377', 'GA000042', 4054951, '2022-06-04 06:20:44'),
	('GPY71686', 'GA747491', 'GA000092', 2842807, '2022-07-13 16:16:14'),
	('GPY72255', 'GA408947', 'GA000092', 6851587, '2022-06-26 19:25:52'),
	('GPY72658', 'GA650022', 'GA000022', 3891806, '2022-12-23 13:52:42'),
	('GPY73057', 'GA069931', 'GA000092', 2823909, '2022-06-19 06:36:50'),
	('GPY73943', 'GA067071', 'GA000022', 1483698, '2022-06-03 14:15:00'),
	('GPY73948', 'GA954422', 'GA000022', 3859178, '2023-02-09 14:17:37'),
	('GPY74064', 'GA383705', 'GA000092', 5487354, '2022-10-27 23:15:11'),
	('GPY74086', 'GA384839', 'GA000022', 1740584, '2022-08-31 05:18:11'),
	('GPY74157', 'GA274382', 'GA000042', 4835759, '2023-02-14 07:46:53'),
	('GPY74191', 'GA586800', 'GA000092', 8165168, '2022-12-28 08:17:50'),
	('GPY74357', 'GA069931', 'GA000092', 1837338, '2023-02-03 06:12:49'),
	('GPY74469', 'GA499131', 'GA000022', 3492160, '2023-05-21 05:57:58'),
	('GPY75108', 'GA293343', 'GA000022', 5716828, '2022-10-27 17:38:58'),
	('GPY75619', 'GA274382', 'GA000092', 1203413, '2023-03-04 04:14:19'),
	('GPY75638', 'GA905834', 'GA000042', 2872622, '2022-07-20 13:18:29'),
	('GPY75654', 'GA080078', 'GA000022', 917108, '2023-01-29 07:33:41'),
	('GPY76233', 'GA666893', 'GA000022', 3601281, '2023-02-27 07:41:57'),
	('GPY76519', 'GA931173', 'GA000092', 4919472, '2023-04-15 15:37:46'),
	('GPY77081', 'GA954422', 'GA000092', 3859178, '2023-02-09 14:17:37'),
	('GPY77097', 'GA586800', 'GA000092', 4370562, '2022-09-27 11:15:58'),
	('GPY77223', 'GA747491', 'GA000022', 2657599, '2022-09-05 06:59:48'),
	('GPY77544', 'GA230679', 'GA000022', 4206503, '2022-08-27 05:44:59'),
	('GPY78001', 'GA621692', 'GA000092', 4281095, '2022-08-19 18:55:02'),
	('GPY78018', 'GA747491', 'GA000022', 2758807, '2022-07-13 16:16:14'),
	('GPY78417', 'GA067071', 'GA000022', 4499826, '2022-11-30 20:44:00'),
	('GPY78458', 'GA438377', 'GA000022', 819562, '2023-05-18 15:17:28'),
	('GPY78627', 'GA827406', 'GA000042', 5212495, '2022-12-20 16:57:44'),
	('GPY78799', 'GA492247', 'GA000092', 7450808, '2023-05-09 16:47:08'),
	('GPY80462', 'GA274382', 'GA000092', 4835759, '2023-02-14 07:46:53'),
	('GPY81341', 'GA577686', 'GA000042', 8175962, '2022-07-27 22:12:00'),
	('GPY82484', 'GA230858', 'GA000042', 7415261, '2022-08-21 03:51:15'),
	('GPY82522', 'GA274382', 'GA000022', 1221413, '2023-03-04 04:14:19'),
	('GPY84612', 'GA904925', 'GA000092', 8737380, '2022-11-06 12:09:44'),
	('GPY85010', 'GA230858', 'GA000022', 7354261, '2022-08-21 03:51:15'),
	('GPY85300', 'GA230679', 'GA000092', 1131258, '2022-09-10 11:37:37'),
	('GPY85342', 'GA230858', 'GA000092', 3302628, '2022-12-22 14:05:51'),
	('GPY86737', 'GA029148', 'GA000042', 3185894, '2022-06-25 00:55:51'),
	('GPY86826', 'GA379300', 'GA000092', 4941163, '2023-04-02 22:58:31'),
	('GPY87088', 'GA931173', 'GA000022', 4914472, '2023-04-15 15:37:46'),
	('GPY87370', 'GA226485', 'GA000042', 3603697, '2022-10-29 08:04:56'),
	('GPY87898', 'GA776743', 'GA000092', 12006080, '2023-03-12 06:54:30'),
	('GPY88694', 'GA789181', 'GA000042', 4411342, '2022-09-14 17:26:36'),
	('GPY88797', 'GA379300', 'GA000042', 4941163, '2023-04-02 22:58:31'),
	('GPY89336', 'GA021413', 'GA000042', 4438333, '2023-04-19 20:49:31'),
	('GPY89519', 'GA904925', 'GA000092', 7049821, '2022-08-25 20:58:44'),
	('GPY90009', 'GA499131', 'GA000022', 3070516, '2023-03-12 07:54:44'),
	('GPY90469', 'GA331380', 'GA000022', 2040085, '2022-09-25 06:55:15'),
	('GPY90586', 'GA185533', 'GA000092', 6211492, '2023-04-07 23:03:50'),
	('GPY90817', 'GA408947', 'GA000022', 6789587, '2022-06-26 19:25:52'),
	('GPY91003', 'GA383705', 'GA000022', 2412447, '2022-07-28 12:39:28'),
	('GPY91971', 'GA015509', 'GA000092', 3748722, '2022-12-22 14:15:26'),
	('GPY91986', 'GA226485', 'GA000022', 4686083, '2022-06-11 20:29:30'),
	('GPY92141', 'GA499131', 'GA000092', 3110516, '2023-03-12 07:54:44'),
	('GPY92278', 'GA479995', 'GA000022', 1980560, '2023-02-07 19:53:01'),
	('GPY92395', 'GA661783', 'GA000042', 4440075, '2022-08-03 07:46:21'),
	('GPY92445', 'GA586800', 'GA000022', 4422562, '2022-09-27 11:15:58'),
	('GPY92683', 'GA041933', 'GA000042', 2979708, '2022-09-20 13:04:00'),
	('GPY94075', 'GA080078', 'GA000042', 631006, '2022-10-27 00:46:40'),
	('GPY94194', 'GA492247', 'GA000022', 7385808, '2023-05-09 16:47:08'),
	('GPY94304', 'GA185533', 'GA000092', 5841135, '2023-02-09 06:01:37'),
	('GPY94414', 'GA384839', 'GA000022', 4963600, '2022-08-28 03:18:39'),
	('GPY94919', 'GA931173', 'GA000092', 3802547, '2022-11-15 05:40:50'),
	('GPY95330', 'GA069931', 'GA000022', 2823909, '2022-06-19 06:36:50'),
	('GPY95411', 'GA666893', 'GA000022', 5961086, '2022-07-11 21:54:06'),
	('GPY96009', 'GA469547', 'GA000022', 4914332, '2022-10-04 18:04:29'),
	('GPY96619', 'GA073556', 'GA000092', 2915854, '2022-12-28 20:07:34'),
	('GPY96662', 'GA954422', 'GA000092', 4687894, '2023-04-09 00:38:15'),
	('GPY96785', 'GA931173', 'GA000022', 3802547, '2022-11-15 05:40:50'),
	('GPY97176', 'GA907328', 'GA000092', 3427699, '2023-01-20 16:38:05'),
	('GPY97713', 'GA849834', 'GA000092', 2514076, '2022-08-18 01:53:15'),
	('GPY98013', 'GA849834', 'GA000042', 3447530, '2022-06-27 11:16:50'),
	('GPY98310', 'GA080078', 'GA000092', 608006, '2022-10-27 00:46:40'),
	('GPY99364', 'GA776743', 'GA000092', 6153976, '2022-11-26 16:56:41'),
	('GPY99735', 'GA858591', 'GA000092', 2923708, '2022-09-20 13:04:00');


-- Dumping database structure for dbcustomer
CREATE DATABASE IF NOT EXISTS `dbcustomer` /*!40100 DEFAULT CHARACTER SET utf8mb4 COLLATE utf8mb4_0900_ai_ci */ /*!80016 DEFAULT ENCRYPTION='N' */;
USE `dbcustomer`;

-- Dumping structure for procedure dbcustomer.spGetCustomerByCustId
DELIMITER //
CREATE PROCEDURE `spGetCustomerByCustId`(
	IN `parametercustid` VARCHAR(20)
)
BEGIN
	SELECT * FROM customer WHERE cust_id = parametercustid;
END//
DELIMITER ;

-- Dumping structure for procedure dbcustomer.spGetCustomerByEmail
DELIMITER //
CREATE PROCEDURE `spGetCustomerByEmail`(
	IN `parameteremail` TEXT
)
BEGIN
	SELECT * FROM customer WHERE email = parameteremail;
END//
DELIMITER ;

-- Dumping structure for procedure dbcustomer.spGetLatestCustomer
DELIMITER //
CREATE PROCEDURE `spGetLatestCustomer`()
BEGIN
SELECT * FROM customer ORDER BY cust_id DESC LIMIT 1;
END//
DELIMITER ;

-- Dumping structure for table dbcustomer.customer
CREATE TABLE IF NOT EXISTS `customer` (
  `cust_id` varchar(10) NOT NULL,
  `cust_name` varchar(20) NOT NULL,
  `first_name` varchar(10) NOT NULL,
  `last_name` varchar(20) NOT NULL,
  `email` varchar(40) NOT NULL,
  `password` varchar(20) NOT NULL,
  `phone` varchar(20) NOT NULL,
  `country` varchar(30) CHARACTER SET utf8mb4 COLLATE utf8mb4_0900_ai_ci DEFAULT NULL,
  `city` varchar(30) CHARACTER SET utf8mb4 COLLATE utf8mb4_0900_ai_ci DEFAULT NULL,
  `address` varchar(30) CHARACTER SET utf8mb4 COLLATE utf8mb4_0900_ai_ci DEFAULT NULL,
  `gopay_id` varchar(10) CHARACTER SET utf8mb4 COLLATE utf8mb4_0900_ai_ci DEFAULT NULL,
  `bni_id` varchar(10) CHARACTER SET utf8mb4 COLLATE utf8mb4_0900_ai_ci DEFAULT NULL,
  PRIMARY KEY (`cust_id`),
  KEY `FK_customer_dbbankgopay.gopay_account` (`gopay_id`),
  KEY `FK_customer_dbbankbni.bni_account` (`bni_id`),
  CONSTRAINT `FK_customer_dbbankbni.bni_account` FOREIGN KEY (`bni_id`) REFERENCES `dbbankbni`.`bni_account` (`account_id`),
  CONSTRAINT `FK_customer_dbbankgopay.gopay_account` FOREIGN KEY (`gopay_id`) REFERENCES `dbbankgopay`.`gopay_account` (`account_id`)
) ENGINE=InnoDB DEFAULT CHARSET=utf8mb4 COLLATE=utf8mb4_0900_ai_ci;

-- Dumping data for table dbcustomer.customer: ~100 rows (approximately)
DELETE FROM `customer`;
INSERT INTO `customer` (`cust_id`, `cust_name`, `first_name`, `last_name`, `email`, `password`, `phone`, `country`, `city`, `address`, `gopay_id`, `bni_id`) VALUES
	('CT002026', 'Douglas Tweedlie', 'Douglas', 'Tweedlie', 'dtweedlie18@unc.edu', 'ZFCtdYEehy2M', '878-818-4417', 'Indonesia', 'KABUPATEN LABUHAN BATU SELATAN', '82 8th Junction', 'GA469547', 'BA699960\r'),
	('CT017401', 'Tyne McGeachy', 'Tyne', 'McGeachy', 'tmcgeachy2p@businessinsider.com', 'fN7r8QhRoU', '307-825-1127', 'Indonesia', 'KOTA SUNGAI PENUH', '29092 Pennsylvania Crossing', 'GA543016', 'BA900297\r'),
	('CT018895', 'Morse McSperron', 'Morse', 'McSperron', 'mmcsperron2b@seesaa.net', 'ww0Si2Ehh3p', '601-992-8937', 'Indonesia', 'KABUPATEN ROKAN HILIR', '25 Fremont Junction', 'GA767940', 'BA853393\r'),
	('CT041554', 'Brod Oak', 'Brod', 'Oak', 'boak25@parallels.com', '1sSlv8XQvoz', '289-643-0596', 'Indonesia', 'KABUPATEN INDRAGIRI HILIR', '29 Sutteridge Way', 'GA794148', 'BA922105\r'),
	('CT044984', 'Harold Andriolli', 'Harold', 'Andriolli', 'handriollih@pen.io', 'NwaVsmrwv4', '699-175-3955', 'Indonesia', 'KABUPATEN PIDIE JAYA', '259 Homewood Drive', 'GA271184', 'BA963535\r'),
	('CT057905', 'Zollie Timperley', 'Zollie', 'Timperley', 'ztimperleyf@unesco.org', 'SxdDYwXZDJ', '292-853-6085', 'Indonesia', 'KABUPATEN ACEH JAYA', '91 Union Plaza', 'GA835367', 'BA978171\r'),
	('CT057935', 'Harold Devonshire', 'Harold', 'Devonshire', 'hdevonshire2m@fotki.com', 'TByk34T', '521-539-4075', 'Indonesia', 'KABUPATEN TEBO', '9461 Rutledge Crossing', 'GA331661', 'BA806035\r'),
	('CT058064', 'Johny Duckit', 'Johny', 'Duckit', 'jduckit1z@buzzfeed.com', 'RwayvjqKX1C', '131-863-5473', 'Indonesia', 'KOTA PADANG PANJANG', '184 Fair Oaks Pass', 'GA594221', 'BA732577\r'),
	('CT084553', 'Les Sandeman', 'Les', 'Sandeman', 'lsandeman1f@cpanel.net', 'jMvJ2uY73eVe', '618-727-1437', 'Indonesia', 'KOTA TEBING TINGGI', '842 Lighthouse Bay Road', 'GA889711', 'BA844705\r'),
	('CT091686', 'Fidelia Lavery', 'Fidelia', 'Lavery', 'flavery16@123-reg.co.uk', 'lPW1ggqA', '152-111-9996', 'Indonesia', 'KABUPATEN PADANG LAWAS UTARA', '84 Rigney Road', 'GA789181', 'BA231383\r'),
	('CT106978', 'Amelina Lyford', 'Amelina', 'Lyford', 'alyford1o@yellowpages.com', 'oqSKjX1', '687-960-8399', 'Indonesia', 'KABUPATEN TANAH DATAR', '39 Doe Crossing Pass', 'GA230679', 'BA318068\r'),
	('CT124325', 'Eduardo Guitt', 'Eduardo', 'Guitt', 'eguittx@oakley.com', 'ujEd0rVgc5M', '274-669-7404', 'Indonesia', 'KABUPATEN KARO', '701 Forest Hill', 'GA960331', 'BA843477\r'),
	('CT133675', 'Lisette Carrack', 'Lisette', 'Carrack', 'lcarrack1d@canalblog.com', 'K2sAt8fc', '473-857-9718', 'Indonesia', 'KOTA TANJUNG BALAI', '5222 Maywood Pass', 'GA781257', 'BA869694\r'),
	('CT140834', 'Phedra Wadley', 'Phedra', 'Wadley', 'pwadley1q@technorati.com', 'goDO32jDHg1', '361-392-6610', 'Indonesia', 'KABUPATEN AGAM', '7 Kipling Trail', 'GA021413', 'BA420449\r'),
	('CT146976', 'Ayn Tague', 'Ayn', 'Tague', 'atague10@msu.edu', 'VrWI5bJ', '972-309-5764', 'Indonesia', 'KABUPATEN NIAS SELATAN', '7 Oriole Crossing', 'GA383705', 'BA122638\r'),
	('CT153309', 'Tobye Stockney', 'Tobye', 'Stockney', 'tstockney28@cam.ac.uk', 'c2MEeSvBfRu', '736-651-4902', 'Indonesia', 'KABUPATEN KAMPAR', '67 Darwin Street', 'GA827406', 'BA196447\r'),
	('CT153648', 'Robinett Canon', 'Robinett', 'Canon', 'rcanon5@apple.com', 'PkkWTz9xcjBy', '443-665-4758', 'Indonesia', 'KABUPATEN ACEH TENGAH', '46598 Burning Wood Street', 'GA039871', 'BA117756\r'),
	('CT159666', 'Luke Simondson', 'Luke', 'Simondson', 'lsimondson1m@boston.com', 'rJauhDM', '188-360-3084', 'Indonesia', 'KABUPATEN SOLOK', '290 Mayer Junction', 'GA408947', 'BA650967\r'),
	('CT176558', 'Zacharie Liquorish', 'Zacharie', 'Liquorish', 'zliquorish1k@netlog.com', 'DbRKHZqW', '594-944-2921', 'Indonesia', 'KABUPATEN KEPULAUAN MENTAWAI', '606 Crescent Oaks Street', 'GA080078', 'BA878845\r'),
	('CT197967', 'Antonio Gladwin', 'Antonio', 'Gladwin', 'agladwinp@stanford.edu', 'IHDGyxoP15lJ', '707-171-6333', 'Indonesia', 'KABUPATEN TAPANULI SELATAN', '030 Golf Trail', 'GA281725', 'BA875350\r'),
	('CT200995', 'Horatia Anscott', 'Horatia', 'Anscott', 'hanscott2c@google.co.uk', 'blNtS0', '878-237-6192', 'Indonesia', 'KABUPATEN KEPULAUAN MERANTI', '349 Swallow Court', 'GA479995', 'BA842961\r'),
	('CT205086', 'Alma Sponder', 'Alma', 'Sponder', 'asponder12@howstuffworks.com', 'DhmdFDMe', '120-454-5300', 'Indonesia', 'KABUPATEN PAKPAK BHARAT', '5360 Kensington Park', 'GA499131', 'BA936862\r'),
	('CT207216', 'Angelo Burkin', 'Angelo', 'Burkin', 'aburkin1u@spiegel.de', 'FeW5JYL9', '838-506-2339', 'Indonesia', 'KABUPATEN DHARMASRAYA', '51 Troy Alley', 'GA438377', 'BA261660\r'),
	('CT216589', 'Kippy Meyer', 'Kippy', 'Meyer', 'kmeyer1@unblog.fr', 'm7AHmU7J3', '336-561-7689', 'Indonesia', 'KABUPATEN ACEH SINGKIL', '19 Dwight Circle', 'GA726928', 'BA926654\r'),
	('CT217412', 'Fairlie Hubbocks', 'Fairlie', 'Hubbocks', 'fhubbocks2@cargocollective.com', 'hbn8KVwP', '711-749-3304', 'Indonesia', 'KABUPATEN ACEH SELATAN', '9851 Spenser Junction', 'GA015509', 'BA031731\r'),
	('CT219723', 'Dorotea Cortes', 'Dorotea', 'Cortes', 'dcortesj@linkedin.com', 'STrPx9O', '534-868-1638', 'Indonesia', 'KOTA SABANG', '1 Haas Junction', 'GA812046', 'BA851171\r'),
	('CT232291', 'Marilin Carverhill', 'Marilin', 'Carverhill', 'mcarverhilld@people.com.cn', 'kI3JSZsh8c', '145-341-6375', 'Indonesia', 'KABUPATEN ACEH TAMIANG', '3 Bonner Lane', 'GA684884', 'BA854735\r'),
	('CT241320', 'Jeffie Shrimpling', 'Jeffie', 'Shrimpling', 'jshrimpling2a@soup.io', '9FLLIPbTb', '916-877-2258', 'Indonesia', 'KABUPATEN BENGKALIS', '2 Main Terrace', 'GA374080', 'BA596802\r'),
	('CT276034', 'Alyssa Vost', 'Alyssa', 'Vost', 'avost1s@nba.com', 'hwIc0L', '572-712-4870', 'Indonesia', 'KABUPATEN PASAMAN', '9710 Miller Park', 'GA789343', 'BA503921\r'),
	('CT287501', 'Jesus Fletcher', 'Jesus', 'Fletcher', 'jfletcher1a@domainmarket.com', 'JeMRDWc', '601-549-0255', 'Indonesia', 'KABUPATEN NIAS UTARA', '216 School Street', 'GA092427', 'BA137868\r'),
	('CT307718', 'Janeta Goare', 'Janeta', 'Goare', 'jgoare21@cdc.gov', '3Wljzm', '868-284-1413', 'Indonesia', 'KOTA PAYAKUMBUH', '33 Rowland Point', 'GA906327', 'BA389100\r'),
	('CT321738', 'Rozanna Hatherley', 'Rozanna', 'Hatherley', 'rhatherleyk@npr.org', 'RtxkmEssbbhU', '963-304-7824', 'Indonesia', 'KOTA LANGSA', '7440 Browning Court', 'GA384839', 'BA489887\r'),
	('CT335033', 'Aggie Delamere', 'Aggie', 'Delamere', 'adelamere3@dedecms.com', '3A8vZD', '501-104-0856', 'Indonesia', 'KABUPATEN ACEH TENGGARA', '016 Merry Way', 'GA787836', 'BA348853\r'),
	('CT336162', 'Audy Pearcy', 'Audy', 'Pearcy', 'apearcy19@bluehost.com', 'pq4z7vCst', '527-549-4063', 'Indonesia', 'KABUPATEN LABUHAN BATU UTARA', '99331 Brentwood Drive', 'GA106874', 'BA010810\r'),
	('CT338072', 'Smith Oddie', 'Smith', 'Oddie', 'soddieb@nba.com', 's9GRuAZ', '878-694-7471', 'Indonesia', 'KABUPATEN ACEH BARAT DAYA', '3034 Monument Crossing', 'GA886860', 'BA734948\r'),
	('CT338133', 'Hi Orgel', 'Hi', 'Orgel', 'horgel26@wordpress.com', 'Ns4hhIK', '137-110-9678', 'Indonesia', 'KABUPATEN PELALAWAN', '6207 Briar Crest Drive', 'GA747491', 'BA090070\r'),
	('CT341751', 'Junina Junkinson', 'Junina', 'Junkinson', 'jjunkinson20@indiegogo.com', 'NDBJv1pF', '847-488-6718', 'Indonesia', 'KOTA BUKITTINGGI', '9 North Parkway', 'GA904925', 'BA037473\r'),
	('CT361836', 'Vicki Fawdry', 'Vicki', 'Fawdry', 'vfawdryv@hugedomains.com', 'lTRXuhDL', '839-712-9043', 'Indonesia', 'KABUPATEN SIMALUNGUN', '05 Annamark Crossing', 'GA321988', 'BA387596\r'),
	('CT365166', 'Vivi Tweedie', 'Vivi', 'Tweedie', 'vtweedie2n@live.com', 'cD30l7', '805-793-5142', 'Indonesia', 'KABUPATEN BUNGO', '688 Rowland Circle', 'GA273595', 'BA736174\r'),
	('CT365819', 'Willey Kingett', 'Willey', 'Kingett', 'wkingett1h@whitehouse.gov', 'fjZgiUBLFc', '573-897-7725', 'Indonesia', 'KOTA BINJAI', '03171 Daystar Alley', 'GA911745', 'BA500351\r'),
	('CT368224', 'Dorena Thamelt', 'Dorena', 'Thamelt', 'dthamelt2j@goo.gl', 'fvxBiIEK', '881-655-4817', 'Indonesia', 'KABUPATEN MUARO JAMBI', '488 Hoepker Parkway', 'GA526965', 'BA822232\r'),
	('CT395048', 'Jackquelin Glancy', 'Jackquelin', 'Glancy', 'jglancyt@nasa.gov', 'SWcXIwlYGb', '528-627-2356', 'Indonesia', 'KABUPATEN LABUHAN BATU', '02 Superior Lane', 'GA953558', 'BA332339\r'),
	('CT408374', 'Derry Carlucci', 'Derry', 'Carlucci', 'dcarlucciw@51.la', 'mkDbx3BmR', '278-188-7820', 'Indonesia', 'KABUPATEN DAIRI', '4732 Katie Hill', 'GA029148', 'BA816689\r'),
	('CT413066', 'Candida Chastaing', 'Candida', 'Chastaing', 'cchastaing1w@archive.org', 'eu2SRvgCS', '311-463-5379', 'Indonesia', 'KOTA PADANG', '1 Burrows Crossing', 'GA492247', 'BA630206\r'),
	('CT417103', 'Adrian Please', 'Adrian', 'Please', 'apleasei@behance.net', '9ATJcPl2OfLh', '216-916-5656', 'Indonesia', 'KOTA BANDA ACEH', '8055 Lakeland Parkway', 'GA858591', 'BA079291\r'),
	('CT437060', 'Manuel Chalcroft', 'Manuel', 'Chalcroft', 'mchalcroft1e@mashable.com', 'SJgl3GiBPd', '792-469-1264', 'Indonesia', 'KOTA PEMATANG SIANTAR', '9 Monterey Way', 'GA331380', 'BA452183\r'),
	('CT444004', 'Alma Hedney', 'Alma', 'Hedney', 'ahedney2d@bandcamp.com', 'K8FYXHMg', '980-963-6080', 'Indonesia', 'KOTA PEKANBARU', '531 Red Cloud Court', 'GA425023', 'BA574290\r'),
	('CT447944', 'Tim McKeever', 'Tim', 'McKeever', 'tmckeever9@disqus.com', 'lEo5cDJa', '946-992-7076', 'Indonesia', 'KABUPATEN BIREUEN', '26 Northwestern Park', 'GA526304', 'BA458178\r'),
	('CT460639', 'Clare Degnen', 'Clare', 'Degnen', 'cdegnen1v@simplemachines.org', 'cU8rWj8x', '725-870-1165', 'Indonesia', 'KABUPATEN PASAMAN BARAT', '5 Claremont Crossing', 'GA355391', 'BA131076\r'),
	('CT482887', 'Vidovic McLanaghan', 'Vidovic', 'McLanaghan', 'vmclanaghanu@addthis.com', 'FrG632npwTp', '714-710-6214', 'Indonesia', 'KABUPATEN ASAHAN', '1084 Sutherland Drive', 'GA178077', 'BA134807\r'),
	('CT484892', 'Celina Clowley', 'Celina', 'Clowley', 'cclowley2f@wikipedia.org', 'xHLygGu', '298-477-6554', 'Indonesia', 'KABUPATEN KERINCI', '2 Reindahl Way', 'GA505719', 'BA844885\r'),
	('CT487659', 'Ive Biesinger', 'Ive', 'Biesinger', 'ibiesinger27@sphinn.com', 'ezifZ7GRIPJB', '923-953-3820', 'Indonesia', 'KABUPATEN S I A K', '50 Bowman Circle', 'GA081643', 'BA026623\r'),
	('CT487961', 'Olivero Pestell', 'Olivero', 'Pestell', 'opestell1l@netscape.com', 'EAIVbzhA', '265-207-9725', 'Indonesia', 'KABUPATEN PESISIR SELATAN', '52534 Blackbird Drive', 'GA767462', 'BA013647\r'),
	('CT498493', 'Terrijo Dallicoat', 'Terrijo', 'Dallicoat', 'tdallicoat24@bandcamp.com', 'GznUcl', '801-673-1393', 'Indonesia', 'KABUPATEN INDRAGIRI HULU', '049 Elmside Trail', 'GA931173', 'BA388220\r'),
	('CT499467', 'Babbie Webbe', 'Babbie', 'Webbe', 'bwebbe15@sfgate.com', '7FpKXK75d', '799-239-9523', 'Indonesia', 'KABUPATEN BATU BARA', '501 Arkansas Way', 'GA406949', 'BA142660\r'),
	('CT505704', 'Ronnie Jimeno', 'Ronnie', 'Jimeno', 'rjimeno2k@clickbank.net', 'Mq11g6l', '789-460-5871', 'Indonesia', 'KABUPATEN TANJUNG JABUNG TIMUR', '33513 Clove Point', 'GA985697', 'BA607299\r'),
	('CT513358', 'Elsy Huggett', 'Elsy', 'Huggett', 'ehuggett1g@gmpg.org', 'bLo4RMA4c', '341-779-2046', 'Indonesia', 'KOTA MEDAN', '23 Reinke Pass', 'GA905834', 'BA035220\r'),
	('CT514389', 'Sisely Nunnerley', 'Sisely', 'Nunnerley', 'snunnerley0@nih.gov', 'vdrO3uIxsJC', '924-451-4037', 'Indonesia', 'KABUPATEN SIMEULUE', '51968 Hudson Place', 'GA849834', 'BA909126\r'),
	('CT590459', 'Gradey Grabiec', 'Gradey', 'Grabiec', 'ggrabiec1j@newyorker.com', 'B9bAi3yXx', '372-144-1116', 'Indonesia', 'KOTA GUNUNGSITOLI', '29 Lillian Street', 'GA041933', 'BA593162\r'),
	('CT595257', 'Colette Filchagin', 'Colette', 'Filchagin', 'cfilchagin2l@gov.uk', 'KxgbND', '305-973-4505', 'Indonesia', 'KABUPATEN TANJUNG JABUNG BARAT', '79 Morning Road', 'GA167701', 'BA633233\r'),
	('CT600025', 'Pip Gladman', 'Pip', 'Gladman', 'pgladman1b@google.nl', 'kXSSRJzzyttd', '367-790-2636', 'Indonesia', 'KABUPATEN NIAS BARAT', '30 Stephen Street', 'GA433767', 'BA257521\r'),
	('CT602067', 'Brandise Boatman', 'Brandise', 'Boatman', 'bboatmana@bizjournals.com', 'MnbMrWtjQa', '951-687-4535', 'Indonesia', 'KABUPATEN ACEH UTARA', '9715 Blaine Terrace', 'GA586800', 'BA495354\r'),
	('CT630093', 'Euell Igo', 'Euell', 'Igo', 'eigol@zimbio.com', 'cbAFysLFO', '436-903-3717', 'Indonesia', 'KOTA LHOKSEUMAWE', '33 Southridge Trail', 'GA572720', 'BA571574\r'),
	('CT652747', 'Thomasa Romanet', 'Thomasa', 'Romanet', 'tromanetn@ebay.com', 'OWUcHt', '816-855-4732', 'Indonesia', 'KABUPATEN NIAS', '8 Kings Parkway', 'GA563322', 'BA706636\r'),
	('CT653859', 'Myrtice MacParland', 'Myrtice', 'MacParland', 'mmacparlandq@jugem.jp', 'vSovK6', '274-285-4177', 'Indonesia', 'KABUPATEN TAPANULI TENGAH', '72 Killdeer Plaza', 'GA661783', 'BA713014\r'),
	('CT658935', 'Sindee Chadwell', 'Sindee', 'Chadwell', 'schadwell14@cyberchimps.com', 'wtOMpi1JUou', '733-820-9770', 'Indonesia', 'KABUPATEN SERDANG BEDAGAI', '54 Chive Junction', 'GA776743', 'BA235195\r'),
	('CT688603', 'Chicky Flattman', 'Chicky', 'Flattman', 'cflattman1r@about.me', 'DmNbnyUakTgJ', '858-965-7784', 'Indonesia', 'KABUPATEN LIMA PULUH KOTA', '9 Eastlawn Trail', 'GA523362', 'BA039470\r'),
	('CT692261', 'Anestassia Realy', 'Anestassia', 'Realy', 'arealyz@mediafire.com', 'BwziEYbRX', '434-615-4509', 'Indonesia', 'KABUPATEN LANGKAT', '3770 Packers Drive', 'GA796336', 'BA038410\r'),
	('CT716089', 'Theadora Qusklay', 'Theadora', 'Qusklay', 'tqusklayo@theatlantic.com', '8m3X8iwap', '977-802-0912', 'Indonesia', 'KABUPATEN MANDAILING NATAL', '59815 3rd Way', 'GA274382', 'BA496269\r'),
	('CT727229', 'Agustin Impleton', 'Agustin', 'Impleton', 'aimpleton6@prnewswire.com', '1QjbVKhDZd', '203-722-1663', 'Indonesia', 'KABUPATEN ACEH BARAT', '46 Kipling Junction', 'GA185533', 'BA417271\r'),
	('CT731466', 'Ewell Siley', 'Ewell', 'Siley', 'esileym@trellian.com', 'NzQATjGSwz4u', '825-419-7873', 'Indonesia', 'KOTA SUBULUSSALAM', '80863 Sugar Way', 'GA293343', 'BA985908\r'),
	('CT744478', 'Raynell Trudgion', 'Raynell', 'Trudgion', 'rtrudgion1y@pen.io', '0FOVMEVh8Q', '567-463-4838', 'Indonesia', 'KOTA SAWAH LUNTO', '9 Jenna Park', 'GA073556', 'BA454368\r'),
	('CT755571', 'Nicolina Balharry', 'Nicolina', 'Balharry', 'nbalharry29@jalbum.net', 'EeGtD3pgJ0R', '438-213-4345', 'Indonesia', 'KABUPATEN ROKAN HULU', '355 Karstens Alley', 'GA896744', 'BA093183\r'),
	('CT768855', 'Zita Ghiriardelli', 'Zita', 'Ghiriardelli', 'zghiriardelli2o@ehow.com', 'GXN4uBq', '999-753-2624', 'Indonesia', 'KOTA JAMBI', '570 Novick Terrace', 'GA067071', 'BA036682\r'),
	('CT768955', 'Rudie Dikels', 'Rudie', 'Dikels', 'rdikelsc@mapy.cz', 'PwXeTiFUUtwl', '493-482-0576', 'Indonesia', 'KABUPATEN GAYO LUES', '7 Dixon Pass', 'GA621692', 'BA300230\r'),
	('CT776323', 'Michelina Rintoul', 'Michelina', 'Rintoul', 'mrintoul2r@imageshack.us', 'ZbZ3IU', '478-816-2580', 'Indonesia', 'KABUPATEN OGAN KOMERING ILIR', '761 Crownhardt Crossing', 'GA716786', 'BA938478'),
	('CT786904', 'Norry Mushrow', 'Norry', 'Mushrow', 'nmushrow11@goo.ne.jp', 'Rs0vWq', '370-959-3471', 'Indonesia', 'KABUPATEN HUMBANG HASUNDUTAN', '24870 Ramsey Hill', 'GA970926', 'BA411792\r'),
	('CT798121', 'Zsazsa Millbank', 'Zsazsa', 'Millbank', 'zmillbank8@ezinearticles.com', 'eDW4Gr8', '855-659-9899', 'Indonesia', 'KABUPATEN PIDIE', '39 Caliangt Alley', 'GA379300', 'BA585132\r'),
	('CT813581', 'Tudor Large', 'Tudor', 'Large', 'tlarge23@businessinsider.com', 'Mali2dC1', '284-543-9529', 'Indonesia', 'KABUPATEN KUANTAN SINGINGI', '69335 Brickson Park Point', 'GA429014', 'BA969884\r'),
	('CT815958', 'Vlad Eydel', 'Vlad', 'Eydel', 'veydel2q@constantcontact.com', 'i58BZidF6', '309-137-8946', 'Indonesia', 'KABUPATEN OGAN KOMERING ULU', '75492 Graedel Parkway', 'GA666893', 'BA758929\r'),
	('CT816479', 'Allyson Cottu', 'Allyson', 'Cottu', 'acottu17@amazon.co.jp', 'VmtX5v', '622-392-5885', 'Indonesia', 'KABUPATEN PADANG LAWAS', '01 Clyde Gallagher Park', 'GA982168', 'BA647257\r'),
	('CT832228', 'Natassia Camock', 'Natassia', 'Camock', 'ncamock4@shareasale.com', 'MBNO4Lj', '927-608-3763', 'Indonesia', 'KABUPATEN ACEH TIMUR', '72 Crownhardt Drive', 'GA134184', 'BA570495\r'),
	('CT841001', 'Dell Lambard', 'Dell', 'Lambard', 'dlambard1t@fema.gov', 'nIC5Wh3', '131-977-6364', 'Indonesia', 'KABUPATEN SOLOK SELATAN', '87151 Gale Court', 'GA655198', 'BA385455\r'),
	('CT848660', 'Sergio Drews', 'Sergio', 'Drews', 'sdrews13@webmd.com', 'IZXEhgR', '455-659-6742', 'Indonesia', 'KABUPATEN SAMOSIR', '65 Crownhardt Junction', 'GA595735', 'BA429920\r'),
	('CT854110', 'Vaughan Crates', 'Vaughan', 'Crates', 'vcratese@spotify.com', 'BKfMXLH', '564-818-2576', 'Indonesia', 'KABUPATEN NAGAN RAYA', '9506 Bultman Circle', 'GA226485', 'BA522736\r'),
	('CT869535', 'Renaldo Peeke', 'Renaldo', 'Peeke', 'rpeeke2e@examiner.com', 'jChaSXiBgQIc', '436-846-8667', 'Indonesia', 'KOTA D U M A I', '1864 Spenser Hill', 'GA907328', 'BA297836\r'),
	('CT871838', 'Hersch Ferrario', 'Hersch', 'Ferrario', 'hferrario2h@clickbank.net', 'quSOuzjDO6j', '312-511-1954', 'Indonesia', 'KABUPATEN SAROLANGUN', '109 Vernon Pass', 'GA303379', 'BA796698\r'),
	('CT874237', 'Adriena Ciccetti', 'Adriena', 'Ciccetti', 'aciccettiy@whitehouse.gov', '9alN5Qc', '874-903-3979', 'Indonesia', 'KABUPATEN DELI SERDANG', '9 Kedzie Junction', 'GA577686', 'BA495615\r'),
	('CT883825', 'Lin Padly', 'Lin', 'Padly', 'lpadly1x@fda.gov', 'f7hImN', '342-263-9508', 'Indonesia', 'KOTA SOLOK', '12475 Carioca Circle', 'GA413738', 'BA113821\r'),
	('CT884530', 'Dalia Cunah', 'Dalia', 'Cunah', 'dcunah7@illinois.edu', '7kGDbpPPDGll', '376-403-4395', 'Indonesia', 'KABUPATEN ACEH BESAR', '554 Dorton Way', 'GA332511', 'BA314474\r'),
	('CT917607', 'Darrelle Hamlen', 'Darrelle', 'Hamlen', 'dhamlen1p@java.com', 'ikisIlv', '704-735-6425', 'Indonesia', 'KABUPATEN PADANG PARIAMAN', '70651 Hagan Alley', 'GA572831', 'BA025693\r'),
	('CT929318', 'Maureen Ivankov', 'Maureen', 'Ivankov', 'mivankov1n@theguardian.com', 'iRoiqHkZzT', '234-858-0968', 'Indonesia', 'KABUPATEN SIJUNJUNG', '01239 Schiller Place', 'GA223287', 'BA048750\r'),
	('CT934132', 'Sheppard Meysham', 'Sheppard', 'Meysham', 'smeysham22@etsy.com', '9s51Wa6Pfx', '649-426-9035', 'Indonesia', 'KOTA PARIAMAN', '56676 Sugar Park', 'GA974220', 'BA066434\r'),
	('CT948394', 'Wells Reeson', 'Wells', 'Reeson', 'wreeson2i@amazon.co.uk', 'h44fCGHQXQj', '777-913-8562', 'Indonesia', 'KABUPATEN BATANG HARI', '5 Sutherland Crossing', 'GA954422', 'BA782086\r'),
	('CT954122', 'Dot Unsworth', 'Dot', 'Unsworth', 'dunsworth1c@merriam-webster.com', 'jWqa40T2bh52', '494-476-6968', 'Indonesia', 'KOTA SIBOLGA', '97 Myrtle Center', 'GA069931', 'BA087460\r'),
	('CT958846', 'Philippe Ebben', 'Philippe', 'Ebben', 'pebbenr@myspace.com', 'w1h4Vd', '626-837-1351', 'Indonesia', 'KABUPATEN TAPANULI UTARA', '395 Lukken Lane', 'GA472668', 'BA734420\r'),
	('CT960439', 'Carlee Casotti', 'Carlee', 'Casotti', 'ccasotti1i@tripod.com', 'VDngZqXIY0', '766-174-6250', 'Indonesia', 'KOTA PADANGSIDIMPUAN', '17760 Commercial Park', 'GA203862', 'BA891726\r'),
	('CT979936', 'Magnum Delos', 'Magnum', 'Delos', 'mdelosg@stumbleupon.com', 'd7UPjA50qjk', '214-890-4689', 'Indonesia', 'KABUPATEN BENER MERIAH', '616 Bobwhite Plaza', 'GA896935', 'BA408658\r'),
	('CT999001', 'Callida Broomfield', 'Callida', 'Broomfield', 'cbroomfield2g@acquirethisname.com', 'FQmtvptc', '915-850-6606', 'Indonesia', 'KABUPATEN MERANGIN', '547 Hintze Avenue', 'GA230858', 'BA276655\r'),
	('CT999828', 'Bartram Furmston', 'Bartram', 'Furmston', 'bfurmstons@seesaa.net', 'pLBvG3O', '273-330-4131', 'Indonesia', 'KABUPATEN TOBA SAMOSIR', '88131 Sheridan Circle', 'GA650022', 'BA486241\r');


-- Dumping database structure for dbecommerce
CREATE DATABASE IF NOT EXISTS `dbecommerce` /*!40100 DEFAULT CHARACTER SET utf8mb4 COLLATE utf8mb4_0900_ai_ci */ /*!80016 DEFAULT ENCRYPTION='N' */;
USE `dbecommerce`;

-- Dumping structure for table dbecommerce.cart
CREATE TABLE IF NOT EXISTS `cart` (
  `cust_id` varchar(10) NOT NULL,
  `product_id` varchar(10) NOT NULL,
  `quantity` tinyint NOT NULL,
  PRIMARY KEY (`cust_id`,`product_id`),
  CONSTRAINT `FK_cart_dbcustomer.customer` FOREIGN KEY (`cust_id`) REFERENCES `dbcustomer`.`customer` (`cust_id`)
) ENGINE=InnoDB DEFAULT CHARSET=utf8mb4 COLLATE=utf8mb4_0900_ai_ci;

-- Dumping data for table dbecommerce.cart: ~300 rows (approximately)
DELETE FROM `cart`;
INSERT INTO `cart` (`cust_id`, `product_id`, `quantity`) VALUES
	('CT002026', 'F1757705', 1),
	('CT002026', 'F7003570', 5),
	('CT002026', 'F7964464', 2),
	('CT017401', 'C7197339', 1),
	('CT017401', 'P8388528', 3),
	('CT017401', 'P9393370', 1),
	('CT018895', 'C0194627', 3),
	('CT018895', 'F1380229', 4),
	('CT018895', 'P9298527', 2),
	('CT041554', 'C6524320', 1),
	('CT041554', 'F0056250', 2),
	('CT041554', 'F6945608', 2),
	('CT044984', 'F0056250', 1),
	('CT044984', 'P5294742', 4),
	('CT044984', 'P7447600', 4),
	('CT057905', 'C1724963', 5),
	('CT057905', 'C3127414', 5),
	('CT057905', 'F1440753', 3),
	('CT057935', 'C9362290', 3),
	('CT057935', 'P0437921', 5),
	('CT057935', 'P5801211', 3),
	('CT058064', 'C2774051', 5),
	('CT058064', 'P4188953', 3),
	('CT058064', 'P9769163', 5),
	('CT084553', 'C3127414', 1),
	('CT084553', 'C6613812', 4),
	('CT084553', 'F5098210', 1),
	('CT091686', 'C9348778', 1),
	('CT091686', 'F7850938', 1),
	('CT091686', 'P0476658', 5),
	('CT106978', 'C9353155', 3),
	('CT106978', 'F3115617', 3),
	('CT106978', 'P2555601', 1),
	('CT124325', 'C8864080', 4),
	('CT124325', 'C9379571', 1),
	('CT124325', 'P4204362', 2),
	('CT133675', 'C5811158', 1),
	('CT133675', 'C6544115', 3),
	('CT133675', 'C7898319', 1),
	('CT140834', 'F0056250', 4),
	('CT140834', 'F3902306', 5),
	('CT140834', 'F6165387', 4),
	('CT146976', 'F7890291', 1),
	('CT146976', 'P1359687', 4),
	('CT146976', 'P9855297', 2),
	('CT153309', 'C0434406', 2),
	('CT153309', 'F6877089', 5),
	('CT153309', 'P8411958', 2),
	('CT153648', 'C4309847', 5),
	('CT153648', 'F9821817', 3),
	('CT153648', 'P7447600', 1),
	('CT159666', 'C7645316', 3),
	('CT159666', 'P3114207', 5),
	('CT159666', 'P4163759', 4),
	('CT176558', 'C5685190', 1),
	('CT176558', 'F6165387', 1),
	('CT176558', 'F7393199', 1),
	('CT197967', 'C1418683', 1),
	('CT197967', 'C4309847', 1),
	('CT197967', 'F4612655', 1),
	('CT200995', 'C1147499', 2),
	('CT200995', 'F7890291', 3),
	('CT200995', 'P4812246', 4),
	('CT205086', 'C9597072', 2),
	('CT205086', 'F9258545', 5),
	('CT205086', 'P8388528', 2),
	('CT207216', 'F0965627', 3),
	('CT207216', 'F4935081', 5),
	('CT207216', 'P0568794', 3),
	('CT216589', 'C2806395', 5),
	('CT216589', 'C4300053', 3),
	('CT216589', 'C9178263', 1),
	('CT217412', 'F7393199', 3),
	('CT217412', 'P4812246', 4),
	('CT217412', 'P9527744', 2),
	('CT219723', 'C7394924', 5),
	('CT219723', 'P4204362', 3),
	('CT219723', 'P6404448', 5),
	('CT232291', 'C1974326', 2),
	('CT232291', 'C4794436', 3),
	('CT232291', 'P5294742', 4),
	('CT241320', 'C4400880', 1),
	('CT241320', 'P6404448', 4),
	('CT241320', 'P8156206', 4),
	('CT276034', 'C9340847', 2),
	('CT276034', 'F8199936', 1),
	('CT276034', 'F8362697', 5),
	('CT287501', 'C5685190', 2),
	('CT287501', 'P0744039', 3),
	('CT287501', 'P6284344', 3),
	('CT307718', 'C9597072', 5),
	('CT307718', 'P3476703', 5),
	('CT307718', 'P7260596', 5),
	('CT321738', 'C1305061', 3),
	('CT321738', 'F0285512', 1),
	('CT321738', 'F1380229', 5),
	('CT335033', 'F6619206', 3),
	('CT335033', 'P0650180', 3),
	('CT335033', 'P8140033', 3),
	('CT336162', 'C5237960', 3),
	('CT336162', 'C9178263', 1),
	('CT336162', 'P6346949', 2),
	('CT338072', 'F1939816', 3),
	('CT338072', 'P2817115', 2),
	('CT338072', 'P9741485', 5),
	('CT338133', 'C7197339', 3),
	('CT338133', 'F7451970', 5),
	('CT338133', 'P1832748', 5),
	('CT341751', 'C8864080', 5),
	('CT341751', 'F6945608', 2),
	('CT341751', 'P8388528', 2),
	('CT361836', 'C0713608', 1),
	('CT361836', 'C9340847', 2),
	('CT361836', 'P2555601', 4),
	('CT365166', 'F9145351', 1),
	('CT365166', 'F9768961', 5),
	('CT365166', 'P3039948', 4),
	('CT365819', 'C3091750', 1),
	('CT365819', 'C6524320', 1),
	('CT365819', 'F3719957', 3),
	('CT368224', 'C3115074', 2),
	('CT368224', 'F7003570', 2),
	('CT368224', 'P3039948', 1),
	('CT395048', 'C6524320', 4),
	('CT395048', 'F0470949', 5),
	('CT395048', 'P5665939', 4),
	('CT408374', 'F7532489', 1),
	('CT408374', 'P2896108', 1),
	('CT408374', 'P8411958', 2),
	('CT413066', 'C2461150', 5),
	('CT413066', 'F3623994', 1),
	('CT413066', 'F8169626', 1),
	('CT417103', 'P1409132', 3),
	('CT417103', 'P2092745', 4),
	('CT417103', 'P4948947', 1),
	('CT437060', 'C1724963', 2),
	('CT437060', 'C9348778', 2),
	('CT437060', 'P3114207', 5),
	('CT444004', 'F9546153', 2),
	('CT444004', 'P2231441', 4),
	('CT444004', 'P6284344', 5),
	('CT447944', 'C0434406', 1),
	('CT447944', 'F0285512', 1),
	('CT447944', 'P1076040', 4),
	('CT460639', 'F0643925', 4),
	('CT460639', 'P0733559', 2),
	('CT460639', 'P3039948', 2),
	('CT482887', 'F1213182', 4),
	('CT482887', 'P2555601', 5),
	('CT482887', 'P3077923', 5),
	('CT484892', 'C7113931', 1),
	('CT484892', 'P6163461', 4),
	('CT484892', 'P7212392', 5),
	('CT487659', 'F3115617', 4),
	('CT487659', 'P3389475', 4),
	('CT487659', 'P7025041', 3),
	('CT487961', 'C5683504', 2),
	('CT487961', 'F0027981', 2),
	('CT487961', 'F0056250', 4),
	('CT498493', 'C5237960', 5),
	('CT498493', 'F7963924', 4),
	('CT498493', 'P2222038', 1),
	('CT499467', 'C1410106', 1),
	('CT499467', 'C4309847', 4),
	('CT499467', 'F7098593', 4),
	('CT505704', 'F7963924', 3),
	('CT505704', 'P4204362', 1),
	('CT505704', 'P9209826', 2),
	('CT513358', 'C3115074', 1),
	('CT513358', 'F4939547', 5),
	('CT513358', 'P9195414', 2),
	('CT514389', 'C5403684', 4),
	('CT514389', 'C7022314', 3),
	('CT514389', 'P7447600', 1),
	('CT590459', 'C1417097', 2),
	('CT590459', 'C6239499', 2),
	('CT590459', 'P2648475', 3),
	('CT595257', 'C8277473', 3),
	('CT595257', 'F7887645', 5),
	('CT595257', 'P7456710', 3),
	('CT600025', 'C0713608', 1),
	('CT600025', 'C1974326', 1),
	('CT600025', 'P5792344', 4),
	('CT602067', 'C9178263', 3),
	('CT602067', 'C9802251', 1),
	('CT602067', 'F5098210', 2),
	('CT630093', 'C7603137', 5),
	('CT630093', 'P1359687', 5),
	('CT630093', 'P5431227', 3),
	('CT652747', 'P0476658', 3),
	('CT652747', 'P1289415', 5),
	('CT652747', 'P8388528', 4),
	('CT653859', 'C4400880', 5),
	('CT653859', 'P0417548', 4),
	('CT653859', 'P0885075', 1),
	('CT658935', 'F1757705', 2),
	('CT658935', 'P7025041', 1),
	('CT658935', 'P7733327', 3),
	('CT688603', 'F0608658', 1),
	('CT688603', 'F9821817', 4),
	('CT688603', 'P2555601', 1),
	('CT692261', 'F8362697', 4),
	('CT692261', 'P5801211', 5),
	('CT692261', 'P9393370', 4),
	('CT716089', 'C9348778', 1),
	('CT716089', 'F0608658', 5),
	('CT716089', 'P1889005', 2),
	('CT727229', 'C1974326', 5),
	('CT727229', 'F6877089', 1),
	('CT727229', 'P1359687', 5),
	('CT731466', 'C3115074', 5),
	('CT731466', 'F7003570', 4),
	('CT731466', 'P7447600', 4),
	('CT744478', 'C7394924', 5),
	('CT744478', 'P2648475', 4),
	('CT744478', 'P9195414', 4),
	('CT755571', 'C7013783', 2),
	('CT755571', 'C9782508', 2),
	('CT755571', 'F7098593', 1),
	('CT768855', 'C4400880', 3),
	('CT768855', 'F8199936', 4),
	('CT768855', 'P9855297', 1),
	('CT768955', 'P2395911', 5),
	('CT768955', 'P4163759', 3),
	('CT768955', 'P7312159', 1),
	('CT776323', 'C9348778', 4),
	('CT776323', 'F7100984', 5),
	('CT776323', 'P1650225', 5),
	('CT786904', 'C4309847', 2),
	('CT786904', 'F0664000', 3),
	('CT786904', 'F0965627', 3),
	('CT798121', 'C3127414', 1),
	('CT798121', 'F0343271', 4),
	('CT798121', 'P0650180', 4),
	('CT813581', 'C7898319', 3),
	('CT813581', 'F5828744', 2),
	('CT813581', 'P0683356', 4),
	('CT815958', 'C9232974', 4),
	('CT815958', 'C9353155', 4),
	('CT815958', 'P9209826', 4),
	('CT816479', 'C8174704', 5),
	('CT816479', 'P5792344', 5),
	('CT816479', 'P6282945', 2),
	('CT832228', 'C2361926', 1),
	('CT832228', 'C8079903', 1),
	('CT832228', 'C9186907', 5),
	('CT841001', 'C3091750', 2),
	('CT841001', 'C3537063', 5),
	('CT841001', 'P2817115', 2),
	('CT848660', 'C1358259', 4),
	('CT848660', 'F3536760', 1),
	('CT848660', 'P3389475', 4),
	('CT854110', 'C9597072', 2),
	('CT854110', 'F1939816', 2),
	('CT854110', 'P1047737', 1),
	('CT869535', 'F0470949', 2),
	('CT869535', 'F7003570', 3),
	('CT869535', 'P7536663', 4),
	('CT871838', 'F7451970', 5),
	('CT871838', 'F9666558', 5),
	('CT871838', 'P2092745', 5),
	('CT874237', 'C7069298', 4),
	('CT874237', 'P7536663', 1),
	('CT874237', 'P9769163', 2),
	('CT883825', 'P0437921', 4),
	('CT883825', 'P2395911', 5),
	('CT883825', 'P9107760', 4),
	('CT884530', 'F8999931', 4),
	('CT884530', 'F9821817', 5),
	('CT884530', 'P3439668', 4),
	('CT917607', 'F4682635', 3),
	('CT917607', 'F6372360', 5),
	('CT917607', 'P6346949', 5),
	('CT929318', 'P0744039', 2),
	('CT929318', 'P7733327', 3),
	('CT929318', 'P9062377', 5),
	('CT934132', 'C1410106', 4),
	('CT934132', 'C8277473', 4),
	('CT934132', 'P4172368', 4),
	('CT948394', 'C3091750', 3),
	('CT948394', 'C7898319', 1),
	('CT948394', 'F3842409', 2),
	('CT954122', 'P2817115', 1),
	('CT954122', 'P2930660', 4),
	('CT954122', 'P9741485', 2),
	('CT958846', 'C9450793', 3),
	('CT958846', 'F1380229', 5),
	('CT958846', 'F8563635', 5),
	('CT960439', 'P5973685', 1),
	('CT960439', 'P9107760', 3),
	('CT960439', 'P9209826', 4),
	('CT979936', 'C5361543', 3),
	('CT979936', 'F7964464', 3),
	('CT979936', 'P2555601', 1),
	('CT999001', 'C9416571', 1),
	('CT999001', 'F5828744', 1),
	('CT999001', 'P2896108', 2),
	('CT999828', 'C4385093', 4),
	('CT999828', 'F3263912', 3),
	('CT999828', 'P7212392', 1);

-- Dumping structure for table dbecommerce.orders
CREATE TABLE IF NOT EXISTS `orders` (
  `order_number` varchar(10) NOT NULL,
  `cust_id` varchar(10) NOT NULL,
  `order_date` datetime NOT NULL,
  `total_payment` int DEFAULT NULL,
  PRIMARY KEY (`order_number`),
  KEY `FK_orders_dbcustomer.customer` (`cust_id`),
  CONSTRAINT `FK_orders_dbcustomer.customer` FOREIGN KEY (`cust_id`) REFERENCES `dbcustomer`.`customer` (`cust_id`)
) ENGINE=InnoDB DEFAULT CHARSET=utf8mb4 COLLATE=utf8mb4_0900_ai_ci;

-- Dumping data for table dbecommerce.orders: ~200 rows (approximately)
DELETE FROM `orders`;
INSERT INTO `orders` (`order_number`, `cust_id`, `order_date`, `total_payment`) VALUES
	('OR008032', 'CT018895', '2022-06-23 19:54:19', 3569027),
	('OR014945', 'CT058064', '2023-01-15 01:17:42', 1862629),
	('OR016846', 'CT948394', '2023-04-08 00:38:15', 4674894),
	('OR023439', 'CT999828', '2022-12-22 13:52:42', 3801806),
	('OR028572', 'CT146976', '2022-10-26 23:15:11', 5390354),
	('OR046745', 'CT744478', '2022-08-12 18:54:53', 3938465),
	('OR049601', 'CT460639', '2022-11-20 16:21:26', 5307542),
	('OR050456', 'CT207216', '2023-05-17 15:17:28', 799562),
	('OR058013', 'CT106978', '2022-08-26 05:44:59', 4173503),
	('OR061638', 'CT140834', '2023-03-31 06:19:35', 4335630),
	('OR074955', 'CT368224', '2023-04-03 12:13:40', 989615),
	('OR077887', 'CT776323', '2023-03-04 02:44:05', 4767409),
	('OR083225', 'CT960439', '2022-07-30 15:10:36', 6017531),
	('OR096235', 'CT874237', '2022-07-26 22:12:00', 8078962),
	('OR115575', 'CT365819', '2022-08-25 01:19:42', 4911268),
	('OR124844', 'CT338072', '2023-04-06 02:26:40', 6651571),
	('OR127047', 'CT335033', '2023-01-06 07:56:03', 2822002),
	('OR132953', 'CT653859', '2023-04-10 06:00:53', 7195491),
	('OR133210', 'CT091686', '2022-09-13 17:26:36', 4363342),
	('OR137529', 'CT197967', '2022-11-04 00:05:00', 1855627),
	('OR138403', 'CT153309', '2022-12-19 16:57:44', 5168495),
	('OR156832', 'CT979936', '2023-02-27 13:02:52', 5506679),
	('OR161777', 'CT498493', '2023-04-14 15:37:46', 4836472),
	('OR163921', 'CT176558', '2022-10-26 00:46:40', 593006),
	('OR168862', 'CT658935', '2022-11-25 16:56:41', 6091976),
	('OR172674', 'CT786904', '2022-12-10 19:08:58', 4102976),
	('OR182851', 'CT276034', '2023-05-11 08:50:42', 3970270),
	('OR186975', 'CT336162', '2022-12-02 05:21:43', 2576820),
	('OR189444', 'CT595257', '2023-01-10 20:26:29', 2782798),
	('OR194554', 'CT287501', '2023-03-22 05:36:18', 5979624),
	('OR197358', 'CT413066', '2023-05-08 16:47:08', 7361808),
	('OR197828', 'CT841001', '2023-03-09 23:34:38', 3912070),
	('OR198529', 'CT124325', '2023-02-18 14:03:42', 2323993),
	('OR211246', 'CT341751', '2022-08-24 20:58:44', 7012821),
	('OR220875', 'CT176558', '2023-01-28 07:33:41', 896108),
	('OR226616', 'CT361836', '2023-04-03 10:15:13', 3150975),
	('OR229077', 'CT044984', '2022-11-02 23:22:10', 1520474),
	('OR233183', 'CT140834', '2023-04-18 20:49:31', 4403333),
	('OR233731', 'CT958846', '2022-11-16 18:03:00', 1706254),
	('OR237580', 'CT484892', '2022-10-29 09:31:00', 3881789),
	('OR239488', 'CT602067', '2022-12-27 08:17:50', 8141168),
	('OR241762', 'CT505704', '2023-03-07 13:09:38', 3477015),
	('OR248868', 'CT874237', '2023-04-04 01:02:28', 4129928),
	('OR256346', 'CT417103', '2023-02-14 02:23:49', 1247076),
	('OR265433', 'CT361836', '2023-03-09 01:38:50', 2451113),
	('OR272570', 'CT018895', '2023-04-03 18:28:40', 7100359),
	('OR290221', 'CT216589', '2023-03-30 03:32:13', 6606251),
	('OR293355', 'CT692261', '2022-09-18 23:24:40', 1848524),
	('OR296922', 'CT815958', '2023-02-26 07:41:57', 3537281),
	('OR306040', 'CT395048', '2023-05-23 21:14:26', 1740318),
	('OR307375', 'CT883825', '2023-04-22 06:39:59', 4806705),
	('OR310145', 'CT999001', '2022-08-20 03:51:15', 7337261),
	('OR311796', 'CT017401', '2023-01-16 09:24:23', 4679378),
	('OR317201', 'CT813581', '2023-02-20 00:36:24', 2362272),
	('OR329745', 'CT408374', '2023-04-18 05:07:00', 4408739),
	('OR346204', 'CT057935', '2022-06-23 12:19:09', 6879173),
	('OR346258', 'CT727229', '2023-04-06 23:03:50', 6164492),
	('OR347751', 'CT417103', '2022-09-19 13:04:00', 2884708),
	('OR359184', 'CT200995', '2023-02-06 19:53:01', 1927560),
	('OR362206', 'CT482887', '2023-02-05 12:34:20', 1502663),
	('OR373543', 'CT513358', '2022-07-19 13:18:29', 2798622),
	('OR375749', 'CT057905', '2023-02-25 10:07:53', 3681851),
	('OR376731', 'CT219723', '2022-11-05 18:07:11', 5461881),
	('OR379618', 'CT241320', '2022-12-15 23:57:51', 5565964),
	('OR380551', 'CT321738', '2022-08-27 03:18:39', 4867600),
	('OR383060', 'CT216589', '2023-05-21 10:43:42', 4046403),
	('OR383251', 'CT002026', '2022-10-03 18:04:29', 4899332),
	('OR392080', 'CT595257', '2023-03-06 10:52:08', 2604108),
	('OR392997', 'CT917607', '2022-07-07 16:47:12', 2667657),
	('OR393671', 'CT934132', '2022-12-03 23:26:22', 6933096),
	('OR393877', 'CT002026', '2022-07-14 21:56:06', 2213096),
	('OR395436', 'CT999828', '2023-01-19 17:50:42', 4246458),
	('OR395541', 'CT854110', '2022-10-28 08:04:56', 3512697),
	('OR406119', 'CT408374', '2022-06-24 00:55:51', 3122894),
	('OR410657', 'CT487659', '2023-02-07 18:00:17', 4697526),
	('OR415828', 'CT768955', '2022-07-25 18:19:25', 4474178),
	('OR436505', 'CT929318', '2023-05-11 20:31:45', 6865547),
	('OR451329', 'CT365819', '2022-06-16 00:08:30', 4524630),
	('OR452975', 'CT499467', '2022-10-22 15:25:36', 1752922),
	('OR453293', 'CT217412', '2022-12-21 14:15:26', 3695722),
	('OR454342', 'CT979936', '2023-04-19 10:31:11', 3356132),
	('OR462202', 'CT487659', '2022-10-28 05:33:29', 2226330),
	('OR464032', 'CT692261', '2022-09-14 04:31:58', 3543252),
	('OR464321', 'CT884530', '2023-04-06 12:38:30', 2315632),
	('OR465825', 'CT731466', '2022-10-26 17:38:58', 5630828),
	('OR468149', 'CT232291', '2022-12-02 04:45:49', 3825555),
	('OR475203', 'CT338133', '2022-07-12 16:16:14', 2753807),
	('OR479116', 'CT630093', '2022-10-14 01:04:51', 1593968),
	('OR484601', 'CT653859', '2022-08-02 07:46:21', 4417075),
	('OR490580', 'CT219723', '2022-08-23 14:48:53', 4285772),
	('OR498621', 'CT197967', '2022-08-15 18:30:20', 4688329),
	('OR499531', 'CT058064', '2022-11-24 21:16:43', 4146461),
	('OR499578', 'CT498493', '2022-11-14 05:40:50', 3702547),
	('OR504354', 'CT084553', '2022-06-13 09:43:57', 8927098),
	('OR506273', 'CT159666', '2022-06-25 19:25:52', 6757587),
	('OR506341', 'CT884530', '2023-03-11 20:07:24', 4772587),
	('OR506863', 'CT688603', '2023-03-23 03:51:52', 2065468),
	('OR513296', 'CT205086', '2023-03-11 07:54:44', 3055516),
	('OR515356', 'CT786904', '2022-06-01 02:29:10', 6472488),
	('OR523191', 'CT744478', '2022-12-27 20:07:34', 2882854),
	('OR524864', 'CT513358', '2023-05-24 02:21:23', 1547103),
	('OR526467', 'CT133675', '2023-04-09 10:55:07', 2678376),
	('OR531851', 'CT341751', '2022-11-05 12:09:44', 8669380),
	('OR548374', 'CT091686', '2022-06-17 10:15:10', 5855205),
	('OR550139', 'CT287501', '2022-12-30 00:48:54', 2744030),
	('OR554218', 'CT447944', '2022-10-28 07:38:52', 3920961),
	('OR554503', 'CT832228', '2023-05-23 11:20:43', 2448823),
	('OR563106', 'CT276034', '2022-11-04 18:45:53', 3778066),
	('OR563430', 'CT044984', '2023-03-16 15:12:48', 6080288),
	('OR569179', 'CT057905', '2022-09-30 09:30:52', 2553657),
	('OR572037', 'CT600025', '2022-12-08 04:35:40', 4190369),
	('OR574586', 'CT514389', '2022-08-17 01:53:15', 2458076),
	('OR577839', 'CT816479', '2023-01-12 00:24:19', 4686436),
	('OR578927', 'CT954122', '2022-06-18 06:36:50', 2807909),
	('OR587495', 'CT832228', '2023-01-29 01:18:10', 5333387),
	('OR590630', 'CT437060', '2023-02-20 06:19:31', 960005),
	('OR593381', 'CT869535', '2023-01-19 16:38:05', 3352699),
	('OR594108', 'CT153648', '2023-01-25 13:49:19', 4606342),
	('OR594551', 'CT798121', '2023-04-01 22:58:31', 4876163),
	('OR612359', 'CT727229', '2023-02-08 06:01:37', 5794135),
	('OR622343', 'CT241320', '2023-02-20 04:06:08', 2771288),
	('OR622789', 'CT159666', '2022-11-09 09:25:08', 1105689),
	('OR623797', 'CT929318', '2023-03-24 23:36:50', 2393205),
	('OR627188', 'CT768955', '2022-08-18 18:55:02', 4206095),
	('OR633284', 'CT321738', '2022-08-30 05:18:11', 1644584),
	('OR637257', 'CT841001', '2022-09-21 09:42:49', 4933917),
	('OR639850', 'CT848660', '2022-08-16 06:14:21', 5830196),
	('OR640243', 'CT482887', '2023-02-08 05:44:37', 6301453),
	('OR649785', 'CT368224', '2023-05-21 22:43:08', 4558122),
	('OR653457', 'CT499467', '2022-06-29 09:22:18', 5548886),
	('OR657319', 'CT798121', '2022-12-27 14:30:24', 4096899),
	('OR667351', 'CT948394', '2023-02-08 14:17:37', 3846178),
	('OR669740', 'CT883825', '2022-06-20 14:19:38', 1075859),
	('OR672537', 'CT934132', '2022-09-05 22:44:52', 3157490),
	('OR673787', 'CT447944', '2023-03-14 14:07:58', 9126901),
	('OR675569', 'CT338072', '2023-04-22 09:10:04', 6392947),
	('OR676164', 'CT041554', '2022-06-21 08:17:49', 622747),
	('OR694356', 'CT816479', '2023-04-21 04:24:02', 5588470),
	('OR699625', 'CT146976', '2022-07-27 12:39:28', 2315447),
	('OR703195', 'CT336162', '2023-02-01 11:22:08', 2437146),
	('OR714494', 'CT600025', '2022-08-28 18:48:37', 5541519),
	('OR720762', 'CT017401', '2022-06-28 00:06:25', 3969522),
	('OR733661', 'CT848660', '2022-10-10 03:36:58', 3141359),
	('OR734456', 'CT917607', '2022-11-04 23:08:26', 5075214),
	('OR749461', 'CT768855', '2022-06-02 14:15:00', 1398698),
	('OR757525', 'CT487961', '2023-01-07 14:57:06', 4875856),
	('OR761481', 'CT307718', '2022-07-20 12:01:33', 6339166),
	('OR768835', 'CT106978', '2022-09-09 11:37:37', 1037258),
	('OR769156', 'CT768855', '2022-11-29 20:44:00', 4414826),
	('OR774053', 'CT335033', '2022-10-13 22:03:56', 4010807),
	('OR778442', 'CT815958', '2022-07-10 21:54:06', 5877086),
	('OR781784', 'CT460639', '2022-09-19 11:58:32', 2556813),
	('OR788811', 'CT958846', '2022-06-02 21:41:58', 3050081),
	('OR790572', 'CT207216', '2022-06-03 06:20:44', 4026951),
	('OR792837', 'CT954122', '2023-02-02 06:12:49', 1803338),
	('OR793836', 'CT041554', '2023-03-03 11:58:43', 1520453),
	('OR796145', 'CT731466', '2022-07-25 20:50:23', 2205414),
	('OR798292', 'CT755571', '2022-12-10 02:44:05', 3244441),
	('OR803640', 'CT413066', '2022-07-21 11:25:18', 7498764),
	('OR805538', 'CT514389', '2022-06-26 11:16:50', 3406530),
	('OR833917', 'CT999001', '2022-12-21 14:05:51', 3224628),
	('OR838902', 'CT232291', '2022-11-16 22:04:32', 5870895),
	('OR840903', 'CT200995', '2022-10-28 05:43:52', 2901949),
	('OR854213', 'CT205086', '2023-05-20 05:57:58', 3437160),
	('OR865667', 'CT084553', '2023-02-12 10:17:25', 2454829),
	('OR867546', 'CT658935', '2023-03-11 06:54:30', 11971080),
	('OR870147', 'CT590459', '2022-09-18 05:05:00', 3444033),
	('OR870326', 'CT365166', '2023-04-09 09:46:08', 6709951),
	('OR874075', 'CT716089', '2023-03-03 04:14:19', 1166413),
	('OR874888', 'CT444004', '2022-09-03 18:35:10', 4053179),
	('OR877995', 'CT153648', '2023-03-08 23:19:05', 1696560),
	('OR880394', 'CT688603', '2023-01-14 11:53:01', 5809960),
	('OR896115', 'CT487961', '2022-11-14 07:12:17', 5776691),
	('OR896893', 'CT716089', '2023-02-13 07:46:53', 4824759),
	('OR901401', 'CT484892', '2022-05-28 09:20:57', 987937),
	('OR903023', 'CT590459', '2022-08-23 11:29:26', 1950274),
	('OR907492', 'CT602067', '2022-09-26 11:15:58', 4347562),
	('OR912532', 'CT630093', '2023-01-28 21:30:46', 985580),
	('OR923123', 'CT960439', '2022-10-26 01:44:01', 1644352),
	('OR926845', 'CT307718', '2022-09-19 12:35:07', 5966370),
	('OR933037', 'CT652747', '2022-10-06 08:35:37', 2283880),
	('OR936492', 'CT133675', '2022-10-09 14:46:20', 4770242),
	('OR949912', 'CT153309', '2022-08-10 21:46:58', 2240594),
	('OR952015', 'CT338133', '2022-09-04 06:59:48', 2644599),
	('OR959589', 'CT813581', '2022-06-01 16:34:05', 4652979),
	('OR962607', 'CT395048', '2023-02-10 13:31:23', 4212588),
	('OR962617', 'CT871838', '2022-10-19 06:14:51', 2755383),
	('OR963727', 'CT505704', '2022-07-11 16:29:40', 5251188),
	('OR964331', 'CT869535', '2022-09-21 14:03:33', 5647598),
	('OR965828', 'CT437060', '2022-09-24 06:55:15', 1989085),
	('OR970764', 'CT124325', '2022-12-02 23:07:54', 6669007),
	('OR977243', 'CT776323', '2022-11-13 07:44:13', 7738952),
	('OR979048', 'CT854110', '2022-06-10 20:29:30', 4625083),
	('OR981380', 'CT057935', '2022-12-07 05:54:39', 3211312),
	('OR989577', 'CT444004', '2022-11-13 05:10:29', 5509206),
	('OR991948', 'CT652747', '2022-07-20 01:10:17', 4493324),
	('OR993305', 'CT365166', '2022-09-28 13:22:28', 3269014),
	('OR994432', 'CT217412', '2022-08-09 17:40:40', 5056628),
	('OR996621', 'CT755571', '2023-01-10 12:36:33', 3738225),
	('OR999917', 'CT871838', '2023-02-26 08:40:00', 7865654);

-- Dumping structure for table dbecommerce.order_details
CREATE TABLE IF NOT EXISTS `order_details` (
  `order_number` varchar(10) NOT NULL,
  `product_id` varchar(10) NOT NULL,
  `quantity` tinyint NOT NULL,
  `total_price` int DEFAULT NULL,
  PRIMARY KEY (`order_number`,`product_id`),
  KEY `FK_order_details_dbsellerzalya.product_fashion` (`product_id`),
  CONSTRAINT `FK_order_details_dbsellereffe.product_perfume` FOREIGN KEY (`product_id`) REFERENCES `dbsellereffe`.`product_perfume` (`product_id`),
  CONSTRAINT `FK_order_details_dbsellerlumiere.product_cosmetic` FOREIGN KEY (`product_id`) REFERENCES `dbsellerlumiere`.`product_cosmetic` (`product_id`),
  CONSTRAINT `FK_order_details_dbsellerzalya.product_fashion` FOREIGN KEY (`product_id`) REFERENCES `dbsellerzalya`.`product_fashion` (`product_id`),
  CONSTRAINT `FK_order_details_orders` FOREIGN KEY (`order_number`) REFERENCES `orders` (`order_number`)
) ENGINE=InnoDB DEFAULT CHARSET=utf8mb4 COLLATE=utf8mb4_0900_ai_ci;

-- Dumping data for table dbecommerce.order_details: ~500 rows (approximately)
DELETE FROM `order_details`;
INSERT INTO `order_details` (`order_number`, `product_id`, `quantity`, `total_price`) VALUES
	('OR008032', 'C5403684', 3, 2815479),
	('OR008032', 'F3074413', 2, 753548),
	('OR014945', 'C9503884', 1, 549988),
	('OR014945', 'F6612840', 2, 931014),
	('OR014945', 'P1409132', 1, 381627),
	('OR016846', 'C7190080', 3, 2185068),
	('OR016846', 'F2156098', 5, 2331885),
	('OR016846', 'P5431227', 1, 157941),
	('OR023439', 'C6713384', 2, 1896358),
	('OR023439', 'F4612655', 2, 907484),
	('OR023439', 'P4153377', 4, 997964),
	('OR028572', 'C9232974', 5, 2472955),
	('OR028572', 'F9519340', 3, 2731284),
	('OR028572', 'P3679279', 1, 186115),
	('OR046745', 'C1929374', 3, 2428833),
	('OR046745', 'F3388932', 2, 1509632),
	('OR049601', 'C9133220', 2, 687056),
	('OR049601', 'F3115617', 4, 3356692),
	('OR049601', 'P0467798', 2, 1263794),
	('OR050456', 'C2286737', 2, 109242),
	('OR050456', 'F0343271', 1, 690320),
	('OR058013', 'C6239499', 3, 2798805),
	('OR058013', 'F4535223', 2, 208646),
	('OR058013', 'P7025041', 2, 1166052),
	('OR061638', 'C7069298', 3, 2130615),
	('OR061638', 'F8199936', 3, 2205015),
	('OR074955', 'C7440803', 1, 708696),
	('OR074955', 'F4827313', 1, 280919),
	('OR077887', 'C5765456', 1, 635294),
	('OR077887', 'F7451970', 5, 4132115),
	('OR083225', 'C1059791', 3, 1607973),
	('OR083225', 'F0664000', 5, 572370),
	('OR083225', 'P9595005', 4, 3837188),
	('OR096235', 'C7645316', 5, 4650350),
	('OR096235', 'F7098593', 2, 819296),
	('OR096235', 'P3036521', 4, 2609316),
	('OR115575', 'C7603137', 4, 2088796),
	('OR115575', 'F3842409', 2, 1972022),
	('OR115575', 'P6872047', 5, 850450),
	('OR124844', 'C5151886', 4, 3857776),
	('OR124844', 'F4939547', 5, 2793795),
	('OR127047', 'C1147499', 4, 1323400),
	('OR127047', 'F6165387', 3, 1498602),
	('OR132953', 'C0194627', 4, 3567316),
	('OR132953', 'F7003570', 5, 3628175),
	('OR133210', 'C7898395', 2, 1479240),
	('OR133210', 'F1440753', 2, 1158690),
	('OR133210', 'P4172368', 4, 1725412),
	('OR137529', 'C4400880', 2, 640332),
	('OR137529', 'F6619206', 5, 1215295),
	('OR138403', 'C5575519', 3, 2401743),
	('OR138403', 'F7221836', 3, 959148),
	('OR138403', 'P0417548', 4, 1807604),
	('OR156832', 'C9123993', 1, 348554),
	('OR156832', 'F4663301', 3, 2420043),
	('OR156832', 'P2690689', 3, 2738082),
	('OR161777', 'C3127414', 5, 3548455),
	('OR161777', 'F1678275', 1, 863783),
	('OR161777', 'P8002159', 1, 424234),
	('OR163921', 'C6524320', 2, 220684),
	('OR163921', 'F7849452', 2, 303160),
	('OR163921', 'P5973685', 1, 69162),
	('OR168862', 'C9455819', 5, 3799145),
	('OR168862', 'F4713449', 3, 2292831),
	('OR172674', 'C1724963', 3, 2106456),
	('OR172674', 'F0063865', 2, 1996520),
	('OR182851', 'C5237960', 3, 1899558),
	('OR182851', 'F7890291', 4, 1224272),
	('OR182851', 'P6346949', 1, 846440),
	('OR186975', 'C7475945', 4, 593224),
	('OR186975', 'F5098210', 4, 1983596),
	('OR189444', 'C6687949', 2, 142708),
	('OR189444', 'F3482819', 5, 2640090),
	('OR194554', 'C9162549', 4, 2625944),
	('OR194554', 'F2617733', 2, 774572),
	('OR194554', 'P5294742', 4, 2579108),
	('OR197358', 'C3112772', 4, 3688512),
	('OR197358', 'F6539529', 4, 2888124),
	('OR197358', 'P8334557', 4, 785172),
	('OR197828', 'C2361926', 1, 915845),
	('OR197828', 'F9768961', 5, 2996225),
	('OR198529', 'C0434406', 5, 1567580),
	('OR198529', 'F6877089', 1, 756413),
	('OR211246', 'C2961741', 4, 3225996),
	('OR211246', 'F4470268', 5, 3786825),
	('OR220875', 'C6524320', 4, 441368),
	('OR220875', 'F7849452', 3, 454740),
	('OR226616', 'C3115074', 1, 75487),
	('OR226616', 'F3534332', 1, 691226),
	('OR226616', 'P2817115', 3, 2384262),
	('OR229077', 'C2461150', 1, 723662),
	('OR229077', 'F7963924', 1, 796812),
	('OR233183', 'C7069298', 4, 2840820),
	('OR233183', 'F8199936', 1, 735005),
	('OR233183', 'P8154805', 1, 827508),
	('OR233731', 'C7197339', 1, 459599),
	('OR233731', 'F1213182', 5, 1246655),
	('OR237580', 'C2806395', 5, 1440585),
	('OR237580', 'F8252341', 5, 699820),
	('OR237580', 'P1076040', 2, 1741384),
	('OR239488', 'C8864080', 5, 3990410),
	('OR239488', 'F4935081', 3, 535728),
	('OR239488', 'P3039948', 5, 3615030),
	('OR241762', 'C9340847', 5, 1947135),
	('OR241762', 'F0965627', 5, 1529880),
	('OR248868', 'C7645316', 4, 3720280),
	('OR248868', 'F7098593', 1, 409648),
	('OR256346', 'C2638392', 3, 804384),
	('OR256346', 'F3719957', 2, 442692),
	('OR265433', 'C3115074', 5, 377435),
	('OR265433', 'F3534332', 3, 2073678),
	('OR272570', 'C5403684', 5, 4692465),
	('OR272570', 'F3074413', 1, 376774),
	('OR272570', 'P1889005', 4, 2031120),
	('OR290221', 'C9348699', 1, 229747),
	('OR290221', 'F4122143', 4, 3816656),
	('OR290221', 'P8411958', 4, 2559848),
	('OR293355', 'C9416571', 5, 1610090),
	('OR293355', 'F2252156', 1, 238434),
	('OR296922', 'C7113931', 4, 3058824),
	('OR296922', 'F0056250', 1, 478457),
	('OR306040', 'C1410106', 1, 458786),
	('OR306040', 'F3902306', 2, 1281532),
	('OR307375', 'C4385093', 2, 198410),
	('OR307375', 'F6081062', 5, 3395195),
	('OR307375', 'P7536663', 4, 1213100),
	('OR310145', 'C8174704', 5, 3426500),
	('OR310145', 'F7811527', 2, 966856),
	('OR310145', 'P9195414', 5, 2943905),
	('OR311796', 'C9782508', 3, 730674),
	('OR311796', 'F7230204', 4, 3668976),
	('OR311796', 'P8140033', 1, 279728),
	('OR317201', 'C9353155', 4, 2045596),
	('OR317201', 'F0470949', 1, 316676),
	('OR329745', 'C1418683', 3, 1474419),
	('OR329745', 'F9601220', 4, 2934320),
	('OR346204', 'C0546744', 4, 2844848),
	('OR346204', 'F4862423', 5, 916160),
	('OR346204', 'P6695236', 5, 3118165),
	('OR346258', 'C1974326', 4, 2223512),
	('OR346258', 'F0285512', 5, 3940980),
	('OR347751', 'C2638392', 4, 1072512),
	('OR347751', 'F3719957', 4, 885384),
	('OR347751', 'P0476658', 4, 926812),
	('OR359184', 'C7394924', 3, 195414),
	('OR359184', 'F1757705', 2, 1732146),
	('OR362206', 'C5888863', 1, 946669),
	('OR362206', 'F6372360', 1, 555994),
	('OR373543', 'C1305061', 5, 626635),
	('OR373543', 'F7532489', 2, 1421776),
	('OR373543', 'P2930660', 1, 750211),
	('OR375749', 'C7194679', 5, 1327810),
	('OR375749', 'F9821817', 3, 1756971),
	('OR375749', 'P0170627', 5, 597070),
	('OR376731', 'C1417097', 3, 2498613),
	('OR376731', 'F7370848', 4, 2963268),
	('OR379618', 'C6909746', 1, 214304),
	('OR379618', 'F9258545', 5, 2392590),
	('OR379618', 'P6333195', 5, 2959070),
	('OR380551', 'C2455415', 5, 505480),
	('OR380551', 'F3243929', 5, 1240200),
	('OR380551', 'P3629995', 5, 3121920),
	('OR383060', 'C9348699', 1, 229747),
	('OR383060', 'F4122143', 4, 3816656),
	('OR383251', 'C8826431', 1, 819125),
	('OR383251', 'F1939816', 3, 1393971),
	('OR383251', 'P3389475', 3, 2686236),
	('OR392080', 'C6687949', 5, 356770),
	('OR392080', 'F3482819', 3, 1584054),
	('OR392080', 'P1359687', 2, 663284),
	('OR392997', 'C3537063', 3, 1912923),
	('OR392997', 'F7887645', 3, 754734),
	('OR393671', 'C2774051', 1, 694433),
	('OR393671', 'F3943190', 3, 1326468),
	('OR393671', 'P3543465', 5, 4912195),
	('OR393877', 'C8826431', 1, 819125),
	('OR393877', 'F1939816', 3, 1393971),
	('OR395436', 'C6713384', 4, 3792716),
	('OR395436', 'F4612655', 1, 453742),
	('OR395541', 'C5811158', 3, 1969854),
	('OR395541', 'F1515677', 1, 447331),
	('OR395541', 'P4204362', 4, 1095512),
	('OR406119', 'C1418683', 3, 1474419),
	('OR406119', 'F9601220', 1, 733580),
	('OR406119', 'P7212392', 5, 914895),
	('OR410657', 'C7022314', 4, 3664040),
	('OR410657', 'F3536760', 1, 655160),
	('OR410657', 'P4812246', 1, 378326),
	('OR415828', 'C3874683', 4, 2675448),
	('OR415828', 'F4527533', 5, 1798730),
	('OR436505', 'C6613812', 2, 581896),
	('OR436505', 'F7535636', 5, 2533935),
	('OR436505', 'P0246825', 4, 3749716),
	('OR451329', 'C7603137', 3, 1566597),
	('OR451329', 'F3842409', 3, 2958033),
	('OR452975', 'C6959259', 1, 688078),
	('OR452975', 'F3263912', 2, 1064844),
	('OR453293', 'C8079903', 2, 680522),
	('OR453293', 'F0561466', 5, 3015200),
	('OR454342', 'C9123993', 5, 1742770),
	('OR454342', 'F4663301', 2, 1613362),
	('OR462202', 'C7022314', 1, 916010),
	('OR462202', 'F3536760', 2, 1310320),
	('OR464032', 'C9416571', 4, 1288072),
	('OR464032', 'F2252156', 3, 715302),
	('OR464032', 'P4948947', 2, 1539878),
	('OR464321', 'C4794436', 2, 485460),
	('OR464321', 'F8999931', 2, 1830172),
	('OR465825', 'C9186907', 4, 2396576),
	('OR465825', 'F9864189', 4, 815964),
	('OR465825', 'P5665939', 3, 2418288),
	('OR468149', 'C8787709', 2, 1670766),
	('OR468149', 'F0643925', 3, 1693980),
	('OR468149', 'P2395911', 1, 460809),
	('OR475203', 'C1358259', 2, 404840),
	('OR475203', 'F8362697', 3, 2037339),
	('OR475203', 'P0683356', 2, 311628),
	('OR479116', 'C3945961', 5, 731265),
	('OR479116', 'F5169515', 1, 254315),
	('OR479116', 'P9393370', 2, 608388),
	('OR484601', 'C0194627', 2, 1783658),
	('OR484601', 'F7003570', 2, 1451270),
	('OR484601', 'P9769163', 3, 1182147),
	('OR490580', 'C1417097', 3, 2498613),
	('OR490580', 'F7370848', 2, 1481634),
	('OR490580', 'P2092745', 1, 305525),
	('OR498621', 'C4400880', 3, 960498),
	('OR498621', 'F6619206', 4, 972236),
	('OR498621', 'P3114207', 5, 2755595),
	('OR499531', 'C9503884', 5, 2749940),
	('OR499531', 'F6612840', 3, 1396521),
	('OR499578', 'C3127414', 4, 2838764),
	('OR499578', 'F1678275', 1, 863783),
	('OR504354', 'C3025801', 3, 1525203),
	('OR504354', 'F9061754', 5, 4866070),
	('OR504354', 'P7447600', 5, 2535825),
	('OR506273', 'C9802251', 3, 1175169),
	('OR506273', 'F9546153', 5, 3569830),
	('OR506273', 'P9298527', 4, 2012588),
	('OR506341', 'C4794436', 2, 485460),
	('OR506341', 'F8999931', 2, 1830172),
	('OR506341', 'P3439668', 5, 2456955),
	('OR506863', 'C9095620', 3, 1226586),
	('OR506863', 'F4422058', 1, 838882),
	('OR513296', 'C7013783', 2, 1331048),
	('OR513296', 'F2404604', 1, 193766),
	('OR513296', 'P1909233', 3, 1530702),
	('OR515356', 'C1724963', 5, 3510760),
	('OR515356', 'F0063865', 2, 1996520),
	('OR515356', 'P0437921', 1, 965208),
	('OR523191', 'C1929374', 2, 1619222),
	('OR523191', 'F3388932', 1, 754816),
	('OR523191', 'P5792344', 4, 508816),
	('OR524864', 'C1305061', 1, 125327),
	('OR524864', 'F7532489', 2, 1421776),
	('OR526467', 'C9597072', 4, 2092336),
	('OR526467', 'F7850938', 4, 586040),
	('OR531851', 'C2961741', 4, 3225996),
	('OR531851', 'F4470268', 4, 3029460),
	('OR531851', 'P1832748', 4, 2413924),
	('OR548374', 'C7898395', 4, 2958480),
	('OR548374', 'F1440753', 5, 2896725),
	('OR550139', 'C9162549', 3, 1969458),
	('OR550139', 'F2617733', 2, 774572),
	('OR554218', 'C3091750', 1, 262505),
	('OR554218', 'F9145351', 4, 3658456),
	('OR554503', 'C9379571', 2, 400546),
	('OR554503', 'F1380229', 3, 2048277),
	('OR563106', 'C5237960', 5, 3165930),
	('OR563106', 'F7890291', 2, 612136),
	('OR563430', 'C2461150', 2, 1447324),
	('OR563430', 'F7963924', 5, 3984060),
	('OR563430', 'P5801211', 1, 648904),
	('OR569179', 'C7194679', 3, 796686),
	('OR569179', 'F9821817', 3, 1756971),
	('OR572037', 'C7310671', 1, 975613),
	('OR572037', 'F8124688', 4, 3214756),
	('OR574586', 'C0713608', 3, 1530672),
	('OR574586', 'F0027981', 1, 927404),
	('OR577839', 'C4309847', 5, 1616680),
	('OR577839', 'F7964464', 4, 3069756),
	('OR578927', 'C5361543', 4, 777172),
	('OR578927', 'F9666558', 1, 831873),
	('OR578927', 'P3077923', 2, 1198864),
	('OR587495', 'C9379571', 3, 600819),
	('OR587495', 'F1380229', 4, 2731036),
	('OR587495', 'P8388528', 4, 2001532),
	('OR590630', 'C6544115', 3, 340485),
	('OR590630', 'F0608658', 2, 619520),
	('OR593381', 'C9450793', 2, 1909744),
	('OR593381', 'F3623994', 1, 436619),
	('OR593381', 'P8156206', 4, 1006336),
	('OR594108', 'C5683504', 3, 2028060),
	('OR594108', 'F6945608', 3, 1530810),
	('OR594108', 'P3737276', 2, 1047472),
	('OR594551', 'C5685190', 4, 427352),
	('OR594551', 'F4682635', 4, 3021108),
	('OR594551', 'P9855297', 3, 1427703),
	('OR612359', 'C1974326', 2, 1111756),
	('OR612359', 'F0285512', 3, 2364588),
	('OR612359', 'P9741485', 3, 2317791),
	('OR622343', 'C6909746', 4, 857216),
	('OR622343', 'F9258545', 4, 1914072),
	('OR622789', 'C9802251', 1, 391723),
	('OR622789', 'F9546153', 1, 713966),
	('OR623797', 'C6613812', 3, 872844),
	('OR623797', 'F7535636', 3, 1520361),
	('OR627188', 'C3874683', 1, 668862),
	('OR627188', 'F4527533', 3, 1079238),
	('OR627188', 'P2648475', 5, 2457995),
	('OR633284', 'C2455415', 4, 404384),
	('OR633284', 'F3243929', 5, 1240200),
	('OR637257', 'C2361926', 2, 1831690),
	('OR637257', 'F9768961', 5, 2996225),
	('OR637257', 'P5150613', 2, 106002),
	('OR639850', 'C7898319', 4, 3926852),
	('OR639850', 'F5828744', 4, 1903344),
	('OR640243', 'C5888863', 1, 946669),
	('OR640243', 'F6372360', 1, 555994),
	('OR640243', 'P9132381', 5, 4798790),
	('OR649785', 'C7440803', 3, 2126088),
	('OR649785', 'F4827313', 2, 561838),
	('OR649785', 'P9107760', 4, 1870196),
	('OR653457', 'C6959259', 5, 3440390),
	('OR653457', 'F3263912', 1, 532422),
	('OR653457', 'P6574178', 3, 1576074),
	('OR657319', 'C5685190', 3, 320514),
	('OR657319', 'F4682635', 5, 3776385),
	('OR667351', 'C7190080', 4, 2913424),
	('OR667351', 'F2156098', 2, 932754),
	('OR669740', 'C4385093', 4, 396820),
	('OR669740', 'F6081062', 1, 679039),
	('OR672537', 'C2774051', 2, 1388866),
	('OR672537', 'F3943190', 4, 1768624),
	('OR673787', 'C3091750', 3, 787515),
	('OR673787', 'F9145351', 5, 4573070),
	('OR673787', 'P2555601', 4, 3766316),
	('OR675569', 'C5151886', 4, 3857776),
	('OR675569', 'F4939547', 2, 1117518),
	('OR675569', 'P9209826', 3, 1417653),
	('OR676164', 'C8058755', 1, 434629),
	('OR676164', 'F8169626', 1, 188118),
	('OR694356', 'C4309847', 3, 970008),
	('OR694356', 'F7964464', 2, 1534878),
	('OR694356', 'P7211910', 4, 3083584),
	('OR699625', 'C9232974', 1, 494591),
	('OR699625', 'F9519340', 2, 1820856),
	('OR703195', 'C7475945', 1, 148306),
	('OR703195', 'F5098210', 4, 1983596),
	('OR703195', 'P2222038', 4, 305244),
	('OR714494', 'C7310671', 3, 2926839),
	('OR714494', 'F8124688', 2, 1607378),
	('OR714494', 'P4943954', 2, 1007302),
	('OR720762', 'C9782508', 5, 1217790),
	('OR720762', 'F7230204', 3, 2751732),
	('OR733661', 'C7898319', 1, 981713),
	('OR733661', 'F5828744', 3, 1427508),
	('OR733661', 'P6284344', 1, 732138),
	('OR734456', 'C3537063', 5, 3188205),
	('OR734456', 'F7887645', 3, 754734),
	('OR734456', 'P5966251', 3, 1132275),
	('OR749461', 'C7131637', 2, 464698),
	('OR749461', 'F7393199', 4, 934000),
	('OR757525', 'C9362290', 4, 3469808),
	('OR757525', 'F7275050', 2, 1406048),
	('OR761481', 'C0434930', 4, 1357616),
	('OR761481', 'F7986007', 5, 4981550),
	('OR768835', 'C6239499', 1, 932935),
	('OR768835', 'F4535223', 1, 104323),
	('OR769156', 'C7131637', 4, 929396),
	('OR769156', 'F7393199', 3, 700500),
	('OR769156', 'P7260596', 5, 2784930),
	('OR774053', 'C1147499', 4, 1323400),
	('OR774053', 'F6165387', 4, 1998136),
	('OR774053', 'P1289415', 3, 689271),
	('OR778442', 'C7113931', 2, 1529412),
	('OR778442', 'F0056250', 2, 956914),
	('OR778442', 'P9527744', 5, 3390760),
	('OR781784', 'C9133220', 5, 1717640),
	('OR781784', 'F3115617', 1, 839173),
	('OR788811', 'C7197339', 1, 459599),
	('OR788811', 'F1213182', 2, 498662),
	('OR788811', 'P6282945', 4, 2091820),
	('OR790572', 'C2286737', 5, 273105),
	('OR790572', 'F0343271', 3, 2070960),
	('OR790572', 'P7312159', 2, 1682886),
	('OR792837', 'C5361543', 5, 971465),
	('OR792837', 'F9666558', 1, 831873),
	('OR793836', 'C8058755', 2, 869258),
	('OR793836', 'F8169626', 1, 188118),
	('OR793836', 'P7712342', 1, 463077),
	('OR796145', 'C9186907', 3, 1797432),
	('OR796145', 'F9864189', 2, 407982),
	('OR798292', 'C0027291', 2, 1703730),
	('OR798292', 'F8563635', 3, 992295),
	('OR798292', 'P4188953', 1, 548416),
	('OR803640', 'C3112772', 5, 4610640),
	('OR803640', 'F6539529', 4, 2888124),
	('OR805538', 'C0713608', 1, 510224),
	('OR805538', 'F0027981', 3, 2782212),
	('OR805538', 'P0996712', 2, 114094),
	('OR833917', 'C8174704', 4, 2741200),
	('OR833917', 'F7811527', 1, 483428),
	('OR838902', 'C8787709', 5, 4176915),
	('OR838902', 'F0643925', 3, 1693980),
	('OR840903', 'C7394924', 5, 325690),
	('OR840903', 'F1757705', 2, 1732146),
	('OR840903', 'P6720006', 1, 844113),
	('OR854213', 'C7013783', 4, 2662096),
	('OR854213', 'F2404604', 4, 775064),
	('OR865667', 'C3025801', 1, 508401),
	('OR865667', 'F9061754', 2, 1946428),
	('OR867546', 'C9455819', 5, 3799145),
	('OR867546', 'F4713449', 5, 3821385),
	('OR867546', 'P7456710', 5, 4350550),
	('OR870147', 'C9348778', 1, 283060),
	('OR870147', 'F8117547', 5, 2045085),
	('OR870147', 'P6163461', 2, 1115888),
	('OR870326', 'C9178263', 5, 2964310),
	('OR870326', 'F8407147', 2, 897566),
	('OR870326', 'P0568794', 5, 2848075),
	('OR874075', 'C3001019', 1, 172879),
	('OR874075', 'F4341151', 3, 993534),
	('OR874888', 'C4300053', 5, 1261175),
	('OR874888', 'F1339400', 3, 2792004),
	('OR877995', 'C5683504', 1, 676020),
	('OR877995', 'F6945608', 2, 1020540),
	('OR880394', 'C9095620', 4, 1635448),
	('OR880394', 'F4422058', 4, 3355528),
	('OR880394', 'P0885075', 2, 818984),
	('OR896115', 'C9362290', 4, 3469808),
	('OR896115', 'F7275050', 2, 1406048),
	('OR896115', 'P9062377', 5, 900835),
	('OR896893', 'C3001019', 5, 864395),
	('OR896893', 'F4341151', 4, 1324712),
	('OR896893', 'P8460356', 4, 2635652),
	('OR901401', 'C2806395', 1, 288117),
	('OR901401', 'F8252341', 5, 699820),
	('OR903023', 'C9348778', 4, 1132240),
	('OR903023', 'F8117547', 2, 818034),
	('OR907492', 'C8864080', 5, 3990410),
	('OR907492', 'F4935081', 2, 357152),
	('OR912532', 'C3945961', 5, 731265),
	('OR912532', 'F5169515', 1, 254315),
	('OR923123', 'C1059791', 2, 1071982),
	('OR923123', 'F0664000', 5, 572370),
	('OR926845', 'C0434930', 1, 339404),
	('OR926845', 'F7986007', 4, 3985240),
	('OR926845', 'P0744039', 2, 1641726),
	('OR933037', 'C6596146', 5, 1055010),
	('OR933037', 'F7100984', 2, 1228870),
	('OR936492', 'C9597072', 3, 1569252),
	('OR936492', 'F7850938', 4, 586040),
	('OR936492', 'P2231441', 5, 2614950),
	('OR949912', 'C5575519', 2, 1601162),
	('OR949912', 'F7221836', 2, 639432),
	('OR952015', 'C1358259', 3, 607260),
	('OR952015', 'F8362697', 3, 2037339),
	('OR959589', 'C9353155', 5, 2556995),
	('OR959589', 'F0470949', 2, 633352),
	('OR959589', 'P7733327', 3, 1462632),
	('OR962607', 'C1410106', 4, 1835144),
	('OR962607', 'F3902306', 2, 1281532),
	('OR962607', 'P0650180', 4, 1095912),
	('OR962617', 'C8277473', 1, 845481),
	('OR962617', 'F8077074', 2, 1909902),
	('OR963727', 'C9340847', 4, 1557708),
	('OR963727', 'F0965627', 1, 305976),
	('OR963727', 'P1650225', 4, 3387504),
	('OR964331', 'C9450793', 5, 4774360),
	('OR964331', 'F3623994', 2, 873238),
	('OR965828', 'C6544115', 1, 113495),
	('OR965828', 'F0608658', 2, 619520),
	('OR965828', 'P2896108', 5, 1256070),
	('OR970764', 'C0434406', 5, 1567580),
	('OR970764', 'F6877089', 5, 3782065),
	('OR970764', 'P6404448', 2, 1319362),
	('OR977243', 'C5765456', 5, 3176470),
	('OR977243', 'F7451970', 4, 3305692),
	('OR977243', 'P4163759', 5, 1256790),
	('OR979048', 'C5811158', 5, 3283090),
	('OR979048', 'F1515677', 3, 1341993),
	('OR981380', 'C0546744', 4, 2844848),
	('OR981380', 'F4862423', 2, 366464),
	('OR989577', 'C4300053', 3, 756705),
	('OR989577', 'F1339400', 2, 1861336),
	('OR989577', 'P9618673', 5, 2891165),
	('OR991948', 'C6596146', 2, 422004),
	('OR991948', 'F7100984', 4, 2457740),
	('OR991948', 'P3476703', 3, 1613580),
	('OR993305', 'C9178263', 4, 2371448),
	('OR993305', 'F8407147', 2, 897566),
	('OR994432', 'C8079903', 5, 1701305),
	('OR994432', 'F0561466', 5, 3015200),
	('OR994432', 'P1047737', 1, 340123),
	('OR996621', 'C0027291', 4, 3407460),
	('OR996621', 'F8563635', 1, 330765),
	('OR999917', 'C8277473', 2, 1690962),
	('OR999917', 'F8077074', 2, 1909902),
	('OR999917', 'P0733559', 5, 4264790);

-- Dumping structure for table dbecommerce.order_per_seller
CREATE TABLE IF NOT EXISTS `order_per_seller` (
  `order_number` varchar(10) NOT NULL,
  `cust_id` varchar(10) NOT NULL,
  `seller_id` varchar(10) NOT NULL,
  `shipping_id` varchar(10) NOT NULL,
  `payment_id` varchar(10) NOT NULL,
  `payment_date` varchar(20) NOT NULL,
  `payment_amount` int NOT NULL DEFAULT '0',
  PRIMARY KEY (`order_number`,`cust_id`,`seller_id`),
  KEY `FK_order_per_seller_dbcustomer.customer` (`cust_id`),
  KEY `FK_order_per_seller_seller` (`seller_id`),
  KEY `FK_order_per_seller_shipping_detail` (`shipping_id`),
  KEY `FK_order_per_seller_payment_detail` (`payment_id`),
  CONSTRAINT `FK_order_per_seller_dbcustomer.customer` FOREIGN KEY (`cust_id`) REFERENCES `dbcustomer`.`customer` (`cust_id`),
  CONSTRAINT `FK_order_per_seller_orders` FOREIGN KEY (`order_number`) REFERENCES `orders` (`order_number`),
  CONSTRAINT `FK_order_per_seller_payment_detail` FOREIGN KEY (`payment_id`) REFERENCES `payment_detail` (`payment_id`),
  CONSTRAINT `FK_order_per_seller_seller` FOREIGN KEY (`seller_id`) REFERENCES `seller` (`seller_id`),
  CONSTRAINT `FK_order_per_seller_shipping_detail` FOREIGN KEY (`shipping_id`) REFERENCES `shipping_detail` (`shipping_id`)
) ENGINE=InnoDB DEFAULT CHARSET=utf8mb4 COLLATE=utf8mb4_0900_ai_ci;

-- Dumping data for table dbecommerce.order_per_seller: ~500 rows (approximately)
DELETE FROM `order_per_seller`;
INSERT INTO `order_per_seller` (`order_number`, `cust_id`, `seller_id`, `shipping_id`, `payment_id`, `payment_date`, `payment_amount`) VALUES
	('OR008032', 'CT018895', 'SL062109', 'SH34538', 'PY20400', '2022-06-24 19:54:19', 3617027),
	('OR008032', 'CT018895', 'SL587994', 'SH48566', 'PY19307', '2022-06-24 19:54:19', 3606527),
	('OR014945', 'CT058064', 'SL062109', 'SH94842', 'PY41625', '2023-01-16 1:17:42', 1933129),
	('OR014945', 'CT058064', 'SL587994', 'SH15579', 'PY18155', '2023-01-16 1:17:42', 1955629),
	('OR014945', 'CT058064', 'SL764418', 'SH90841', 'PY51711', '2023-01-16 1:17:42', 1894129),
	('OR016846', 'CT948394', 'SL062109', 'SH25483', 'PY68737', '2023-04-09 0:38:15', 4687894),
	('OR016846', 'CT948394', 'SL587994', 'SH18928', 'PY96662', '2023-04-09 0:38:15', 4687894),
	('OR016846', 'CT948394', 'SL764418', 'SH20742', 'PY14030', '2023-04-09 0:38:15', 4680894),
	('OR023439', 'CT999828', 'SL062109', 'SH68311', 'PY72658', '2022-12-23 13:52:42', 3891806),
	('OR023439', 'CT999828', 'SL587994', 'SH43093', 'PY38524', '2022-12-23 13:52:42', 3826806),
	('OR023439', 'CT999828', 'SL764418', 'SH51364', 'PY00737', '2022-12-23 13:52:42', 3826806),
	('OR028572', 'CT146976', 'SL062109', 'SH91752', 'PY16790', '2022-10-27 23:15:11', 5455354),
	('OR028572', 'CT146976', 'SL587994', 'SH13673', 'PY74064', '2022-10-27 23:15:11', 5487354),
	('OR028572', 'CT146976', 'SL764418', 'SH14493', 'PY48680', '2022-10-27 23:15:11', 5455354),
	('OR046745', 'CT744478', 'SL062109', 'SH32017', 'PY49820', '2022-08-13 18:54:53', 4024465),
	('OR046745', 'CT744478', 'SL587994', 'SH20045', 'PY44660', '2022-08-13 18:54:53', 4024465),
	('OR049601', 'CT460639', 'SL062109', 'SH45224', 'PY72701', '2022-11-21 16:21:26', 5436542),
	('OR049601', 'CT460639', 'SL587994', 'SH52368', 'PY56518', '2022-11-21 16:21:26', 5318042),
	('OR049601', 'CT460639', 'SL764418', 'SH24819', 'PY32544', '2022-11-21 16:21:26', 5436542),
	('OR050456', 'CT207216', 'SL062109', 'SH93760', 'PY78458', '2023-05-18 15:17:28', 819562),
	('OR050456', 'CT207216', 'SL587994', 'SH79900', 'PY58088', '2023-05-18 15:17:28', 819562),
	('OR058013', 'CT106978', 'SL062109', 'SH40342', 'PY77544', '2022-08-27 5:44:59', 4206503),
	('OR058013', 'CT106978', 'SL587994', 'SH25729', 'PY44391', '2022-08-27 5:44:59', 4267503),
	('OR058013', 'CT106978', 'SL764418', 'SH14160', 'PY66363', '2022-08-27 5:44:59', 4206503),
	('OR061638', 'CT140834', 'SL062109', 'SH40977', 'PY20754', '2023-04-01 6:19:35', 4370630),
	('OR061638', 'CT140834', 'SL587994', 'SH22447', 'PY63054', '2023-04-01 6:19:35', 4347630),
	('OR074955', 'CT368224', 'SL062109', 'SH08343', 'PY95161', '2023-04-04 12:13:40', 1051115),
	('OR074955', 'CT368224', 'SL587994', 'SH71702', 'PY36884', '2023-04-04 12:13:40', 1007615),
	('OR077887', 'CT776323', 'SL062109', 'SH96968', 'PY97515', '2023-03-05 2:44:05', 4845409),
	('OR077887', 'CT776323', 'SL587994', 'SH03066', 'PY65404', '2023-03-05 2:44:05', 4779409),
	('OR083225', 'CT960439', 'SL062109', 'SH40148', 'PY38654', '2022-07-31 15:10:36', 6091531),
	('OR083225', 'CT960439', 'SL587994', 'SH45270', 'PY49173', '2022-07-31 15:10:36', 6086531),
	('OR083225', 'CT960439', 'SL764418', 'SH36182', 'PY29303', '2022-07-31 15:10:36', 6086531),
	('OR096235', 'CT874237', 'SL062109', 'SH47905', 'PY38240', '2022-07-27 22:12:00', 8175962),
	('OR096235', 'CT874237', 'SL587994', 'SH19652', 'PY48288', '2022-07-27 22:12:00', 8160962),
	('OR096235', 'CT874237', 'SL764418', 'SH28232', 'PY81341', '2022-07-27 22:12:00', 8175962),
	('OR115575', 'CT365819', 'SL062109', 'SH57250', 'PY24100', '2022-08-26 1:19:42', 4933768),
	('OR115575', 'CT365819', 'SL587994', 'SH59989', 'PY08268', '2022-08-26 1:19:42', 4933768),
	('OR115575', 'CT365819', 'SL764418', 'SH56809', 'PY82272', '2022-08-26 1:19:42', 5052268),
	('OR124844', 'CT338072', 'SL062109', 'SH50208', 'PY11149', '2023-04-07 2:26:40', 6722071),
	('OR124844', 'CT338072', 'SL587994', 'SH50472', 'PY33115', '2023-04-07 2:26:40', 6722071),
	('OR127047', 'CT335033', 'SL062109', 'SH80922', 'PY68876', '2023-01-07 7:56:03', 2931502),
	('OR127047', 'CT335033', 'SL587994', 'SH60101', 'PY54088', '2023-01-07 7:56:03', 2931502),
	('OR132953', 'CT653859', 'SL062109', 'SH39260', 'PY00021', '2023-04-11 6:00:53', 7203491),
	('OR132953', 'CT653859', 'SL587994', 'SH95483', 'PY66127', '2023-04-11 6:00:53', 7203491),
	('OR133210', 'CT091686', 'SL062109', 'SH66803', 'PY59198', '2022-09-14 17:26:36', 4391342),
	('OR133210', 'CT091686', 'SL587994', 'SH56999', 'PY26109', '2022-09-14 17:26:36', 4391342),
	('OR133210', 'CT091686', 'SL764418', 'SH77367', 'PY88694', '2022-09-14 17:26:36', 4411342),
	('OR137529', 'CT197967', 'SL062109', 'SH62067', 'PY72619', '2022-11-05 0:05:00', 1917127),
	('OR137529', 'CT197967', 'SL587994', 'SH52992', 'PY10081', '2022-11-05 0:05:00', 1917127),
	('OR138403', 'CT153309', 'SL062109', 'SH64146', 'PY68865', '2022-12-20 16:57:44', 5239495),
	('OR138403', 'CT153309', 'SL587994', 'SH43834', 'PY29183', '2022-12-20 16:57:44', 5239495),
	('OR138403', 'CT153309', 'SL764418', 'SH84391', 'PY78627', '2022-12-20 16:57:44', 5212495),
	('OR156832', 'CT979936', 'SL062109', 'SH05969', 'PY04288', '2023-02-28 13:02:52', 5577679),
	('OR156832', 'CT979936', 'SL587994', 'SH94185', 'PY00662', '2023-02-28 13:02:52', 5557679),
	('OR156832', 'CT979936', 'SL764418', 'SH74665', 'PY08122', '2023-02-28 13:02:52', 5557679),
	('OR161777', 'CT498493', 'SL062109', 'SH81210', 'PY87088', '2023-04-15 15:37:46', 4914472),
	('OR161777', 'CT498493', 'SL587994', 'SH32919', 'PY76519', '2023-04-15 15:37:46', 4919472),
	('OR161777', 'CT498493', 'SL764418', 'SH66128', 'PY18525', '2023-04-15 15:37:46', 4936472),
	('OR163921', 'CT176558', 'SL062109', 'SH34800', 'PY49630', '2022-10-27 0:46:40', 614006),
	('OR163921', 'CT176558', 'SL587994', 'SH93802', 'PY98310', '2022-10-27 0:46:40', 608006),
	('OR163921', 'CT176558', 'SL764418', 'SH00837', 'PY94075', '2022-10-27 0:46:40', 631006),
	('OR168862', 'CT658935', 'SL062109', 'SH84860', 'PY15575', '2022-11-26 16:56:41', 6126976),
	('OR168862', 'CT658935', 'SL587994', 'SH91567', 'PY99364', '2022-11-26 16:56:41', 6153976),
	('OR172674', 'CT786904', 'SL062109', 'SH28581', 'PY06084', '2022-12-11 19:08:58', 4206476),
	('OR172674', 'CT786904', 'SL587994', 'SH98354', 'PY18692', '2022-12-11 19:08:58', 4206476),
	('OR182851', 'CT276034', 'SL062109', 'SH03537', 'PY05098', '2023-05-12 8:50:42', 4011270),
	('OR182851', 'CT276034', 'SL587994', 'SH84899', 'PY14011', '2023-05-12 8:50:42', 4024270),
	('OR182851', 'CT276034', 'SL764418', 'SH48111', 'PY51466', '2023-05-12 8:50:42', 4011270),
	('OR186975', 'CT336162', 'SL062109', 'SH41821', 'PY96762', '2022-12-03 5:21:43', 2720820),
	('OR186975', 'CT336162', 'SL587994', 'SH32801', 'PY02648', '2022-12-03 5:21:43', 2720820),
	('OR189444', 'CT595257', 'SL062109', 'SH76842', 'PY92569', '2023-01-11 20:26:29', 2877298),
	('OR189444', 'CT595257', 'SL587994', 'SH66531', 'PY37031', '2023-01-11 20:26:29', 2809798),
	('OR194554', 'CT287501', 'SL062109', 'SH56901', 'PY33577', '2023-03-23 5:36:18', 6079624),
	('OR194554', 'CT287501', 'SL587994', 'SH18058', 'PY27081', '2023-03-23 5:36:18', 6035624),
	('OR194554', 'CT287501', 'SL764418', 'SH97058', 'PY58309', '2023-03-23 5:36:18', 5998624),
	('OR197358', 'CT413066', 'SL062109', 'SH66900', 'PY94194', '2023-05-09 16:47:08', 7385808),
	('OR197358', 'CT413066', 'SL587994', 'SH30808', 'PY78799', '2023-05-09 16:47:08', 7450808),
	('OR197358', 'CT413066', 'SL764418', 'SH90674', 'PY46055', '2023-05-09 16:47:08', 7385808),
	('OR197828', 'CT841001', 'SL062109', 'SH04405', 'PY87609', '2023-03-10 23:34:38', 3969070),
	('OR197828', 'CT841001', 'SL587994', 'SH09785', 'PY03025', '2023-03-10 23:34:38', 4060570),
	('OR198529', 'CT124325', 'SL062109', 'SH53542', 'PY73125', '2023-02-19 14:03:42', 2379493),
	('OR198529', 'CT124325', 'SL587994', 'SH67178', 'PY88869', '2023-02-19 14:03:42', 2466493),
	('OR211246', 'CT341751', 'SL062109', 'SH65088', 'PY09374', '2022-08-25 20:58:44', 7107821),
	('OR211246', 'CT341751', 'SL587994', 'SH56715', 'PY89519', '2022-08-25 20:58:44', 7049821),
	('OR220875', 'CT176558', 'SL062109', 'SH26040', 'PY75654', '2023-01-29 7:33:41', 917108),
	('OR220875', 'CT176558', 'SL587994', 'SH10324', 'PY38172', '2023-01-29 7:33:41', 911108),
	('OR226616', 'CT361836', 'SL062109', 'SH97779', 'PY09535', '2023-04-04 10:15:13', 3203475),
	('OR226616', 'CT361836', 'SL587994', 'SH73716', 'PY66249', '2023-04-04 10:15:13', 3203475),
	('OR226616', 'CT361836', 'SL764418', 'SH72642', 'PY65945', '2023-04-04 10:15:13', 3186975),
	('OR229077', 'CT044984', 'SL062109', 'SH98747', 'PY90658', '2022-11-03 23:22:10', 1598474),
	('OR229077', 'CT044984', 'SL587994', 'SH05001', 'PY44540', '2022-11-03 23:22:10', 1535474),
	('OR233183', 'CT140834', 'SL062109', 'SH42413', 'PY55305', '2023-04-19 20:49:31', 4415333),
	('OR233183', 'CT140834', 'SL587994', 'SH93306', 'PY50563', '2023-04-19 20:49:31', 4438333),
	('OR233183', 'CT140834', 'SL764418', 'SH82688', 'PY89336', '2023-04-19 20:49:31', 4438333),
	('OR233731', 'CT958846', 'SL062109', 'SH84560', 'PY09353', '2022-11-17 18:03:00', 1851754),
	('OR233731', 'CT958846', 'SL587994', 'SH15780', 'PY55795', '2022-11-17 18:03:00', 1817254),
	('OR237580', 'CT484892', 'SL062109', 'SH30172', 'PY47407', '2022-10-30 9:31:00', 3962789),
	('OR237580', 'CT484892', 'SL587994', 'SH07771', 'PY34100', '2022-10-30 9:31:00', 3944789),
	('OR237580', 'CT484892', 'SL764418', 'SH87196', 'PY49988', '2022-10-30 9:31:00', 3962789),
	('OR239488', 'CT602067', 'SL062109', 'SH32095', 'PY42119', '2022-12-28 8:17:50', 8216168),
	('OR239488', 'CT602067', 'SL587994', 'SH41940', 'PY74191', '2022-12-28 8:17:50', 8165168),
	('OR239488', 'CT602067', 'SL764418', 'SH86854', 'PY06302', '2022-12-28 8:17:50', 8216168),
	('OR241762', 'CT505704', 'SL062109', 'SH45737', 'PY46703', '2023-03-08 13:09:38', 3508015),
	('OR241762', 'CT505704', 'SL587994', 'SH22032', 'PY44476', '2023-03-08 13:09:38', 3508015),
	('OR248868', 'CT874237', 'SL062109', 'SH27344', 'PY49569', '2023-04-05 1:02:28', 4226928),
	('OR248868', 'CT874237', 'SL587994', 'SH60620', 'PY25591', '2023-04-05 1:02:28', 4226928),
	('OR256346', 'CT417103', 'SL062109', 'SH41435', 'PY44570', '2023-02-15 2:23:49', 1312076),
	('OR256346', 'CT417103', 'SL587994', 'SH65742', 'PY17938', '2023-02-15 2:23:49', 1312076),
	('OR265433', 'CT361836', 'SL062109', 'SH37450', 'PY29059', '2023-03-10 1:38:50', 2503613),
	('OR265433', 'CT361836', 'SL587994', 'SH66203', 'PY20921', '2023-03-10 1:38:50', 2500613),
	('OR272570', 'CT018895', 'SL062109', 'SH55139', 'PY04562', '2023-04-04 18:28:40', 7137859),
	('OR272570', 'CT018895', 'SL587994', 'SH54624', 'PY56932', '2023-04-04 18:28:40', 7223359),
	('OR272570', 'CT018895', 'SL764418', 'SH27686', 'PY00442', '2023-04-04 18:28:40', 7223359),
	('OR290221', 'CT216589', 'SL062109', 'SH20344', 'PY36448', '2023-03-31 3:32:13', 6669251),
	('OR290221', 'CT216589', 'SL587994', 'SH68899', 'PY99104', '2023-03-31 3:32:13', 6700751),
	('OR290221', 'CT216589', 'SL764418', 'SH48940', 'PY05235', '2023-03-31 3:32:13', 6669251),
	('OR293355', 'CT692261', 'SL062109', 'SH88219', 'PY25409', '2022-09-19 23:24:40', 1917524),
	('OR293355', 'CT692261', 'SL587994', 'SH16803', 'PY29728', '2022-09-19 23:24:40', 1917524),
	('OR296922', 'CT815958', 'SL062109', 'SH02791', 'PY76233', '2023-02-27 7:41:57', 3601281),
	('OR296922', 'CT815958', 'SL587994', 'SH88846', 'PY23609', '2023-02-27 7:41:57', 3601281),
	('OR306040', 'CT395048', 'SL062109', 'SH15017', 'PY32346', '2023-05-24 21:14:26', 1867818),
	('OR306040', 'CT395048', 'SL587994', 'SH74111', 'PY86719', '2023-05-24 21:14:26', 1780818),
	('OR307375', 'CT883825', 'SL062109', 'SH23331', 'PY25813', '2023-04-23 6:39:59', 4929705),
	('OR307375', 'CT883825', 'SL587994', 'SH92938', 'PY85659', '2023-04-23 6:39:59', 4890705),
	('OR307375', 'CT883825', 'SL764418', 'SH38430', 'PY95253', '2023-04-23 6:39:59', 4929705),
	('OR310145', 'CT999001', 'SL062109', 'SH90621', 'PY85010', '2022-08-21 3:51:15', 7354261),
	('OR310145', 'CT999001', 'SL587994', 'SH27001', 'PY52355', '2022-08-21 3:51:15', 7437261),
	('OR310145', 'CT999001', 'SL764418', 'SH50373', 'PY82484', '2022-08-21 3:51:15', 7415261),
	('OR311796', 'CT017401', 'SL062109', 'SH42011', 'PY36089', '2023-01-17 9:24:23', 4734878),
	('OR311796', 'CT017401', 'SL587994', 'SH55917', 'PY52263', '2023-01-17 9:24:23', 4734878),
	('OR311796', 'CT017401', 'SL764418', 'SH53542', 'PY06513', '2023-01-17 9:24:23', 4734878),
	('OR317201', 'CT813581', 'SL062109', 'SH10035', 'PY87500', '2023-02-21 0:36:24', 2444772),
	('OR317201', 'CT813581', 'SL587994', 'SH49208', 'PY31606', '2023-02-21 0:36:24', 2440272),
	('OR329745', 'CT408374', 'SL062109', 'SH97817', 'PY01283', '2023-04-19 5:07:00', 4471739),
	('OR329745', 'CT408374', 'SL587994', 'SH51902', 'PY03491', '2023-04-19 5:07:00', 4500739),
	('OR346204', 'CT057935', 'SL062109', 'SH58299', 'PY07481', '2022-06-24 12:19:09', 6918173),
	('OR346204', 'CT057935', 'SL587994', 'SH79329', 'PY56247', '2022-06-24 12:19:09', 6956173),
	('OR346204', 'CT057935', 'SL764418', 'SH11353', 'PY48049', '2022-06-24 12:19:09', 6918173),
	('OR346258', 'CT727229', 'SL062109', 'SH05403', 'PY40003', '2023-04-07 23:03:50', 6211492),
	('OR346258', 'CT727229', 'SL587994', 'SH78372', 'PY90586', '2023-04-07 23:03:50', 6211492),
	('OR347751', 'CT417103', 'SL062109', 'SH69433', 'PY38920', '2022-09-20 13:04:00', 2979708),
	('OR347751', 'CT417103', 'SL587994', 'SH43645', 'PY99735', '2022-09-20 13:04:00', 2923708),
	('OR347751', 'CT417103', 'SL764418', 'SH46154', 'PY92683', '2022-09-20 13:04:00', 2979708),
	('OR359184', 'CT200995', 'SL062109', 'SH73499', 'PY92278', '2023-02-07 19:53:01', 1980560),
	('OR359184', 'CT200995', 'SL587994', 'SH60862', 'PY62257', '2023-02-07 19:53:01', 1980560),
	('OR362206', 'CT482887', 'SL062109', 'SH70691', 'PY33628', '2023-02-06 12:34:20', 1602663),
	('OR362206', 'CT482887', 'SL587994', 'SH41179', 'PY31058', '2023-02-06 12:34:20', 1528663),
	('OR373543', 'CT513358', 'SL062109', 'SH93848', 'PY53771', '2022-07-20 13:18:29', 2803622),
	('OR373543', 'CT513358', 'SL587994', 'SH75193', 'PY51827', '2022-07-20 13:18:29', 2872622),
	('OR373543', 'CT513358', 'SL764418', 'SH16983', 'PY75638', '2022-07-20 13:18:29', 2872622),
	('OR375749', 'CT057905', 'SL062109', 'SH06156', 'PY08082', '2023-02-26 10:07:53', 3819851),
	('OR375749', 'CT057905', 'SL587994', 'SH68299', 'PY31915', '2023-02-26 10:07:53', 3819851),
	('OR375749', 'CT057905', 'SL764418', 'SH87635', 'PY96165', '2023-02-26 10:07:53', 3764351),
	('OR376731', 'CT219723', 'SL062109', 'SH18609', 'PY96853', '2022-11-06 18:07:11', 5602881),
	('OR376731', 'CT219723', 'SL587994', 'SH93476', 'PY52232', '2022-11-06 18:07:11', 5602881),
	('OR379618', 'CT241320', 'SL062109', 'SH00688', 'PY42030', '2022-12-16 23:57:51', 5661964),
	('OR379618', 'CT241320', 'SL587994', 'SH47434', 'PY63128', '2022-12-16 23:57:51', 5652964),
	('OR379618', 'CT241320', 'SL764418', 'SH34464', 'PY33188', '2022-12-16 23:57:51', 5652964),
	('OR380551', 'CT321738', 'SL062109', 'SH40229', 'PY94414', '2022-08-28 3:18:39', 4963600),
	('OR380551', 'CT321738', 'SL587994', 'SH54884', 'PY10201', '2022-08-28 3:18:39', 4959600),
	('OR380551', 'CT321738', 'SL764418', 'SH47305', 'PY49136', '2022-08-28 3:18:39', 4965600),
	('OR383060', 'CT216589', 'SL062109', 'SH16356', 'PY67693', '2023-05-22 10:43:42', 4092903),
	('OR383060', 'CT216589', 'SL587994', 'SH58046', 'PY75657', '2023-05-22 10:43:42', 4140903),
	('OR383251', 'CT002026', 'SL062109', 'SH06789', 'PY96009', '2022-10-04 18:04:29', 4914332),
	('OR383251', 'CT002026', 'SL587994', 'SH90731', 'PY57927', '2022-10-04 18:04:29', 4914332),
	('OR383251', 'CT002026', 'SL764418', 'SH51654', 'PY49554', '2022-10-04 18:04:29', 4968332),
	('OR392080', 'CT595257', 'SL062109', 'SH87881', 'PY84349', '2023-03-07 10:52:08', 2617608),
	('OR392080', 'CT595257', 'SL587994', 'SH54895', 'PY75181', '2023-03-07 10:52:08', 2698608),
	('OR392080', 'CT595257', 'SL764418', 'SH09185', 'PY25308', '2023-03-07 10:52:08', 2698608),
	('OR392997', 'CT917607', 'SL062109', 'SH50750', 'PY67946', '2022-07-08 16:47:12', 2744157),
	('OR392997', 'CT917607', 'SL587994', 'SH94807', 'PY64271', '2022-07-08 16:47:12', 2744157),
	('OR393671', 'CT934132', 'SL062109', 'SH89801', 'PY65565', '2022-12-04 23:26:22', 7024096),
	('OR393671', 'CT934132', 'SL587994', 'SH63566', 'PY53134', '2022-12-04 23:26:22', 6942096),
	('OR393671', 'CT934132', 'SL764418', 'SH12279', 'PY37844', '2022-12-04 23:26:22', 7024096),
	('OR393877', 'CT002026', 'SL062109', 'SH20784', 'PY55605', '2022-07-15 21:56:06', 2228096),
	('OR393877', 'CT002026', 'SL587994', 'SH39034', 'PY40426', '2022-07-15 21:56:06', 2282096),
	('OR395436', 'CT999828', 'SL062109', 'SH18662', 'PY17638', '2023-01-20 17:50:42', 4271458),
	('OR395436', 'CT999828', 'SL587994', 'SH09896', 'PY01450', '2023-01-20 17:50:42', 4279458),
	('OR395541', 'CT854110', 'SL062109', 'SH59874', 'PY60896', '2022-10-29 8:04:56', 3573697),
	('OR395541', 'CT854110', 'SL587994', 'SH47012', 'PY41902', '2022-10-29 8:04:56', 3575697),
	('OR395541', 'CT854110', 'SL764418', 'SH14392', 'PY87370', '2022-10-29 8:04:56', 3603697),
	('OR406119', 'CT408374', 'SL062109', 'SH82789', 'PY27450', '2022-06-25 0:55:51', 3134894),
	('OR406119', 'CT408374', 'SL587994', 'SH75752', 'PY14908', '2022-06-25 0:55:51', 3185894),
	('OR406119', 'CT408374', 'SL764418', 'SH98206', 'PY86737', '2022-06-25 0:55:51', 3185894),
	('OR410657', 'CT487659', 'SL062109', 'SH47378', 'PY09422', '2023-02-08 18:00:17', 4805526),
	('OR410657', 'CT487659', 'SL587994', 'SH48788', 'PY13170', '2023-02-08 18:00:17', 4747026),
	('OR410657', 'CT487659', 'SL764418', 'SH63733', 'PY26860', '2023-02-08 18:00:17', 4747026),
	('OR415828', 'CT768955', 'SL062109', 'SH78490', 'PY15598', '2022-07-26 18:19:25', 4488178),
	('OR415828', 'CT768955', 'SL587994', 'SH18018', 'PY31102', '2022-07-26 18:19:25', 4488178),
	('OR436505', 'CT929318', 'SL062109', 'SH11923', 'PY84437', '2023-05-12 20:31:45', 6889547),
	('OR436505', 'CT929318', 'SL587994', 'SH47848', 'PY76026', '2023-05-12 20:31:45', 6889547),
	('OR436505', 'CT929318', 'SL764418', 'SH57147', 'PY35316', '2023-05-12 20:31:45', 6891047),
	('OR451329', 'CT365819', 'SL062109', 'SH20917', 'PY62647', '2022-06-17 0:08:30', 4641630),
	('OR451329', 'CT365819', 'SL587994', 'SH29003', 'PY94819', '2022-06-17 0:08:30', 4641630),
	('OR452975', 'CT499467', 'SL062109', 'SH75124', 'PY43316', '2022-10-23 15:25:36', 1880422),
	('OR452975', 'CT499467', 'SL587994', 'SH70659', 'PY83872', '2022-10-23 15:25:36', 1880422),
	('OR453293', 'CT217412', 'SL062109', 'SH97252', 'PY51070', '2022-12-22 14:15:26', 3749722),
	('OR453293', 'CT217412', 'SL587994', 'SH31877', 'PY91971', '2022-12-22 14:15:26', 3748722),
	('OR454342', 'CT979936', 'SL062109', 'SH12628', 'PY68474', '2023-04-20 10:31:11', 3427132),
	('OR454342', 'CT979936', 'SL587994', 'SH37540', 'PY55942', '2023-04-20 10:31:11', 3427132),
	('OR462202', 'CT487659', 'SL062109', 'SH60773', 'PY99255', '2022-10-29 5:33:29', 2275830),
	('OR462202', 'CT487659', 'SL587994', 'SH14750', 'PY89082', '2022-10-29 5:33:29', 2275830),
	('OR464032', 'CT692261', 'SL062109', 'SH28561', 'PY24788', '2022-09-15 4:31:58', 3648252),
	('OR464032', 'CT692261', 'SL587994', 'SH49280', 'PY54780', '2022-09-15 4:31:58', 3648252),
	('OR464032', 'CT692261', 'SL764418', 'SH91688', 'PY64521', '2022-09-15 4:31:58', 3579252),
	('OR464321', 'CT884530', 'SL062109', 'SH01747', 'PY78210', '2023-04-07 12:38:30', 2323132),
	('OR464321', 'CT884530', 'SL587994', 'SH84449', 'PY83770', '2023-04-07 12:38:30', 2323132),
	('OR465825', 'CT731466', 'SL062109', 'SH32701', 'PY75108', '2022-10-27 17:38:58', 5716828),
	('OR465825', 'CT731466', 'SL587994', 'SH91098', 'PY57226', '2022-10-27 17:38:58', 5675828),
	('OR465825', 'CT731466', 'SL764418', 'SH52939', 'PY03286', '2022-10-27 17:38:58', 5716828),
	('OR468149', 'CT232291', 'SL062109', 'SH01801', 'PY31964', '2022-12-03 4:45:49', 3941055),
	('OR468149', 'CT232291', 'SL587994', 'SH67491', 'PY68886', '2022-12-03 4:45:49', 3941055),
	('OR468149', 'CT232291', 'SL764418', 'SH28052', 'PY83749', '2022-12-03 4:45:49', 3941055),
	('OR475203', 'CT338133', 'SL062109', 'SH55147', 'PY78018', '2022-07-13 16:16:14', 2758807),
	('OR475203', 'CT338133', 'SL587994', 'SH11762', 'PY71686', '2022-07-13 16:16:14', 2842807),
	('OR475203', 'CT338133', 'SL764418', 'SH98836', 'PY04238', '2022-07-13 16:16:14', 2842807),
	('OR479116', 'CT630093', 'SL062109', 'SH73866', 'PY77218', '2022-10-15 1:04:51', 1673468),
	('OR479116', 'CT630093', 'SL587994', 'SH73759', 'PY59027', '2022-10-15 1:04:51', 1733468),
	('OR479116', 'CT630093', 'SL764418', 'SH16124', 'PY31429', '2022-10-15 1:04:51', 1686968),
	('OR484601', 'CT653859', 'SL062109', 'SH47264', 'PY42712', '2022-08-03 7:46:21', 4440075),
	('OR484601', 'CT653859', 'SL587994', 'SH02214', 'PY61680', '2022-08-03 7:46:21', 4487075),
	('OR484601', 'CT653859', 'SL764418', 'SH32602', 'PY92395', '2022-08-03 7:46:21', 4440075),
	('OR490580', 'CT219723', 'SL062109', 'SH04121', 'PY32563', '2022-08-24 14:48:53', 4410272),
	('OR490580', 'CT219723', 'SL587994', 'SH61562', 'PY00176', '2022-08-24 14:48:53', 4426772),
	('OR490580', 'CT219723', 'SL764418', 'SH51280', 'PY37098', '2022-08-24 14:48:53', 4426772),
	('OR498621', 'CT197967', 'SL062109', 'SH22269', 'PY98944', '2022-08-16 18:30:20', 4836829),
	('OR498621', 'CT197967', 'SL587994', 'SH93586', 'PY41215', '2022-08-16 18:30:20', 4836829),
	('OR498621', 'CT197967', 'SL764418', 'SH26026', 'PY06556', '2022-08-16 18:30:20', 4749829),
	('OR499531', 'CT058064', 'SL062109', 'SH80636', 'PY61353', '2022-11-25 21:16:43', 4177961),
	('OR499531', 'CT058064', 'SL587994', 'SH88813', 'PY59523', '2022-11-25 21:16:43', 4177961),
	('OR499578', 'CT498493', 'SL062109', 'SH36865', 'PY96785', '2022-11-15 5:40:50', 3802547),
	('OR499578', 'CT498493', 'SL587994', 'SH08177', 'PY94919', '2022-11-15 5:40:50', 3802547),
	('OR504354', 'CT084553', 'SL062109', 'SH10877', 'PY22332', '2022-06-14 9:43:57', 9053098),
	('OR504354', 'CT084553', 'SL587994', 'SH00849', 'PY97847', '2022-06-14 9:43:57', 9053098),
	('OR504354', 'CT084553', 'SL764418', 'SH03618', 'PY67138', '2022-06-14 9:43:57', 9029098),
	('OR506273', 'CT159666', 'SL062109', 'SH99107', 'PY90817', '2022-06-26 19:25:52', 6789587),
	('OR506273', 'CT159666', 'SL587994', 'SH71033', 'PY72255', '2022-06-26 19:25:52', 6851587),
	('OR506273', 'CT159666', 'SL764418', 'SH14538', 'PY69654', '2022-06-26 19:25:52', 6789587),
	('OR506341', 'CT884530', 'SL062109', 'SH51113', 'PY53689', '2023-03-12 20:07:24', 4832587),
	('OR506341', 'CT884530', 'SL587994', 'SH20196', 'PY53761', '2023-03-12 20:07:24', 4780087),
	('OR506341', 'CT884530', 'SL764418', 'SH68709', 'PY69173', '2023-03-12 20:07:24', 4832587),
	('OR506863', 'CT688603', 'SL062109', 'SH02866', 'PY19722', '2023-03-24 3:51:52', 2203468),
	('OR506863', 'CT688603', 'SL587994', 'SH13266', 'PY32084', '2023-03-24 3:51:52', 2203468),
	('OR513296', 'CT205086', 'SL062109', 'SH32929', 'PY90009', '2023-03-12 7:54:44', 3070516),
	('OR513296', 'CT205086', 'SL587994', 'SH06545', 'PY92141', '2023-03-12 7:54:44', 3110516),
	('OR513296', 'CT205086', 'SL764418', 'SH75889', 'PY20136', '2023-03-12 7:54:44', 3110516),
	('OR515356', 'CT786904', 'SL062109', 'SH96447', 'PY81092', '2022-06-02 2:29:10', 6509988),
	('OR515356', 'CT786904', 'SL587994', 'SH53982', 'PY99815', '2022-06-02 2:29:10', 6515988),
	('OR515356', 'CT786904', 'SL764418', 'SH96703', 'PY25682', '2022-06-02 2:29:10', 6509988),
	('OR523191', 'CT744478', 'SL062109', 'SH44706', 'PY28903', '2022-12-28 20:07:34', 2915854),
	('OR523191', 'CT744478', 'SL587994', 'SH99930', 'PY96619', '2022-12-28 20:07:34', 2915854),
	('OR523191', 'CT744478', 'SL764418', 'SH73767', 'PY10214', '2022-12-28 20:07:34', 2952854),
	('OR524864', 'CT513358', 'SL062109', 'SH39486', 'PY35377', '2023-05-25 2:21:23', 1552103),
	('OR524864', 'CT513358', 'SL587994', 'SH97727', 'PY29839', '2023-05-25 2:21:23', 1574103),
	('OR526467', 'CT133675', 'SL062109', 'SH53608', 'PY20020', '2023-04-10 10:55:07', 2736876),
	('OR526467', 'CT133675', 'SL587994', 'SH12333', 'PY29390', '2023-04-10 10:55:07', 2736876),
	('OR531851', 'CT341751', 'SL062109', 'SH91878', 'PY31952', '2022-11-06 12:09:44', 8706380),
	('OR531851', 'CT341751', 'SL587994', 'SH71778', 'PY84612', '2022-11-06 12:09:44', 8737380),
	('OR531851', 'CT341751', 'SL764418', 'SH33089', 'PY08203', '2022-11-06 12:09:44', 8737380),
	('OR548374', 'CT091686', 'SL062109', 'SH37168', 'PY65978', '2022-06-18 10:15:10', 5953205),
	('OR548374', 'CT091686', 'SL587994', 'SH26538', 'PY32518', '2022-06-18 10:15:10', 5903205),
	('OR550139', 'CT287501', 'SL062109', 'SH42855', 'PY41856', '2022-12-31 0:48:54', 2844030),
	('OR550139', 'CT287501', 'SL587994', 'SH52144', 'PY48478', '2022-12-31 0:48:54', 2763030),
	('OR554218', 'CT447944', 'SL062109', 'SH00442', 'PY34884', '2022-10-29 7:38:52', 3941961),
	('OR554218', 'CT447944', 'SL587994', 'SH37245', 'PY53969', '2022-10-29 7:38:52', 4048461),
	('OR554503', 'CT832228', 'SL062109', 'SH38733', 'PY02918', '2023-05-24 11:20:43', 2456823),
	('OR554503', 'CT832228', 'SL587994', 'SH22790', 'PY02680', '2023-05-24 11:20:43', 2533823),
	('OR563106', 'CT276034', 'SL062109', 'SH44502', 'PY26168', '2022-11-05 18:45:53', 3832066),
	('OR563106', 'CT276034', 'SL587994', 'SH58776', 'PY66096', '2022-11-05 18:45:53', 3832066),
	('OR563430', 'CT044984', 'SL062109', 'SH61452', 'PY47475', '2023-03-17 15:12:48', 6158288),
	('OR563430', 'CT044984', 'SL587994', 'SH30469', 'PY77984', '2023-03-17 15:12:48', 6099788),
	('OR563430', 'CT044984', 'SL764418', 'SH99591', 'PY44475', '2023-03-17 15:12:48', 6099788),
	('OR569179', 'CT057905', 'SL062109', 'SH98359', 'PY17876', '2022-10-01 9:30:52', 2636157),
	('OR569179', 'CT057905', 'SL587994', 'SH80831', 'PY30222', '2022-10-01 9:30:52', 2691657),
	('OR572037', 'CT600025', 'SL062109', 'SH43633', 'PY58809', '2022-12-09 4:35:40', 4271369),
	('OR572037', 'CT600025', 'SL587994', 'SH15059', 'PY32974', '2022-12-09 4:35:40', 4271369),
	('OR574586', 'CT514389', 'SL062109', 'SH43258', 'PY29478', '2022-08-18 1:53:15', 2499076),
	('OR574586', 'CT514389', 'SL587994', 'SH45877', 'PY97713', '2022-08-18 1:53:15', 2514076),
	('OR577839', 'CT816479', 'SL062109', 'SH21122', 'PY76429', '2023-01-13 0:24:19', 4783936),
	('OR577839', 'CT816479', 'SL587994', 'SH76927', 'PY35439', '2023-01-13 0:24:19', 4783936),
	('OR578927', 'CT954122', 'SL062109', 'SH91112', 'PY95330', '2022-06-19 6:36:50', 2823909),
	('OR578927', 'CT954122', 'SL587994', 'SH85613', 'PY73057', '2022-06-19 6:36:50', 2823909),
	('OR578927', 'CT954122', 'SL764418', 'SH19267', 'PY46732', '2022-06-19 6:36:50', 2823909),
	('OR587495', 'CT832228', 'SL062109', 'SH44288', 'PY28753', '2023-01-30 1:18:10', 5339387),
	('OR587495', 'CT832228', 'SL587994', 'SH72169', 'PY13924', '2023-01-30 1:18:10', 5339387),
	('OR587495', 'CT832228', 'SL764418', 'SH79479', 'PY65201', '2023-01-30 1:18:10', 5418387),
	('OR590630', 'CT437060', 'SL062109', 'SH82733', 'PY39843', '2023-02-21 6:19:31', 1011005),
	('OR590630', 'CT437060', 'SL587994', 'SH69210', 'PY67274', '2023-02-21 6:19:31', 1011005),
	('OR593381', 'CT869535', 'SL062109', 'SH41853', 'PY57310', '2023-01-20 16:38:05', 3427699),
	('OR593381', 'CT869535', 'SL587994', 'SH42105', 'PY97176', '2023-01-20 16:38:05', 3427699),
	('OR593381', 'CT869535', 'SL764418', 'SH94938', 'PY16329', '2023-01-20 16:38:05', 3427699),
	('OR594108', 'CT153648', 'SL062109', 'SH54731', 'PY43240', '2023-01-26 13:49:19', 4681342),
	('OR594108', 'CT153648', 'SL587994', 'SH75247', 'PY67581', '2023-01-26 13:49:19', 4681342),
	('OR594108', 'CT153648', 'SL764418', 'SH94204', 'PY06664', '2023-01-26 13:49:19', 4708342),
	('OR594551', 'CT798121', 'SL062109', 'SH57161', 'PY61807', '2023-04-02 22:58:31', 4952163),
	('OR594551', 'CT798121', 'SL587994', 'SH75350', 'PY86826', '2023-04-02 22:58:31', 4941163),
	('OR594551', 'CT798121', 'SL764418', 'SH78633', 'PY88797', '2023-04-02 22:58:31', 4941163),
	('OR612359', 'CT727229', 'SL062109', 'SH43682', 'PY28097', '2023-02-09 6:01:37', 5841135),
	('OR612359', 'CT727229', 'SL587994', 'SH27478', 'PY94304', '2023-02-09 6:01:37', 5841135),
	('OR612359', 'CT727229', 'SL764418', 'SH73544', 'PY45000', '2023-02-09 6:01:37', 5837135),
	('OR622343', 'CT241320', 'SL062109', 'SH81191', 'PY25795', '2023-02-21 4:06:08', 2829288),
	('OR622343', 'CT241320', 'SL587994', 'SH19589', 'PY02920', '2023-02-21 4:06:08', 2829288),
	('OR622789', 'CT159666', 'SL062109', 'SH80568', 'PY13193', '2022-11-10 9:25:08', 1137689),
	('OR622789', 'CT159666', 'SL587994', 'SH85635', 'PY24421', '2022-11-10 9:25:08', 1137689),
	('OR623797', 'CT929318', 'SL062109', 'SH24611', 'PY84386', '2023-03-25 23:36:50', 2459205),
	('OR623797', 'CT929318', 'SL587994', 'SH54003', 'PY21540', '2023-03-25 23:36:50', 2417205),
	('OR627188', 'CT768955', 'SL062109', 'SH67228', 'PY50208', '2022-08-19 18:55:02', 4281095),
	('OR627188', 'CT768955', 'SL587994', 'SH98562', 'PY78001', '2022-08-19 18:55:02', 4281095),
	('OR627188', 'CT768955', 'SL764418', 'SH54053', 'PY41516', '2022-08-19 18:55:02', 4281095),
	('OR633284', 'CT321738', 'SL062109', 'SH98978', 'PY74086', '2022-08-31 5:18:11', 1740584),
	('OR633284', 'CT321738', 'SL587994', 'SH67679', 'PY50821', '2022-08-31 5:18:11', 1740584),
	('OR637257', 'CT841001', 'SL062109', 'SH36388', 'PY95918', '2022-09-22 9:42:49', 5082417),
	('OR637257', 'CT841001', 'SL587994', 'SH23715', 'PY46479', '2022-09-22 9:42:49', 4990917),
	('OR637257', 'CT841001', 'SL764418', 'SH77890', 'PY02005', '2022-09-22 9:42:49', 5082417),
	('OR639850', 'CT848660', 'SL062109', 'SH31289', 'PY50888', '2022-08-17 6:14:21', 5950196),
	('OR639850', 'CT848660', 'SL587994', 'SH84845', 'PY21528', '2022-08-17 6:14:21', 5920196),
	('OR640243', 'CT482887', 'SL062109', 'SH47258', 'PY62156', '2023-02-09 5:44:37', 6323453),
	('OR640243', 'CT482887', 'SL587994', 'SH17847', 'PY17499', '2023-02-09 5:44:37', 6323453),
	('OR640243', 'CT482887', 'SL764418', 'SH41871', 'PY55130', '2023-02-09 5:44:37', 6323453),
	('OR649785', 'CT368224', 'SL062109', 'SH71836', 'PY83041', '2023-05-22 22:43:08', 4576122),
	('OR649785', 'CT368224', 'SL587994', 'SH58603', 'PY60698', '2023-05-22 22:43:08', 4606122),
	('OR649785', 'CT368224', 'SL764418', 'SH92120', 'PY81031', '2023-05-22 22:43:08', 4619622),
	('OR653457', 'CT499467', 'SL062109', 'SH48349', 'PY11566', '2022-06-30 9:22:18', 5692886),
	('OR653457', 'CT499467', 'SL587994', 'SH41464', 'PY24836', '2022-06-30 9:22:18', 5622386),
	('OR653457', 'CT499467', 'SL764418', 'SH42199', 'PY60654', '2022-06-30 9:22:18', 5622386),
	('OR657319', 'CT798121', 'SL062109', 'SH64127', 'PY69818', '2022-12-28 14:30:24', 4172899),
	('OR657319', 'CT798121', 'SL587994', 'SH22264', 'PY61002', '2022-12-28 14:30:24', 4151899),
	('OR667351', 'CT948394', 'SL062109', 'SH50734', 'PY73948', '2023-02-09 14:17:37', 3859178),
	('OR667351', 'CT948394', 'SL587994', 'SH47214', 'PY77081', '2023-02-09 14:17:37', 3859178),
	('OR669740', 'CT883825', 'SL062109', 'SH63671', 'PY51476', '2022-06-21 14:19:38', 1159859),
	('OR669740', 'CT883825', 'SL587994', 'SH78786', 'PY62567', '2022-06-21 14:19:38', 1159859),
	('OR672537', 'CT934132', 'SL062109', 'SH80462', 'PY00419', '2022-09-06 22:44:52', 3248490),
	('OR672537', 'CT934132', 'SL587994', 'SH03692', 'PY65547', '2022-09-06 22:44:52', 3248490),
	('OR673787', 'CT447944', 'SL062109', 'SH07763', 'PY80129', '2023-03-15 14:07:58', 9254401),
	('OR673787', 'CT447944', 'SL587994', 'SH19898', 'PY06925', '2023-03-15 14:07:58', 9147901),
	('OR673787', 'CT447944', 'SL764418', 'SH14097', 'PY52556', '2023-03-15 14:07:58', 9224401),
	('OR675569', 'CT338072', 'SL062109', 'SH00482', 'PY07479', '2023-04-23 9:10:04', 6476947),
	('OR675569', 'CT338072', 'SL587994', 'SH60625', 'PY14664', '2023-04-23 9:10:04', 6464947),
	('OR675569', 'CT338072', 'SL764418', 'SH10171', 'PY83132', '2023-04-23 9:10:04', 6463447),
	('OR676164', 'CT041554', 'SL062109', 'SH37462', 'PY62611', '2022-06-22 8:17:49', 664747),
	('OR676164', 'CT041554', 'SL587994', 'SH60031', 'PY52147', '2022-06-22 8:17:49', 679747),
	('OR694356', 'CT816479', 'SL062109', 'SH80885', 'PY70963', '2023-04-22 4:24:02', 5636470),
	('OR694356', 'CT816479', 'SL587994', 'SH99679', 'PY02250', '2023-04-22 4:24:02', 5636470),
	('OR694356', 'CT816479', 'SL764418', 'SH89868', 'PY23234', '2023-04-22 4:24:02', 5685970),
	('OR699625', 'CT146976', 'SL062109', 'SH60922', 'PY91003', '2022-07-28 12:39:28', 2412447),
	('OR699625', 'CT146976', 'SL587994', 'SH25763', 'PY66180', '2022-07-28 12:39:28', 2412447),
	('OR703195', 'CT336162', 'SL062109', 'SH99668', 'PY69496', '2023-02-02 11:22:08', 2507646),
	('OR703195', 'CT336162', 'SL587994', 'SH26778', 'PY73471', '2023-02-02 11:22:08', 2479146),
	('OR703195', 'CT336162', 'SL764418', 'SH81477', 'PY12488', '2023-02-02 11:22:08', 2479146),
	('OR714494', 'CT600025', 'SL062109', 'SH36577', 'PY78505', '2022-08-29 18:48:37', 5660019),
	('OR714494', 'CT600025', 'SL587994', 'SH24599', 'PY47493', '2022-08-29 18:48:37', 5604519),
	('OR714494', 'CT600025', 'SL764418', 'SH37363', 'PY92266', '2022-08-29 18:48:37', 5622519),
	('OR720762', 'CT017401', 'SL062109', 'SH61077', 'PY03231', '2022-06-29 0:06:25', 4106022),
	('OR720762', 'CT017401', 'SL587994', 'SH81633', 'PY59334', '2022-06-29 0:06:25', 4047522),
	('OR733661', 'CT848660', 'SL062109', 'SH59867', 'PY10776', '2022-10-11 3:36:58', 3231359),
	('OR733661', 'CT848660', 'SL587994', 'SH98203', 'PY63043', '2022-10-11 3:36:58', 3231359),
	('OR733661', 'CT848660', 'SL764418', 'SH56998', 'PY48085', '2022-10-11 3:36:58', 3231359),
	('OR734456', 'CT917607', 'SL062109', 'SH50614', 'PY94502', '2022-11-05 23:08:26', 5085714),
	('OR734456', 'CT917607', 'SL587994', 'SH27145', 'PY67289', '2022-11-05 23:08:26', 5085714),
	('OR734456', 'CT917607', 'SL764418', 'SH52068', 'PY00610', '2022-11-05 23:08:26', 5085714),
	('OR749461', 'CT768855', 'SL062109', 'SH74184', 'PY73943', '2022-06-03 14:15:00', 1483698),
	('OR749461', 'CT768855', 'SL587994', 'SH72684', 'PY46976', '2022-06-03 14:15:00', 1483698),
	('OR757525', 'CT487961', 'SL062109', 'SH03252', 'PY09341', '2023-01-08 14:57:06', 4983856),
	('OR757525', 'CT487961', 'SL587994', 'SH11394', 'PY89288', '2023-01-08 14:57:06', 4997356),
	('OR761481', 'CT307718', 'SL062109', 'SH55895', 'PY74611', '2022-07-21 12:01:33', 6468166),
	('OR761481', 'CT307718', 'SL587994', 'SH27500', 'PY09597', '2022-07-21 12:01:33', 6468166),
	('OR768835', 'CT106978', 'SL062109', 'SH69722', 'PY29845', '2022-09-10 11:37:37', 1070258),
	('OR768835', 'CT106978', 'SL587994', 'SH85860', 'PY85300', '2022-09-10 11:37:37', 1131258),
	('OR769156', 'CT768855', 'SL062109', 'SH96081', 'PY78417', '2022-11-30 20:44:00', 4499826),
	('OR769156', 'CT768855', 'SL587994', 'SH90685', 'PY13322', '2022-11-30 20:44:00', 4494826),
	('OR769156', 'CT768855', 'SL764418', 'SH09830', 'PY37279', '2022-11-30 20:44:00', 4474826),
	('OR774053', 'CT335033', 'SL062109', 'SH79519', 'PY05288', '2022-10-14 22:03:56', 4157807),
	('OR774053', 'CT335033', 'SL587994', 'SH27098', 'PY65448', '2022-10-14 22:03:56', 4120307),
	('OR774053', 'CT335033', 'SL764418', 'SH70919', 'PY61276', '2022-10-14 22:03:56', 4157807),
	('OR778442', 'CT815958', 'SL062109', 'SH93815', 'PY95411', '2022-07-11 21:54:06', 5961086),
	('OR778442', 'CT815958', 'SL587994', 'SH33721', 'PY37119', '2022-07-11 21:54:06', 5937086),
	('OR778442', 'CT815958', 'SL764418', 'SH60270', 'PY32326', '2022-07-11 21:54:06', 5937086),
	('OR781784', 'CT460639', 'SL062109', 'SH48753', 'PY47617', '2022-09-20 11:58:32', 2685813),
	('OR781784', 'CT460639', 'SL587994', 'SH22813', 'PY44868', '2022-09-20 11:58:32', 2567313),
	('OR788811', 'CT958846', 'SL062109', 'SH98269', 'PY03124', '2022-06-03 21:41:58', 3161081),
	('OR788811', 'CT958846', 'SL587994', 'SH53684', 'PY18674', '2022-06-03 21:41:58', 3161081),
	('OR788811', 'CT958846', 'SL764418', 'SH29559', 'PY01358', '2022-06-03 21:41:58', 3161081),
	('OR790572', 'CT207216', 'SL062109', 'SH60668', 'PY00681', '2022-06-04 6:20:44', 4046951),
	('OR790572', 'CT207216', 'SL587994', 'SH05569', 'PY19744', '2022-06-04 6:20:44', 4046951),
	('OR790572', 'CT207216', 'SL764418', 'SH87291', 'PY70084', '2022-06-04 6:20:44', 4054951),
	('OR792837', 'CT954122', 'SL062109', 'SH25254', 'PY37315', '2023-02-03 6:12:49', 1837338),
	('OR792837', 'CT954122', 'SL587994', 'SH03980', 'PY74357', '2023-02-03 6:12:49', 1837338),
	('OR793836', 'CT041554', 'SL062109', 'SH19738', 'PY56445', '2023-03-04 11:58:43', 1577453),
	('OR793836', 'CT041554', 'SL587994', 'SH90676', 'PY34746', '2023-03-04 11:58:43', 1562453),
	('OR793836', 'CT041554', 'SL764418', 'SH98114', 'PY58129', '2023-03-04 11:58:43', 1577453),
	('OR796145', 'CT731466', 'SL062109', 'SH22530', 'PY60374', '2022-07-26 20:50:23', 2291414),
	('OR796145', 'CT731466', 'SL587994', 'SH96270', 'PY01935', '2022-07-26 20:50:23', 2291414),
	('OR798292', 'CT755571', 'SL062109', 'SH71401', 'PY35488', '2022-12-11 2:44:05', 3253441),
	('OR798292', 'CT755571', 'SL587994', 'SH29301', 'PY30677', '2022-12-11 2:44:05', 3331441),
	('OR798292', 'CT755571', 'SL764418', 'SH44342', 'PY69050', '2022-12-11 2:44:05', 3253441),
	('OR803640', 'CT413066', 'SL062109', 'SH58991', 'PY12972', '2022-07-22 11:25:18', 7522764),
	('OR803640', 'CT413066', 'SL587994', 'SH26237', 'PY47466', '2022-07-22 11:25:18', 7522764),
	('OR805538', 'CT514389', 'SL062109', 'SH35987', 'PY02704', '2022-06-27 11:16:50', 3462530),
	('OR805538', 'CT514389', 'SL587994', 'SH90223', 'PY33078', '2022-06-27 11:16:50', 3447530),
	('OR805538', 'CT514389', 'SL764418', 'SH42873', 'PY98013', '2022-06-27 11:16:50', 3447530),
	('OR833917', 'CT999001', 'SL062109', 'SH75016', 'PY22552', '2022-12-22 14:05:51', 3302628),
	('OR833917', 'CT999001', 'SL587994', 'SH13353', 'PY85342', '2022-12-22 14:05:51', 3302628),
	('OR838902', 'CT232291', 'SL062109', 'SH75813', 'PY66123', '2022-11-17 22:04:32', 6008895),
	('OR838902', 'CT232291', 'SL587994', 'SH10144', 'PY82987', '2022-11-17 22:04:32', 6008895),
	('OR840903', 'CT200995', 'SL062109', 'SH34214', 'PY34657', '2022-10-29 5:43:52', 2993949),
	('OR840903', 'CT200995', 'SL587994', 'SH85748', 'PY33654', '2022-10-29 5:43:52', 2993949),
	('OR840903', 'CT200995', 'SL764418', 'SH21931', 'PY36101', '2022-10-29 5:43:52', 2985949),
	('OR854213', 'CT205086', 'SL062109', 'SH15478', 'PY74469', '2023-05-21 5:57:58', 3492160),
	('OR854213', 'CT205086', 'SL587994', 'SH46368', 'PY37006', '2023-05-21 5:57:58', 3442160),
	('OR865667', 'CT084553', 'SL062109', 'SH18994', 'PY51074', '2023-02-13 10:17:25', 2570329),
	('OR865667', 'CT084553', 'SL587994', 'SH75924', 'PY70686', '2023-02-13 10:17:25', 2580829),
	('OR867546', 'CT658935', 'SL062109', 'SH50144', 'PY07945', '2023-03-12 6:54:30', 12033080),
	('OR867546', 'CT658935', 'SL587994', 'SH32039', 'PY87898', '2023-03-12 6:54:30', 12006080),
	('OR867546', 'CT658935', 'SL764418', 'SH37391', 'PY66098', '2023-03-12 6:54:30', 12033080),
	('OR870147', 'CT590459', 'SL062109', 'SH63734', 'PY02034', '2022-09-19 5:05:00', 3589533),
	('OR870147', 'CT590459', 'SL587994', 'SH75331', 'PY44021', '2022-09-19 5:05:00', 3589533),
	('OR870147', 'CT590459', 'SL764418', 'SH33056', 'PY92684', '2022-09-19 5:05:00', 3498033),
	('OR870326', 'CT365166', 'SL062109', 'SH51485', 'PY90478', '2023-04-10 9:46:08', 6751951),
	('OR870326', 'CT365166', 'SL587994', 'SH68170', 'PY46896', '2023-04-10 9:46:08', 6751951),
	('OR870326', 'CT365166', 'SL764418', 'SH16033', 'PY58324', '2023-04-10 9:46:08', 6751951),
	('OR874075', 'CT716089', 'SL062109', 'SH06397', 'PY82522', '2023-03-04 4:14:19', 1221413),
	('OR874075', 'CT716089', 'SL587994', 'SH80758', 'PY75619', '2023-03-04 4:14:19', 1203413),
	('OR874888', 'CT444004', 'SL062109', 'SH05983', 'PY24212', '2022-09-04 18:35:10', 4096679),
	('OR874888', 'CT444004', 'SL587994', 'SH37021', 'PY55643', '2022-09-04 18:35:10', 4096679),
	('OR877995', 'CT153648', 'SL062109', 'SH41156', 'PY08412', '2023-03-09 23:19:05', 1714560),
	('OR877995', 'CT153648', 'SL587994', 'SH23696', 'PY67882', '2023-03-09 23:19:05', 1714560),
	('OR880394', 'CT688603', 'SL062109', 'SH19930', 'PY32731', '2023-01-15 11:53:01', 5947960),
	('OR880394', 'CT688603', 'SL587994', 'SH04973', 'PY74804', '2023-01-15 11:53:01', 5947960),
	('OR880394', 'CT688603', 'SL764418', 'SH47217', 'PY02276', '2023-01-15 11:53:01', 5910460),
	('OR896115', 'CT487961', 'SL062109', 'SH80953', 'PY52157', '2022-11-15 7:12:17', 5884691),
	('OR896115', 'CT487961', 'SL587994', 'SH28742', 'PY02434', '2022-11-15 7:12:17', 5898191),
	('OR896115', 'CT487961', 'SL764418', 'SH04839', 'PY39853', '2022-11-15 7:12:17', 5884691),
	('OR896893', 'CT716089', 'SL062109', 'SH14985', 'PY34315', '2023-02-14 7:46:53', 4861759),
	('OR896893', 'CT716089', 'SL587994', 'SH93903', 'PY80462', '2023-02-14 7:46:53', 4835759),
	('OR896893', 'CT716089', 'SL764418', 'SH09282', 'PY74157', '2023-02-14 7:46:53', 4835759),
	('OR901401', 'CT484892', 'SL062109', 'SH05283', 'PY93075', '2022-05-29 9:20:57', 1007437),
	('OR901401', 'CT484892', 'SL587994', 'SH94470', 'PY54226', '2022-05-29 9:20:57', 1007437),
	('OR903023', 'CT590459', 'SL062109', 'SH99772', 'PY61446', '2022-08-24 11:29:26', 1987774),
	('OR903023', 'CT590459', 'SL587994', 'SH07998', 'PY78802', '2022-08-24 11:29:26', 1987774),
	('OR907492', 'CT602067', 'SL062109', 'SH67439', 'PY92445', '2022-09-27 11:15:58', 4422562),
	('OR907492', 'CT602067', 'SL587994', 'SH80617', 'PY77097', '2022-09-27 11:15:58', 4370562),
	('OR912532', 'CT630093', 'SL062109', 'SH70273', 'PY37046', '2023-01-29 21:30:46', 1078580),
	('OR912532', 'CT630093', 'SL587994', 'SH28582', 'PY74396', '2023-01-29 21:30:46', 1078580),
	('OR923123', 'CT960439', 'SL062109', 'SH94542', 'PY14780', '2022-10-27 1:44:01', 1658352),
	('OR923123', 'CT960439', 'SL587994', 'SH38044', 'PY60114', '2022-10-27 1:44:01', 1658352),
	('OR926845', 'CT307718', 'SL062109', 'SH68104', 'PY60519', '2022-09-20 12:35:07', 6095370),
	('OR926845', 'CT307718', 'SL587994', 'SH65212', 'PY37174', '2022-09-20 12:35:07', 6114870),
	('OR926845', 'CT307718', 'SL764418', 'SH94963', 'PY94540', '2022-09-20 12:35:07', 6114870),
	('OR933037', 'CT652747', 'SL062109', 'SH04493', 'PY50650', '2022-10-07 8:35:37', 2325880),
	('OR933037', 'CT652747', 'SL587994', 'SH54011', 'PY06361', '2022-10-07 8:35:37', 2351380),
	('OR936492', 'CT133675', 'SL062109', 'SH89802', 'PY48756', '2022-10-10 14:46:20', 4828742),
	('OR936492', 'CT133675', 'SL587994', 'SH00128', 'PY51255', '2022-10-10 14:46:20', 4789742),
	('OR936492', 'CT133675', 'SL764418', 'SH15883', 'PY52301', '2022-10-10 14:46:20', 4789742),
	('OR949912', 'CT153309', 'SL062109', 'SH43494', 'PY05889', '2022-08-11 21:46:58', 2284594),
	('OR949912', 'CT153309', 'SL587994', 'SH16706', 'PY40040', '2022-08-11 21:46:58', 2248594),
	('OR952015', 'CT338133', 'SL062109', 'SH24507', 'PY77223', '2022-09-05 6:59:48', 2657599),
	('OR952015', 'CT338133', 'SL587994', 'SH04947', 'PY60103', '2022-09-05 6:59:48', 2657599),
	('OR959589', 'CT813581', 'SL062109', 'SH81422', 'PY99393', '2022-06-02 16:34:05', 4679979),
	('OR959589', 'CT813581', 'SL587994', 'SH15171', 'PY55418', '2022-06-02 16:34:05', 4679979),
	('OR959589', 'CT813581', 'SL764418', 'SH17006', 'PY18545', '2022-06-02 16:34:05', 4730979),
	('OR962607', 'CT395048', 'SL062109', 'SH70650', 'PY03529', '2023-02-11 13:31:23', 4253088),
	('OR962607', 'CT395048', 'SL587994', 'SH04747', 'PY58594', '2023-02-11 13:31:23', 4340088),
	('OR962607', 'CT395048', 'SL764418', 'SH37167', 'PY10821', '2023-02-11 13:31:23', 4289088),
	('OR962617', 'CT871838', 'SL062109', 'SH49187', 'PY94836', '2022-10-20 6:14:51', 2765883),
	('OR962617', 'CT871838', 'SL587994', 'SH06112', 'PY91180', '2022-10-20 6:14:51', 2887383),
	('OR963727', 'CT505704', 'SL062109', 'SH39115', 'PY07091', '2022-07-12 16:29:40', 5281188),
	('OR963727', 'CT505704', 'SL587994', 'SH07920', 'PY55988', '2022-07-12 16:29:40', 5282188),
	('OR963727', 'CT505704', 'SL764418', 'SH76019', 'PY57707', '2022-07-12 16:29:40', 5282188),
	('OR964331', 'CT869535', 'SL062109', 'SH95959', 'PY03211', '2022-09-22 14:03:33', 5722598),
	('OR964331', 'CT869535', 'SL587994', 'SH33342', 'PY68120', '2022-09-22 14:03:33', 5722598),
	('OR965828', 'CT437060', 'SL062109', 'SH84059', 'PY90469', '2022-09-25 6:55:15', 2040085),
	('OR965828', 'CT437060', 'SL587994', 'SH03953', 'PY55110', '2022-09-25 6:55:15', 2040085),
	('OR965828', 'CT437060', 'SL764418', 'SH15237', 'PY48557', '2022-09-25 6:55:15', 2038085),
	('OR970764', 'CT124325', 'SL062109', 'SH95502', 'PY97028', '2022-12-03 23:07:54', 6811507),
	('OR970764', 'CT124325', 'SL587994', 'SH47343', 'PY98994', '2022-12-03 23:07:54', 6811507),
	('OR970764', 'CT124325', 'SL764418', 'SH66223', 'PY72837', '2022-12-03 23:07:54', 6811507),
	('OR977243', 'CT776323', 'SL062109', 'SH99815', 'PY67591', '2022-11-14 7:44:13', 7846952),
	('OR977243', 'CT776323', 'SL587994', 'SH22453', 'PY57651', '2022-11-14 7:44:13', 7750952),
	('OR977243', 'CT776323', 'SL764418', 'SH09646', 'PY71607', '2022-11-14 7:44:13', 7816952),
	('OR979048', 'CT854110', 'SL062109', 'SH57521', 'PY91986', '2022-06-11 20:29:30', 4686083),
	('OR979048', 'CT854110', 'SL587994', 'SH08680', 'PY14019', '2022-06-11 20:29:30', 4716083),
	('OR981380', 'CT057935', 'SL062109', 'SH39779', 'PY28391', '2022-12-08 5:54:39', 3250312),
	('OR981380', 'CT057935', 'SL587994', 'SH27995', 'PY12120', '2022-12-08 5:54:39', 3277312),
	('OR989577', 'CT444004', 'SL062109', 'SH24101', 'PY47199', '2022-11-14 5:10:29', 5552706),
	('OR989577', 'CT444004', 'SL587994', 'SH71505', 'PY98158', '2022-11-14 5:10:29', 5632206),
	('OR989577', 'CT444004', 'SL764418', 'SH18135', 'PY64961', '2022-11-14 5:10:29', 5552706),
	('OR991948', 'CT652747', 'SL062109', 'SH67218', 'PY69430', '2022-07-21 1:10:17', 4598324),
	('OR991948', 'CT652747', 'SL587994', 'SH53533', 'PY49579', '2022-07-21 1:10:17', 4560824),
	('OR991948', 'CT652747', 'SL764418', 'SH44640', 'PY69536', '2022-07-21 1:10:17', 4535324),
	('OR993305', 'CT365166', 'SL062109', 'SH42558', 'PY48579', '2022-09-29 13:22:28', 3311014),
	('OR993305', 'CT365166', 'SL587994', 'SH69763', 'PY12526', '2022-09-29 13:22:28', 3279514),
	('OR994432', 'CT217412', 'SL062109', 'SH03303', 'PY02496', '2022-08-10 17:40:40', 5110628),
	('OR994432', 'CT217412', 'SL587994', 'SH77441', 'PY04542', '2022-08-10 17:40:40', 5109628),
	('OR994432', 'CT217412', 'SL764418', 'SH12399', 'PY04823', '2022-08-10 17:40:40', 5124628),
	('OR996621', 'CT755571', 'SL062109', 'SH99487', 'PY87329', '2023-01-11 12:36:33', 3747225),
	('OR996621', 'CT755571', 'SL587994', 'SH72856', 'PY19433', '2023-01-11 12:36:33', 3747225),
	('OR999917', 'CT871838', 'SL062109', 'SH20968', 'PY38619', '2023-02-27 8:40:00', 7997654),
	('OR999917', 'CT871838', 'SL587994', 'SH16224', 'PY51992', '2023-02-27 8:40:00', 7876154),
	('OR999917', 'CT871838', 'SL764418', 'SH23685', 'PY06068', '2023-02-27 8:40:00', 8000654);

-- Dumping structure for table dbecommerce.payment_detail
CREATE TABLE IF NOT EXISTS `payment_detail` (
  `payment_id` varchar(10) NOT NULL,
  `bank` varchar(10) NOT NULL,
  `transaction_id` varchar(10) NOT NULL,
  PRIMARY KEY (`payment_id`),
  KEY `FK_payment_detail_dbbankbni.bni_transaction` (`transaction_id`),
  CONSTRAINT `FK_payment_detail_dbbankbni.bni_transaction` FOREIGN KEY (`transaction_id`) REFERENCES `dbbankbni`.`bni_transaction` (`transaction_id`),
  CONSTRAINT `FK_payment_detail_dbbankgopay.gopay_transaction` FOREIGN KEY (`transaction_id`) REFERENCES `dbbankgopay`.`gopay_transaction` (`transaction_id`)
) ENGINE=InnoDB DEFAULT CHARSET=utf8mb4 COLLATE=utf8mb4_0900_ai_ci;

-- Dumping data for table dbecommerce.payment_detail: ~500 rows (approximately)
DELETE FROM `payment_detail`;
INSERT INTO `payment_detail` (`payment_id`, `bank`, `transaction_id`) VALUES
	('PY00021', 'GoPay', 'GPY00021'),
	('PY00176', 'BNI', 'BPY00176'),
	('PY00419', 'GoPay', 'GPY00419'),
	('PY00442', 'BNI', 'BPY00442'),
	('PY00610', 'BNI', 'BPY00610'),
	('PY00662', 'GoPay', 'GPY00662'),
	('PY00681', 'GoPay', 'GPY00681'),
	('PY00737', 'GoPay', 'GPY00737'),
	('PY01283', 'GoPay', 'GPY01283'),
	('PY01358', 'BNI', 'BPY01358'),
	('PY01450', 'GoPay', 'GPY01450'),
	('PY01935', 'GoPay', 'GPY01935'),
	('PY02005', 'BNI', 'BPY02005'),
	('PY02034', 'BNI', 'BPY02034'),
	('PY02250', 'BNI', 'BPY02250'),
	('PY02276', 'BNI', 'BPY02276'),
	('PY02434', 'BNI', 'BPY02434'),
	('PY02496', 'GoPay', 'GPY02496'),
	('PY02648', 'BNI', 'BPY02648'),
	('PY02680', 'GoPay', 'GPY02680'),
	('PY02704', 'GoPay', 'GPY02704'),
	('PY02918', 'GoPay', 'GPY02918'),
	('PY02920', 'GoPay', 'GPY02920'),
	('PY03025', 'BNI', 'BPY03025'),
	('PY03124', 'BNI', 'BPY03124'),
	('PY03211', 'GoPay', 'GPY03211'),
	('PY03231', 'BNI', 'BPY03231'),
	('PY03286', 'GoPay', 'GPY03286'),
	('PY03491', 'GoPay', 'GPY03491'),
	('PY03529', 'BNI', 'BPY03529'),
	('PY04238', 'GoPay', 'GPY04238'),
	('PY04288', 'GoPay', 'GPY04288'),
	('PY04542', 'GoPay', 'GPY04542'),
	('PY04562', 'BNI', 'BPY04562'),
	('PY04823', 'GoPay', 'GPY04823'),
	('PY05098', 'GoPay', 'GPY05098'),
	('PY05235', 'BNI', 'BPY05235'),
	('PY05288', 'BNI', 'BPY05288'),
	('PY05889', 'GoPay', 'GPY05889'),
	('PY06068', 'BNI', 'BPY06068'),
	('PY06084', 'BNI', 'BPY06084'),
	('PY06302', 'GoPay', 'GPY06302'),
	('PY06361', 'BNI', 'BPY06361'),
	('PY06513', 'BNI', 'BPY06513'),
	('PY06556', 'BNI', 'BPY06556'),
	('PY06664', 'BNI', 'BPY06664'),
	('PY06925', 'BNI', 'BPY06925'),
	('PY07091', 'GoPay', 'GPY07091'),
	('PY07479', 'BNI', 'BPY07479'),
	('PY07481', 'GoPay', 'GPY07481'),
	('PY07945', 'GoPay', 'GPY07945'),
	('PY08082', 'BNI', 'BPY08082'),
	('PY08122', 'GoPay', 'GPY08122'),
	('PY08203', 'GoPay', 'GPY08203'),
	('PY08268', 'BNI', 'BPY08268'),
	('PY08412', 'BNI', 'BPY08412'),
	('PY09341', 'BNI', 'BPY09341'),
	('PY09353', 'BNI', 'BPY09353'),
	('PY09374', 'GoPay', 'GPY09374'),
	('PY09422', 'BNI', 'BPY09422'),
	('PY09535', 'BNI', 'BPY09535'),
	('PY09597', 'BNI', 'BPY09597'),
	('PY10081', 'BNI', 'BPY10081'),
	('PY10201', 'GoPay', 'GPY10201'),
	('PY10214', 'GoPay', 'GPY10214'),
	('PY10776', 'BNI', 'BPY10776'),
	('PY10821', 'BNI', 'BPY10821'),
	('PY11149', 'BNI', 'BPY11149'),
	('PY11566', 'BNI', 'BPY11566'),
	('PY12120', 'GoPay', 'GPY12120'),
	('PY12488', 'BNI', 'BPY12488'),
	('PY12526', 'BNI', 'BPY12526'),
	('PY12972', 'GoPay', 'GPY12972'),
	('PY13170', 'BNI', 'BPY13170'),
	('PY13193', 'GoPay', 'GPY13193'),
	('PY13322', 'GoPay', 'GPY13322'),
	('PY13924', 'GoPay', 'GPY13924'),
	('PY14011', 'GoPay', 'GPY14011'),
	('PY14019', 'GoPay', 'GPY14019'),
	('PY14030', 'GoPay', 'GPY14030'),
	('PY14664', 'BNI', 'BPY14664'),
	('PY14780', 'GoPay', 'GPY14780'),
	('PY14908', 'GoPay', 'GPY14908'),
	('PY15575', 'GoPay', 'GPY15575'),
	('PY15598', 'GoPay', 'GPY15598'),
	('PY16329', 'GoPay', 'GPY16329'),
	('PY16790', 'GoPay', 'GPY16790'),
	('PY17499', 'GoPay', 'GPY17499'),
	('PY17638', 'GoPay', 'GPY17638'),
	('PY17876', 'BNI', 'BPY17876'),
	('PY17938', 'GoPay', 'GPY17938'),
	('PY18155', 'BNI', 'BPY18155'),
	('PY18525', 'GoPay', 'GPY18525'),
	('PY18545', 'BNI', 'BPY18545'),
	('PY18674', 'BNI', 'BPY18674'),
	('PY18692', 'BNI', 'BPY18692'),
	('PY19307', 'BNI', 'BPY19307'),
	('PY19433', 'BNI', 'BPY19433'),
	('PY19722', 'BNI', 'BPY19722'),
	('PY19744', 'GoPay', 'GPY19744'),
	('PY20020', 'BNI', 'BPY20020'),
	('PY20136', 'GoPay', 'GPY20136'),
	('PY20400', 'BNI', 'BPY20400'),
	('PY20754', 'GoPay', 'GPY20754'),
	('PY20921', 'BNI', 'BPY20921'),
	('PY21528', 'BNI', 'BPY21528'),
	('PY21540', 'BNI', 'BPY21540'),
	('PY22332', 'BNI', 'BPY22332'),
	('PY22552', 'GoPay', 'GPY22552'),
	('PY23234', 'BNI', 'BPY23234'),
	('PY23609', 'GoPay', 'GPY23609'),
	('PY24100', 'BNI', 'BPY24100'),
	('PY24212', 'BNI', 'BPY24212'),
	('PY24421', 'GoPay', 'GPY24421'),
	('PY24788', 'BNI', 'BPY24788'),
	('PY24836', 'BNI', 'BPY24836'),
	('PY25308', 'BNI', 'BPY25308'),
	('PY25409', 'BNI', 'BPY25409'),
	('PY25591', 'GoPay', 'GPY25591'),
	('PY25682', 'BNI', 'BPY25682'),
	('PY25795', 'GoPay', 'GPY25795'),
	('PY25813', 'BNI', 'BPY25813'),
	('PY26109', 'GoPay', 'GPY26109'),
	('PY26168', 'GoPay', 'GPY26168'),
	('PY26860', 'BNI', 'BPY26860'),
	('PY27081', 'GoPay', 'GPY27081'),
	('PY27450', 'GoPay', 'GPY27450'),
	('PY28097', 'GoPay', 'GPY28097'),
	('PY28391', 'GoPay', 'GPY28391'),
	('PY28753', 'GoPay', 'GPY28753'),
	('PY28903', 'GoPay', 'GPY28903'),
	('PY29059', 'BNI', 'BPY29059'),
	('PY29183', 'GoPay', 'GPY29183'),
	('PY29303', 'GoPay', 'GPY29303'),
	('PY29390', 'BNI', 'BPY29390'),
	('PY29478', 'GoPay', 'GPY29478'),
	('PY29728', 'BNI', 'BPY29728'),
	('PY29839', 'GoPay', 'GPY29839'),
	('PY29845', 'GoPay', 'GPY29845'),
	('PY30222', 'BNI', 'BPY30222'),
	('PY30677', 'BNI', 'BPY30677'),
	('PY31058', 'GoPay', 'GPY31058'),
	('PY31102', 'GoPay', 'GPY31102'),
	('PY31429', 'BNI', 'BPY31429'),
	('PY31606', 'BNI', 'BPY31606'),
	('PY31915', 'BNI', 'BPY31915'),
	('PY31952', 'GoPay', 'GPY31952'),
	('PY31964', 'BNI', 'BPY31964'),
	('PY32084', 'BNI', 'BPY32084'),
	('PY32326', 'GoPay', 'GPY32326'),
	('PY32346', 'BNI', 'BPY32346'),
	('PY32518', 'GoPay', 'GPY32518'),
	('PY32544', 'BNI', 'BPY32544'),
	('PY32563', 'BNI', 'BPY32563'),
	('PY32731', 'BNI', 'BPY32731'),
	('PY32974', 'BNI', 'BPY32974'),
	('PY33078', 'GoPay', 'GPY33078'),
	('PY33115', 'BNI', 'BPY33115'),
	('PY33188', 'GoPay', 'GPY33188'),
	('PY33577', 'GoPay', 'GPY33577'),
	('PY33628', 'GoPay', 'GPY33628'),
	('PY33654', 'GoPay', 'GPY33654'),
	('PY34100', 'BNI', 'BPY34100'),
	('PY34315', 'GoPay', 'GPY34315'),
	('PY34657', 'GoPay', 'GPY34657'),
	('PY34746', 'BNI', 'BPY34746'),
	('PY34884', 'BNI', 'BPY34884'),
	('PY35316', 'BNI', 'BPY35316'),
	('PY35377', 'GoPay', 'GPY35377'),
	('PY35439', 'BNI', 'BPY35439'),
	('PY35488', 'BNI', 'BPY35488'),
	('PY36089', 'BNI', 'BPY36089'),
	('PY36101', 'GoPay', 'GPY36101'),
	('PY36448', 'BNI', 'BPY36448'),
	('PY36884', 'BNI', 'BPY36884'),
	('PY37006', 'GoPay', 'GPY37006'),
	('PY37031', 'BNI', 'BPY37031'),
	('PY37046', 'BNI', 'BPY37046'),
	('PY37098', 'BNI', 'BPY37098'),
	('PY37119', 'GoPay', 'GPY37119'),
	('PY37174', 'BNI', 'BPY37174'),
	('PY37279', 'GoPay', 'GPY37279'),
	('PY37315', 'GoPay', 'GPY37315'),
	('PY37844', 'GoPay', 'GPY37844'),
	('PY38172', 'GoPay', 'GPY38172'),
	('PY38240', 'GoPay', 'GPY38240'),
	('PY38524', 'GoPay', 'GPY38524'),
	('PY38619', 'BNI', 'BPY38619'),
	('PY38654', 'GoPay', 'GPY38654'),
	('PY38920', 'GoPay', 'GPY38920'),
	('PY39843', 'GoPay', 'GPY39843'),
	('PY39853', 'BNI', 'BPY39853'),
	('PY40003', 'GoPay', 'GPY40003'),
	('PY40040', 'GoPay', 'GPY40040'),
	('PY40426', 'GoPay', 'GPY40426'),
	('PY41215', 'BNI', 'BPY41215'),
	('PY41516', 'GoPay', 'GPY41516'),
	('PY41625', 'BNI', 'BPY41625'),
	('PY41856', 'GoPay', 'GPY41856'),
	('PY41902', 'GoPay', 'GPY41902'),
	('PY42030', 'GoPay', 'GPY42030'),
	('PY42119', 'GoPay', 'GPY42119'),
	('PY42712', 'GoPay', 'GPY42712'),
	('PY43240', 'BNI', 'BPY43240'),
	('PY43316', 'BNI', 'BPY43316'),
	('PY44021', 'BNI', 'BPY44021'),
	('PY44391', 'GoPay', 'GPY44391'),
	('PY44475', 'BNI', 'BPY44475'),
	('PY44476', 'GoPay', 'GPY44476'),
	('PY44540', 'BNI', 'BPY44540'),
	('PY44570', 'GoPay', 'GPY44570'),
	('PY44660', 'GoPay', 'GPY44660'),
	('PY44868', 'BNI', 'BPY44868'),
	('PY45000', 'GoPay', 'GPY45000'),
	('PY46055', 'GoPay', 'GPY46055'),
	('PY46479', 'BNI', 'BPY46479'),
	('PY46703', 'GoPay', 'GPY46703'),
	('PY46732', 'GoPay', 'GPY46732'),
	('PY46896', 'BNI', 'BPY46896'),
	('PY46976', 'GoPay', 'GPY46976'),
	('PY47199', 'BNI', 'BPY47199'),
	('PY47407', 'BNI', 'BPY47407'),
	('PY47466', 'GoPay', 'GPY47466'),
	('PY47475', 'BNI', 'BPY47475'),
	('PY47493', 'BNI', 'BPY47493'),
	('PY47617', 'BNI', 'BPY47617'),
	('PY48049', 'GoPay', 'GPY48049'),
	('PY48085', 'BNI', 'BPY48085'),
	('PY48288', 'GoPay', 'GPY48288'),
	('PY48478', 'GoPay', 'GPY48478'),
	('PY48557', 'GoPay', 'GPY48557'),
	('PY48579', 'BNI', 'BPY48579'),
	('PY48680', 'GoPay', 'GPY48680'),
	('PY48756', 'BNI', 'BPY48756'),
	('PY49136', 'GoPay', 'GPY49136'),
	('PY49173', 'GoPay', 'GPY49173'),
	('PY49554', 'GoPay', 'GPY49554'),
	('PY49569', 'GoPay', 'GPY49569'),
	('PY49579', 'BNI', 'BPY49579'),
	('PY49630', 'GoPay', 'GPY49630'),
	('PY49820', 'GoPay', 'GPY49820'),
	('PY49988', 'BNI', 'BPY49988'),
	('PY50208', 'GoPay', 'GPY50208'),
	('PY50563', 'GoPay', 'GPY50563'),
	('PY50650', 'BNI', 'BPY50650'),
	('PY50821', 'GoPay', 'GPY50821'),
	('PY50888', 'BNI', 'BPY50888'),
	('PY51070', 'GoPay', 'GPY51070'),
	('PY51074', 'BNI', 'BPY51074'),
	('PY51255', 'BNI', 'BPY51255'),
	('PY51466', 'GoPay', 'GPY51466'),
	('PY51476', 'BNI', 'BPY51476'),
	('PY51711', 'BNI', 'BPY51711'),
	('PY51827', 'GoPay', 'GPY51827'),
	('PY51992', 'BNI', 'BPY51992'),
	('PY52147', 'BNI', 'BPY52147'),
	('PY52157', 'BNI', 'BPY52157'),
	('PY52232', 'BNI', 'BPY52232'),
	('PY52263', 'BNI', 'BPY52263'),
	('PY52301', 'BNI', 'BPY52301'),
	('PY52355', 'GoPay', 'GPY52355'),
	('PY52556', 'BNI', 'BPY52556'),
	('PY53134', 'GoPay', 'GPY53134'),
	('PY53689', 'BNI', 'BPY53689'),
	('PY53761', 'BNI', 'BPY53761'),
	('PY53771', 'GoPay', 'GPY53771'),
	('PY53969', 'BNI', 'BPY53969'),
	('PY54088', 'BNI', 'BPY54088'),
	('PY54226', 'BNI', 'BPY54226'),
	('PY54780', 'BNI', 'BPY54780'),
	('PY55110', 'GoPay', 'GPY55110'),
	('PY55130', 'GoPay', 'GPY55130'),
	('PY55305', 'GoPay', 'GPY55305'),
	('PY55418', 'BNI', 'BPY55418'),
	('PY55605', 'GoPay', 'GPY55605'),
	('PY55643', 'BNI', 'BPY55643'),
	('PY55795', 'BNI', 'BPY55795'),
	('PY55942', 'GoPay', 'GPY55942'),
	('PY55988', 'GoPay', 'GPY55988'),
	('PY56247', 'GoPay', 'GPY56247'),
	('PY56445', 'BNI', 'BPY56445'),
	('PY56518', 'BNI', 'BPY56518'),
	('PY56932', 'BNI', 'BPY56932'),
	('PY57226', 'GoPay', 'GPY57226'),
	('PY57310', 'GoPay', 'GPY57310'),
	('PY57651', 'BNI', 'BPY57651'),
	('PY57707', 'GoPay', 'GPY57707'),
	('PY57927', 'GoPay', 'GPY57927'),
	('PY58088', 'GoPay', 'GPY58088'),
	('PY58129', 'BNI', 'BPY58129'),
	('PY58309', 'GoPay', 'GPY58309'),
	('PY58324', 'BNI', 'BPY58324'),
	('PY58594', 'BNI', 'BPY58594'),
	('PY58809', 'BNI', 'BPY58809'),
	('PY59027', 'BNI', 'BPY59027'),
	('PY59198', 'GoPay', 'GPY59198'),
	('PY59334', 'BNI', 'BPY59334'),
	('PY59523', 'BNI', 'BPY59523'),
	('PY60103', 'GoPay', 'GPY60103'),
	('PY60114', 'GoPay', 'GPY60114'),
	('PY60374', 'GoPay', 'GPY60374'),
	('PY60519', 'BNI', 'BPY60519'),
	('PY60654', 'BNI', 'BPY60654'),
	('PY60698', 'BNI', 'BPY60698'),
	('PY60896', 'GoPay', 'GPY60896'),
	('PY61002', 'GoPay', 'GPY61002'),
	('PY61276', 'BNI', 'BPY61276'),
	('PY61353', 'BNI', 'BPY61353'),
	('PY61446', 'BNI', 'BPY61446'),
	('PY61680', 'GoPay', 'GPY61680'),
	('PY61807', 'GoPay', 'GPY61807'),
	('PY62156', 'GoPay', 'GPY62156'),
	('PY62257', 'GoPay', 'GPY62257'),
	('PY62567', 'BNI', 'BPY62567'),
	('PY62611', 'BNI', 'BPY62611'),
	('PY62647', 'BNI', 'BPY62647'),
	('PY63043', 'BNI', 'BPY63043'),
	('PY63054', 'GoPay', 'GPY63054'),
	('PY63128', 'GoPay', 'GPY63128'),
	('PY64271', 'BNI', 'BPY64271'),
	('PY64521', 'BNI', 'BPY64521'),
	('PY64961', 'BNI', 'BPY64961'),
	('PY65201', 'GoPay', 'GPY65201'),
	('PY65404', 'BNI', 'BPY65404'),
	('PY65448', 'BNI', 'BPY65448'),
	('PY65547', 'GoPay', 'GPY65547'),
	('PY65565', 'GoPay', 'GPY65565'),
	('PY65945', 'BNI', 'BPY65945'),
	('PY65978', 'GoPay', 'GPY65978'),
	('PY66096', 'GoPay', 'GPY66096'),
	('PY66098', 'GoPay', 'GPY66098'),
	('PY66123', 'BNI', 'BPY66123'),
	('PY66127', 'GoPay', 'GPY66127'),
	('PY66180', 'GoPay', 'GPY66180'),
	('PY66249', 'BNI', 'BPY66249'),
	('PY66363', 'GoPay', 'GPY66363'),
	('PY67138', 'BNI', 'BPY67138'),
	('PY67274', 'GoPay', 'GPY67274'),
	('PY67289', 'BNI', 'BPY67289'),
	('PY67581', 'BNI', 'BPY67581'),
	('PY67591', 'BNI', 'BPY67591'),
	('PY67693', 'BNI', 'BPY67693'),
	('PY67882', 'BNI', 'BPY67882'),
	('PY67946', 'BNI', 'BPY67946'),
	('PY68120', 'GoPay', 'GPY68120'),
	('PY68474', 'GoPay', 'GPY68474'),
	('PY68737', 'GoPay', 'GPY68737'),
	('PY68865', 'GoPay', 'GPY68865'),
	('PY68876', 'BNI', 'BPY68876'),
	('PY68886', 'BNI', 'BPY68886'),
	('PY69050', 'BNI', 'BPY69050'),
	('PY69173', 'BNI', 'BPY69173'),
	('PY69430', 'BNI', 'BPY69430'),
	('PY69496', 'BNI', 'BPY69496'),
	('PY69536', 'BNI', 'BPY69536'),
	('PY69654', 'GoPay', 'GPY69654'),
	('PY69818', 'GoPay', 'GPY69818'),
	('PY70084', 'GoPay', 'GPY70084'),
	('PY70686', 'BNI', 'BPY70686'),
	('PY70963', 'BNI', 'BPY70963'),
	('PY71607', 'BNI', 'BPY71607'),
	('PY71686', 'GoPay', 'GPY71686'),
	('PY72255', 'GoPay', 'GPY72255'),
	('PY72619', 'BNI', 'BPY72619'),
	('PY72658', 'GoPay', 'GPY72658'),
	('PY72701', 'BNI', 'BPY72701'),
	('PY72837', 'BNI', 'BPY72837'),
	('PY73057', 'GoPay', 'GPY73057'),
	('PY73125', 'BNI', 'BPY73125'),
	('PY73471', 'BNI', 'BPY73471'),
	('PY73943', 'GoPay', 'GPY73943'),
	('PY73948', 'GoPay', 'GPY73948'),
	('PY74064', 'GoPay', 'GPY74064'),
	('PY74086', 'GoPay', 'GPY74086'),
	('PY74157', 'GoPay', 'GPY74157'),
	('PY74191', 'GoPay', 'GPY74191'),
	('PY74357', 'GoPay', 'GPY74357'),
	('PY74396', 'BNI', 'BPY74396'),
	('PY74469', 'GoPay', 'GPY74469'),
	('PY74611', 'BNI', 'BPY74611'),
	('PY74804', 'BNI', 'BPY74804'),
	('PY75108', 'GoPay', 'GPY75108'),
	('PY75181', 'BNI', 'BPY75181'),
	('PY75619', 'GoPay', 'GPY75619'),
	('PY75638', 'GoPay', 'GPY75638'),
	('PY75654', 'GoPay', 'GPY75654'),
	('PY75657', 'BNI', 'BPY75657'),
	('PY76026', 'BNI', 'BPY76026'),
	('PY76233', 'GoPay', 'GPY76233'),
	('PY76429', 'BNI', 'BPY76429'),
	('PY76519', 'GoPay', 'GPY76519'),
	('PY77081', 'GoPay', 'GPY77081'),
	('PY77097', 'GoPay', 'GPY77097'),
	('PY77218', 'BNI', 'BPY77218'),
	('PY77223', 'GoPay', 'GPY77223'),
	('PY77544', 'GoPay', 'GPY77544'),
	('PY77984', 'BNI', 'BPY77984'),
	('PY78001', 'GoPay', 'GPY78001'),
	('PY78018', 'GoPay', 'GPY78018'),
	('PY78210', 'BNI', 'BPY78210'),
	('PY78417', 'GoPay', 'GPY78417'),
	('PY78458', 'GoPay', 'GPY78458'),
	('PY78505', 'BNI', 'BPY78505'),
	('PY78627', 'GoPay', 'GPY78627'),
	('PY78799', 'GoPay', 'GPY78799'),
	('PY78802', 'BNI', 'BPY78802'),
	('PY80129', 'BNI', 'BPY80129'),
	('PY80462', 'GoPay', 'GPY80462'),
	('PY81031', 'BNI', 'BPY81031'),
	('PY81092', 'BNI', 'BPY81092'),
	('PY81341', 'GoPay', 'GPY81341'),
	('PY82272', 'BNI', 'BPY82272'),
	('PY82484', 'GoPay', 'GPY82484'),
	('PY82522', 'GoPay', 'GPY82522'),
	('PY82987', 'BNI', 'BPY82987'),
	('PY83041', 'BNI', 'BPY83041'),
	('PY83132', 'BNI', 'BPY83132'),
	('PY83749', 'BNI', 'BPY83749'),
	('PY83770', 'BNI', 'BPY83770'),
	('PY83872', 'BNI', 'BPY83872'),
	('PY84349', 'BNI', 'BPY84349'),
	('PY84386', 'BNI', 'BPY84386'),
	('PY84437', 'BNI', 'BPY84437'),
	('PY84612', 'GoPay', 'GPY84612'),
	('PY85010', 'GoPay', 'GPY85010'),
	('PY85300', 'GoPay', 'GPY85300'),
	('PY85342', 'GoPay', 'GPY85342'),
	('PY85659', 'BNI', 'BPY85659'),
	('PY86719', 'BNI', 'BPY86719'),
	('PY86737', 'GoPay', 'GPY86737'),
	('PY86826', 'GoPay', 'GPY86826'),
	('PY87088', 'GoPay', 'GPY87088'),
	('PY87329', 'BNI', 'BPY87329'),
	('PY87370', 'GoPay', 'GPY87370'),
	('PY87500', 'BNI', 'BPY87500'),
	('PY87609', 'BNI', 'BPY87609'),
	('PY87898', 'GoPay', 'GPY87898'),
	('PY88694', 'GoPay', 'GPY88694'),
	('PY88797', 'GoPay', 'GPY88797'),
	('PY88869', 'BNI', 'BPY88869'),
	('PY89082', 'BNI', 'BPY89082'),
	('PY89288', 'BNI', 'BPY89288'),
	('PY89336', 'GoPay', 'GPY89336'),
	('PY89519', 'GoPay', 'GPY89519'),
	('PY90009', 'GoPay', 'GPY90009'),
	('PY90469', 'GoPay', 'GPY90469'),
	('PY90478', 'BNI', 'BPY90478'),
	('PY90586', 'GoPay', 'GPY90586'),
	('PY90658', 'BNI', 'BPY90658'),
	('PY90817', 'GoPay', 'GPY90817'),
	('PY91003', 'GoPay', 'GPY91003'),
	('PY91180', 'BNI', 'BPY91180'),
	('PY91971', 'GoPay', 'GPY91971'),
	('PY91986', 'GoPay', 'GPY91986'),
	('PY92141', 'GoPay', 'GPY92141'),
	('PY92266', 'BNI', 'BPY92266'),
	('PY92278', 'GoPay', 'GPY92278'),
	('PY92395', 'GoPay', 'GPY92395'),
	('PY92445', 'GoPay', 'GPY92445'),
	('PY92569', 'BNI', 'BPY92569'),
	('PY92683', 'GoPay', 'GPY92683'),
	('PY92684', 'BNI', 'BPY92684'),
	('PY93075', 'BNI', 'BPY93075'),
	('PY94075', 'GoPay', 'GPY94075'),
	('PY94194', 'GoPay', 'GPY94194'),
	('PY94304', 'GoPay', 'GPY94304'),
	('PY94414', 'GoPay', 'GPY94414'),
	('PY94502', 'BNI', 'BPY94502'),
	('PY94540', 'BNI', 'BPY94540'),
	('PY94819', 'BNI', 'BPY94819'),
	('PY94836', 'BNI', 'BPY94836'),
	('PY94919', 'GoPay', 'GPY94919'),
	('PY95161', 'BNI', 'BPY95161'),
	('PY95253', 'BNI', 'BPY95253'),
	('PY95330', 'GoPay', 'GPY95330'),
	('PY95411', 'GoPay', 'GPY95411'),
	('PY95918', 'BNI', 'BPY95918'),
	('PY96009', 'GoPay', 'GPY96009'),
	('PY96165', 'BNI', 'BPY96165'),
	('PY96619', 'GoPay', 'GPY96619'),
	('PY96662', 'GoPay', 'GPY96662'),
	('PY96762', 'BNI', 'BPY96762'),
	('PY96785', 'GoPay', 'GPY96785'),
	('PY96853', 'BNI', 'BPY96853'),
	('PY97028', 'BNI', 'BPY97028'),
	('PY97176', 'GoPay', 'GPY97176'),
	('PY97515', 'BNI', 'BPY97515'),
	('PY97713', 'GoPay', 'GPY97713'),
	('PY97847', 'BNI', 'BPY97847'),
	('PY98013', 'GoPay', 'GPY98013'),
	('PY98158', 'BNI', 'BPY98158'),
	('PY98310', 'GoPay', 'GPY98310'),
	('PY98944', 'BNI', 'BPY98944'),
	('PY98994', 'BNI', 'BPY98994'),
	('PY99104', 'BNI', 'BPY99104'),
	('PY99255', 'BNI', 'BPY99255'),
	('PY99364', 'GoPay', 'GPY99364'),
	('PY99393', 'BNI', 'BPY99393'),
	('PY99735', 'GoPay', 'GPY99735'),
	('PY99815', 'BNI', 'BPY99815');

-- Dumping structure for table dbecommerce.seller
CREATE TABLE IF NOT EXISTS `seller` (
  `seller_id` varchar(10) NOT NULL,
  `seller_name` varchar(10) NOT NULL,
  `country` varchar(10) NOT NULL,
  `address` varchar(30) NOT NULL,
  `gopay_id` varchar(10) NOT NULL,
  `bni_id` varchar(10) NOT NULL,
  PRIMARY KEY (`seller_id`),
  KEY `FK_seller_dbbankgopay.gopay_account` (`gopay_id`),
  KEY `FK_seller_dbbankbni.bni_account` (`bni_id`),
  CONSTRAINT `FK_seller_dbbankbni.bni_account` FOREIGN KEY (`bni_id`) REFERENCES `dbbankbni`.`bni_account` (`account_id`),
  CONSTRAINT `FK_seller_dbbankgopay.gopay_account` FOREIGN KEY (`gopay_id`) REFERENCES `dbbankgopay`.`gopay_account` (`account_id`)
) ENGINE=InnoDB DEFAULT CHARSET=utf8mb4 COLLATE=utf8mb4_0900_ai_ci;

-- Dumping data for table dbecommerce.seller: ~3 rows (approximately)
DELETE FROM `seller`;
INSERT INTO `seller` (`seller_id`, `seller_name`, `country`, `address`, `gopay_id`, `bni_id`) VALUES
	('SL062109', 'Lumiere', 'Indonesia', '0614 Southridge Parkway', 'GA000022', 'BA000893'),
	('SL587994', 'Zalya', 'Indonesia', '80074 Maywood Point', 'GA000092', 'BA000603'),
	('SL764418', 'Effe', 'Indonesia', '5 Lakewood Gardens Center', 'GA000042', 'BA000651');

-- Dumping structure for table dbecommerce.shipping_detail
CREATE TABLE IF NOT EXISTS `shipping_detail` (
  `shipping_id` varchar(10) NOT NULL,
  `shipper` varchar(10) NOT NULL,
  `shipping_number` varchar(10) NOT NULL,
  `shipping_fee` varchar(10) NOT NULL,
  PRIMARY KEY (`shipping_id`),
  KEY `FK_shipping_detail_dbshipperjne.jne_shipping` (`shipping_number`),
  CONSTRAINT `FK_shipping_detail_dbshipperjne.jne_shipping` FOREIGN KEY (`shipping_number`) REFERENCES `dbshipperjne`.`jne_shipping` (`shipping_number`),
  CONSTRAINT `FK_shipping_detail_dbshippersicepat.sicepat_shipping` FOREIGN KEY (`shipping_number`) REFERENCES `dbshippersicepat`.`sicepat_shipping` (`shipping_number`)
) ENGINE=InnoDB DEFAULT CHARSET=utf8mb4 COLLATE=utf8mb4_0900_ai_ci;

-- Dumping data for table dbecommerce.shipping_detail: ~500 rows (approximately)
DELETE FROM `shipping_detail`;
INSERT INTO `shipping_detail` (`shipping_id`, `shipper`, `shipping_number`, `shipping_fee`) VALUES
	('SH00128', 'JNE', 'JSH00128', '19500'),
	('SH00442', 'JNE', 'JSH00442', '21000'),
	('SH00482', 'JNE', 'JSH00482', '84000'),
	('SH00688', 'SiCepat', 'SSH00688', '96000'),
	('SH00837', 'SiCepat', 'SSH00837', '38000'),
	('SH00849', 'JNE', 'JSH00849', '126000'),
	('SH01747', 'JNE', 'JSH01747', '7500'),
	('SH01801', 'JNE', 'JSH01801', '115500'),
	('SH02214', 'SiCepat', 'SSH02214', '70000'),
	('SH02791', 'SiCepat', 'SSH02791', '64000'),
	('SH02866', 'JNE', 'JSH02866', '138000'),
	('SH03066', 'JNE', 'JSH03066', '12000'),
	('SH03252', 'JNE', 'JSH03252', '108000'),
	('SH03303', 'SiCepat', 'SSH03303', '54000'),
	('SH03537', 'SiCepat', 'SSH03537', '41000'),
	('SH03618', 'JNE', 'JSH03618', '102000'),
	('SH03692', 'SiCepat', 'SSH03692', '91000'),
	('SH03953', 'SiCepat', 'SSH03953', '51000'),
	('SH03980', 'SiCepat', 'SSH03980', '34000'),
	('SH04121', 'JNE', 'JSH04121', '124500'),
	('SH04405', 'JNE', 'JSH04405', '57000'),
	('SH04493', 'JNE', 'JSH04493', '42000'),
	('SH04747', 'JNE', 'JSH04747', '127500'),
	('SH04839', 'JNE', 'JSH04839', '108000'),
	('SH04947', 'SiCepat', 'SSH04947', '13000'),
	('SH04973', 'JNE', 'JSH04973', '138000'),
	('SH05001', 'JNE', 'JSH05001', '15000'),
	('SH05283', 'JNE', 'JSH05283', '19500'),
	('SH05403', 'SiCepat', 'SSH05403', '47000'),
	('SH05569', 'SiCepat', 'SSH05569', '20000'),
	('SH05969', 'SiCepat', 'SSH05969', '71000'),
	('SH05983', 'JNE', 'JSH05983', '43500'),
	('SH06112', 'JNE', 'JSH06112', '132000'),
	('SH06156', 'JNE', 'JSH06156', '138000'),
	('SH06397', 'SiCepat', 'SSH06397', '55000'),
	('SH06545', 'SiCepat', 'SSH06545', '55000'),
	('SH06789', 'SiCepat', 'SSH06789', '15000'),
	('SH07763', 'JNE', 'JSH07763', '127500'),
	('SH07771', 'JNE', 'JSH07771', '63000'),
	('SH07920', 'SiCepat', 'SSH07920', '31000'),
	('SH07998', 'JNE', 'JSH07998', '37500'),
	('SH08177', 'SiCepat', 'SSH08177', '100000'),
	('SH08343', 'JNE', 'JSH08343', '61500'),
	('SH08680', 'SiCepat', 'SSH08680', '91000'),
	('SH09185', 'JNE', 'JSH09185', '94500'),
	('SH09282', 'SiCepat', 'SSH09282', '11000'),
	('SH09646', 'JNE', 'JSH09646', '78000'),
	('SH09785', 'JNE', 'JSH09785', '148500'),
	('SH09830', 'SiCepat', 'SSH09830', '60000'),
	('SH09896', 'SiCepat', 'SSH09896', '33000'),
	('SH10035', 'JNE', 'JSH10035', '82500'),
	('SH10144', 'JNE', 'JSH10144', '138000'),
	('SH10171', 'JNE', 'JSH10171', '70500'),
	('SH10324', 'SiCepat', 'SSH10324', '15000'),
	('SH10877', 'JNE', 'JSH10877', '126000'),
	('SH11353', 'SiCepat', 'SSH11353', '39000'),
	('SH11394', 'JNE', 'JSH11394', '121500'),
	('SH11762', 'SiCepat', 'SSH11762', '89000'),
	('SH11923', 'JNE', 'JSH11923', '24000'),
	('SH12279', 'SiCepat', 'SSH12279', '91000'),
	('SH12333', 'JNE', 'JSH12333', '58500'),
	('SH12399', 'SiCepat', 'SSH12399', '68000'),
	('SH12628', 'SiCepat', 'SSH12628', '71000'),
	('SH13266', 'JNE', 'JSH13266', '138000'),
	('SH13353', 'SiCepat', 'SSH13353', '78000'),
	('SH13673', 'SiCepat', 'SSH13673', '97000'),
	('SH14097', 'JNE', 'JSH14097', '97500'),
	('SH14160', 'SiCepat', 'SSH14160', '33000'),
	('SH14392', 'SiCepat', 'SSH14392', '91000'),
	('SH14493', 'SiCepat', 'SSH14493', '65000'),
	('SH14538', 'SiCepat', 'SSH14538', '32000'),
	('SH14750', 'JNE', 'JSH14750', '49500'),
	('SH14985', 'SiCepat', 'SSH14985', '37000'),
	('SH15017', 'JNE', 'JSH15017', '127500'),
	('SH15059', 'JNE', 'JSH15059', '81000'),
	('SH15171', 'JNE', 'JSH15171', '27000'),
	('SH15237', 'SiCepat', 'SSH15237', '49000'),
	('SH15478', 'SiCepat', 'SSH15478', '55000'),
	('SH15579', 'JNE', 'JSH15579', '93000'),
	('SH15780', 'JNE', 'JSH15780', '111000'),
	('SH15883', 'JNE', 'JSH15883', '19500'),
	('SH16033', 'JNE', 'JSH16033', '42000'),
	('SH16124', 'JNE', 'JSH16124', '93000'),
	('SH16224', 'JNE', 'JSH16224', '10500'),
	('SH16356', 'JNE', 'JSH16356', '46500'),
	('SH16706', 'SiCepat', 'SSH16706', '8000'),
	('SH16803', 'JNE', 'JSH16803', '69000'),
	('SH16983', 'SiCepat', 'SSH16983', '74000'),
	('SH17006', 'JNE', 'JSH17006', '78000'),
	('SH17847', 'SiCepat', 'SSH17847', '22000'),
	('SH18018', 'SiCepat', 'SSH18018', '14000'),
	('SH18058', 'SiCepat', 'SSH18058', '56000'),
	('SH18135', 'JNE', 'JSH18135', '43500'),
	('SH18609', 'JNE', 'JSH18609', '141000'),
	('SH18662', 'SiCepat', 'SSH18662', '25000'),
	('SH18928', 'SiCepat', 'SSH18928', '13000'),
	('SH18994', 'JNE', 'JSH18994', '115500'),
	('SH19267', 'SiCepat', 'SSH19267', '16000'),
	('SH19589', 'SiCepat', 'SSH19589', '58000'),
	('SH19652', 'SiCepat', 'SSH19652', '82000'),
	('SH19738', 'JNE', 'JSH19738', '57000'),
	('SH19898', 'JNE', 'JSH19898', '21000'),
	('SH19930', 'JNE', 'JSH19930', '138000'),
	('SH20045', 'SiCepat', 'SSH20045', '86000'),
	('SH20196', 'JNE', 'JSH20196', '7500'),
	('SH20344', 'JNE', 'JSH20344', '63000'),
	('SH20742', 'SiCepat', 'SSH20742', '6000'),
	('SH20784', 'SiCepat', 'SSH20784', '15000'),
	('SH20917', 'JNE', 'JSH20917', '117000'),
	('SH20968', 'JNE', 'JSH20968', '132000'),
	('SH21122', 'JNE', 'JSH21122', '97500'),
	('SH21931', 'SiCepat', 'SSH21931', '84000'),
	('SH22032', 'SiCepat', 'SSH22032', '31000'),
	('SH22264', 'SiCepat', 'SSH22264', '55000'),
	('SH22269', 'JNE', 'JSH22269', '148500'),
	('SH22447', 'SiCepat', 'SSH22447', '12000'),
	('SH22453', 'JNE', 'JSH22453', '12000'),
	('SH22530', 'SiCepat', 'SSH22530', '86000'),
	('SH22790', 'SiCepat', 'SSH22790', '85000'),
	('SH22813', 'JNE', 'JSH22813', '10500'),
	('SH23331', 'JNE', 'JSH23331', '123000'),
	('SH23685', 'JNE', 'JSH23685', '135000'),
	('SH23696', 'JNE', 'JSH23696', '18000'),
	('SH23715', 'JNE', 'JSH23715', '57000'),
	('SH24101', 'JNE', 'JSH24101', '43500'),
	('SH24507', 'SiCepat', 'SSH24507', '13000'),
	('SH24599', 'JNE', 'JSH24599', '63000'),
	('SH24611', 'JNE', 'JSH24611', '66000'),
	('SH24819', 'JNE', 'JSH24819', '129000'),
	('SH25254', 'SiCepat', 'SSH25254', '34000'),
	('SH25483', 'SiCepat', 'SSH25483', '13000'),
	('SH25729', 'SiCepat', 'SSH25729', '94000'),
	('SH25763', 'SiCepat', 'SSH25763', '97000'),
	('SH26026', 'JNE', 'JSH26026', '61500'),
	('SH26040', 'SiCepat', 'SSH26040', '21000'),
	('SH26237', 'SiCepat', 'SSH26237', '24000'),
	('SH26538', 'SiCepat', 'SSH26538', '48000'),
	('SH26778', 'JNE', 'JSH26778', '42000'),
	('SH27001', 'SiCepat', 'SSH27001', '100000'),
	('SH27098', 'JNE', 'JSH27098', '109500'),
	('SH27145', 'JNE', 'JSH27145', '10500'),
	('SH27344', 'SiCepat', 'SSH27344', '97000'),
	('SH27478', 'SiCepat', 'SSH27478', '47000'),
	('SH27500', 'JNE', 'JSH27500', '129000'),
	('SH27686', 'JNE', 'JSH27686', '123000'),
	('SH27995', 'SiCepat', 'SSH27995', '66000'),
	('SH28052', 'JNE', 'JSH28052', '115500'),
	('SH28232', 'SiCepat', 'SSH28232', '97000'),
	('SH28561', 'JNE', 'JSH28561', '105000'),
	('SH28581', 'JNE', 'JSH28581', '103500'),
	('SH28582', 'JNE', 'JSH28582', '93000'),
	('SH28742', 'JNE', 'JSH28742', '121500'),
	('SH29003', 'JNE', 'JSH29003', '117000'),
	('SH29301', 'JNE', 'JSH29301', '87000'),
	('SH29559', 'JNE', 'JSH29559', '111000'),
	('SH30172', 'JNE', 'JSH30172', '81000'),
	('SH30469', 'JNE', 'JSH30469', '19500'),
	('SH30808', 'SiCepat', 'SSH30808', '89000'),
	('SH31289', 'JNE', 'JSH31289', '120000'),
	('SH31877', 'SiCepat', 'SSH31877', '53000'),
	('SH32017', 'SiCepat', 'SSH32017', '86000'),
	('SH32039', 'SiCepat', 'SSH32039', '35000'),
	('SH32095', 'SiCepat', 'SSH32095', '75000'),
	('SH32602', 'SiCepat', 'SSH32602', '23000'),
	('SH32701', 'SiCepat', 'SSH32701', '86000'),
	('SH32801', 'JNE', 'JSH32801', '144000'),
	('SH32919', 'SiCepat', 'SSH32919', '83000'),
	('SH32929', 'SiCepat', 'SSH32929', '15000'),
	('SH33056', 'JNE', 'JSH33056', '54000'),
	('SH33089', 'SiCepat', 'SSH33089', '68000'),
	('SH33342', 'SiCepat', 'SSH33342', '75000'),
	('SH33721', 'SiCepat', 'SSH33721', '60000'),
	('SH34214', 'SiCepat', 'SSH34214', '92000'),
	('SH34464', 'SiCepat', 'SSH34464', '87000'),
	('SH34538', 'JNE', 'JSH34538', '48000'),
	('SH34800', 'SiCepat', 'SSH34800', '21000'),
	('SH35987', 'SiCepat', 'SSH35987', '56000'),
	('SH36182', 'SiCepat', 'SSH36182', '69000'),
	('SH36388', 'JNE', 'JSH36388', '148500'),
	('SH36577', 'JNE', 'JSH36577', '118500'),
	('SH36865', 'SiCepat', 'SSH36865', '100000'),
	('SH37021', 'JNE', 'JSH37021', '43500'),
	('SH37167', 'JNE', 'JSH37167', '76500'),
	('SH37168', 'SiCepat', 'SSH37168', '98000'),
	('SH37245', 'JNE', 'JSH37245', '127500'),
	('SH37363', 'JNE', 'JSH37363', '81000'),
	('SH37391', 'SiCepat', 'SSH37391', '62000'),
	('SH37450', 'JNE', 'JSH37450', '52500'),
	('SH37462', 'JNE', 'JSH37462', '42000'),
	('SH37540', 'SiCepat', 'SSH37540', '71000'),
	('SH38044', 'SiCepat', 'SSH38044', '14000'),
	('SH38430', 'JNE', 'JSH38430', '123000'),
	('SH38733', 'SiCepat', 'SSH38733', '8000'),
	('SH39034', 'SiCepat', 'SSH39034', '69000'),
	('SH39115', 'SiCepat', 'SSH39115', '30000'),
	('SH39260', 'SiCepat', 'SSH39260', '8000'),
	('SH39486', 'SiCepat', 'SSH39486', '5000'),
	('SH39779', 'SiCepat', 'SSH39779', '39000'),
	('SH40148', 'SiCepat', 'SSH40148', '74000'),
	('SH40229', 'SiCepat', 'SSH40229', '96000'),
	('SH40342', 'SiCepat', 'SSH40342', '33000'),
	('SH40977', 'SiCepat', 'SSH40977', '35000'),
	('SH41156', 'JNE', 'JSH41156', '18000'),
	('SH41179', 'SiCepat', 'SSH41179', '26000'),
	('SH41435', 'SiCepat', 'SSH41435', '65000'),
	('SH41464', 'JNE', 'JSH41464', '73500'),
	('SH41821', 'JNE', 'JSH41821', '144000'),
	('SH41853', 'SiCepat', 'SSH41853', '75000'),
	('SH41871', 'SiCepat', 'SSH41871', '22000'),
	('SH41940', 'SiCepat', 'SSH41940', '24000'),
	('SH42011', 'JNE', 'JSH42011', '55500'),
	('SH42105', 'SiCepat', 'SSH42105', '75000'),
	('SH42199', 'JNE', 'JSH42199', '73500'),
	('SH42413', 'SiCepat', 'SSH42413', '12000'),
	('SH42558', 'JNE', 'JSH42558', '42000'),
	('SH42855', 'SiCepat', 'SSH42855', '100000'),
	('SH42873', 'SiCepat', 'SSH42873', '41000'),
	('SH43093', 'SiCepat', 'SSH43093', '25000'),
	('SH43258', 'SiCepat', 'SSH43258', '41000'),
	('SH43494', 'SiCepat', 'SSH43494', '44000'),
	('SH43633', 'JNE', 'JSH43633', '81000'),
	('SH43645', 'SiCepat', 'SSH43645', '39000'),
	('SH43682', 'SiCepat', 'SSH43682', '47000'),
	('SH43834', 'SiCepat', 'SSH43834', '71000'),
	('SH44288', 'SiCepat', 'SSH44288', '6000'),
	('SH44342', 'JNE', 'JSH44342', '9000'),
	('SH44502', 'SiCepat', 'SSH44502', '54000'),
	('SH44640', 'JNE', 'JSH44640', '42000'),
	('SH44706', 'SiCepat', 'SSH44706', '33000'),
	('SH45224', 'JNE', 'JSH45224', '129000'),
	('SH45270', 'SiCepat', 'SSH45270', '69000'),
	('SH45737', 'SiCepat', 'SSH45737', '31000'),
	('SH45877', 'SiCepat', 'SSH45877', '56000'),
	('SH46154', 'SiCepat', 'SSH46154', '95000'),
	('SH46368', 'SiCepat', 'SSH46368', '5000'),
	('SH47012', 'SiCepat', 'SSH47012', '63000'),
	('SH47214', 'SiCepat', 'SSH47214', '13000'),
	('SH47217', 'JNE', 'JSH47217', '100500'),
	('SH47258', 'SiCepat', 'SSH47258', '22000'),
	('SH47264', 'SiCepat', 'SSH47264', '23000'),
	('SH47305', 'SiCepat', 'SSH47305', '98000'),
	('SH47343', 'JNE', 'JSH47343', '142500'),
	('SH47378', 'JNE', 'JSH47378', '108000'),
	('SH47434', 'SiCepat', 'SSH47434', '87000'),
	('SH47848', 'JNE', 'JSH47848', '24000'),
	('SH47905', 'SiCepat', 'SSH47905', '97000'),
	('SH48111', 'SiCepat', 'SSH48111', '41000'),
	('SH48349', 'JNE', 'JSH48349', '144000'),
	('SH48566', 'JNE', 'JSH48566', '37500'),
	('SH48753', 'JNE', 'JSH48753', '129000'),
	('SH48788', 'JNE', 'JSH48788', '49500'),
	('SH48940', 'JNE', 'JSH48940', '63000'),
	('SH49187', 'JNE', 'JSH49187', '10500'),
	('SH49208', 'JNE', 'JSH49208', '78000'),
	('SH49280', 'JNE', 'JSH49280', '105000'),
	('SH50144', 'SiCepat', 'SSH50144', '62000'),
	('SH50208', 'JNE', 'JSH50208', '70500'),
	('SH50373', 'SiCepat', 'SSH50373', '78000'),
	('SH50472', 'JNE', 'JSH50472', '70500'),
	('SH50614', 'JNE', 'JSH50614', '10500'),
	('SH50734', 'SiCepat', 'SSH50734', '13000'),
	('SH50750', 'JNE', 'JSH50750', '76500'),
	('SH51113', 'JNE', 'JSH51113', '60000'),
	('SH51280', 'JNE', 'JSH51280', '141000'),
	('SH51364', 'SiCepat', 'SSH51364', '25000'),
	('SH51485', 'JNE', 'JSH51485', '42000'),
	('SH51654', 'SiCepat', 'SSH51654', '69000'),
	('SH51902', 'SiCepat', 'SSH51902', '92000'),
	('SH52068', 'JNE', 'JSH52068', '10500'),
	('SH52144', 'SiCepat', 'SSH52144', '19000'),
	('SH52368', 'JNE', 'JSH52368', '10500'),
	('SH52939', 'SiCepat', 'SSH52939', '86000'),
	('SH52992', 'JNE', 'JSH52992', '61500'),
	('SH53533', 'JNE', 'JSH53533', '67500'),
	('SH53542', 'JNE', 'JSH53542', '55500'),
	('SH53543', 'JNE', 'JSH53543', '0'),
	('SH53608', 'JNE', 'JSH53608', '58500'),
	('SH53684', 'JNE', 'JSH53684', '111000'),
	('SH53982', 'JNE', 'JSH53982', '43500'),
	('SH54003', 'JNE', 'JSH54003', '24000'),
	('SH54011', 'JNE', 'JSH54011', '67500'),
	('SH54053', 'SiCepat', 'SSH54053', '75000'),
	('SH54624', 'JNE', 'JSH54624', '123000'),
	('SH54731', 'JNE', 'JSH54731', '75000'),
	('SH54884', 'SiCepat', 'SSH54884', '92000'),
	('SH54895', 'JNE', 'JSH54895', '94500'),
	('SH55139', 'JNE', 'JSH55139', '37500'),
	('SH55147', 'SiCepat', 'SSH55147', '5000'),
	('SH55895', 'JNE', 'JSH55895', '129000'),
	('SH55917', 'JNE', 'JSH55917', '55500'),
	('SH56715', 'SiCepat', 'SSH56715', '37000'),
	('SH56809', 'JNE', 'JSH56809', '141000'),
	('SH56901', 'SiCepat', 'SSH56901', '100000'),
	('SH56998', 'JNE', 'JSH56998', '90000'),
	('SH56999', 'SiCepat', 'SSH56999', '28000'),
	('SH57147', 'JNE', 'JSH57147', '25500'),
	('SH57161', 'SiCepat', 'SSH57161', '76000'),
	('SH57250', 'JNE', 'JSH57250', '22500'),
	('SH57521', 'SiCepat', 'SSH57521', '61000'),
	('SH58046', 'JNE', 'JSH58046', '94500'),
	('SH58299', 'SiCepat', 'SSH58299', '39000'),
	('SH58603', 'JNE', 'JSH58603', '48000'),
	('SH58776', 'SiCepat', 'SSH58776', '54000'),
	('SH58991', 'SiCepat', 'SSH58991', '24000'),
	('SH59867', 'JNE', 'JSH59867', '90000'),
	('SH59874', 'SiCepat', 'SSH59874', '61000'),
	('SH59989', 'JNE', 'JSH59989', '22500'),
	('SH60031', 'JNE', 'JSH60031', '57000'),
	('SH60101', 'JNE', 'JSH60101', '109500'),
	('SH60270', 'SiCepat', 'SSH60270', '60000'),
	('SH60620', 'SiCepat', 'SSH60620', '97000'),
	('SH60625', 'JNE', 'JSH60625', '72000'),
	('SH60668', 'SiCepat', 'SSH60668', '20000'),
	('SH60773', 'JNE', 'JSH60773', '49500'),
	('SH60862', 'SiCepat', 'SSH60862', '53000'),
	('SH60922', 'SiCepat', 'SSH60922', '97000'),
	('SH61077', 'JNE', 'JSH61077', '136500'),
	('SH61452', 'JNE', 'JSH61452', '78000'),
	('SH61562', 'JNE', 'JSH61562', '141000'),
	('SH62067', 'JNE', 'JSH62067', '61500'),
	('SH63566', 'SiCepat', 'SSH63566', '9000'),
	('SH63671', 'JNE', 'JSH63671', '84000'),
	('SH63733', 'JNE', 'JSH63733', '49500'),
	('SH63734', 'JNE', 'JSH63734', '145500'),
	('SH64127', 'SiCepat', 'SSH64127', '76000'),
	('SH64146', 'SiCepat', 'SSH64146', '71000'),
	('SH65088', 'SiCepat', 'SSH65088', '95000'),
	('SH65212', 'JNE', 'JSH65212', '148500'),
	('SH65742', 'SiCepat', 'SSH65742', '65000'),
	('SH66128', 'SiCepat', 'SSH66128', '100000'),
	('SH66203', 'JNE', 'JSH66203', '49500'),
	('SH66223', 'JNE', 'JSH66223', '142500'),
	('SH66531', 'JNE', 'JSH66531', '27000'),
	('SH66803', 'SiCepat', 'SSH66803', '28000'),
	('SH66900', 'SiCepat', 'SSH66900', '24000'),
	('SH67178', 'JNE', 'JSH67178', '142500'),
	('SH67218', 'JNE', 'JSH67218', '105000'),
	('SH67228', 'SiCepat', 'SSH67228', '75000'),
	('SH67439', 'SiCepat', 'SSH67439', '75000'),
	('SH67491', 'JNE', 'JSH67491', '115500'),
	('SH67679', 'SiCepat', 'SSH67679', '96000'),
	('SH68104', 'JNE', 'JSH68104', '129000'),
	('SH68170', 'JNE', 'JSH68170', '42000'),
	('SH68299', 'JNE', 'JSH68299', '138000'),
	('SH68311', 'SiCepat', 'SSH68311', '90000'),
	('SH68709', 'JNE', 'JSH68709', '60000'),
	('SH68899', 'JNE', 'JSH68899', '94500'),
	('SH69210', 'SiCepat', 'SSH69210', '51000'),
	('SH69433', 'SiCepat', 'SSH69433', '95000'),
	('SH69722', 'SiCepat', 'SSH69722', '33000'),
	('SH69763', 'JNE', 'JSH69763', '10500'),
	('SH70273', 'JNE', 'JSH70273', '93000'),
	('SH70650', 'JNE', 'JSH70650', '40500'),
	('SH70659', 'JNE', 'JSH70659', '127500'),
	('SH70691', 'SiCepat', 'SSH70691', '100000'),
	('SH70919', 'JNE', 'JSH70919', '147000'),
	('SH71033', 'SiCepat', 'SSH71033', '94000'),
	('SH71401', 'JNE', 'JSH71401', '9000'),
	('SH71505', 'JNE', 'JSH71505', '123000'),
	('SH71702', 'JNE', 'JSH71702', '18000'),
	('SH71778', 'SiCepat', 'SSH71778', '68000'),
	('SH71836', 'JNE', 'JSH71836', '18000'),
	('SH72169', 'SiCepat', 'SSH72169', '6000'),
	('SH72642', 'JNE', 'JSH72642', '36000'),
	('SH72684', 'SiCepat', 'SSH72684', '85000'),
	('SH72856', 'JNE', 'JSH72856', '9000'),
	('SH73499', 'SiCepat', 'SSH73499', '53000'),
	('SH73544', 'SiCepat', 'SSH73544', '43000'),
	('SH73716', 'JNE', 'JSH73716', '52500'),
	('SH73759', 'JNE', 'JSH73759', '139500'),
	('SH73767', 'SiCepat', 'SSH73767', '70000'),
	('SH73866', 'JNE', 'JSH73866', '79500'),
	('SH74111', 'JNE', 'JSH74111', '40500'),
	('SH74184', 'SiCepat', 'SSH74184', '85000'),
	('SH74665', 'SiCepat', 'SSH74665', '51000'),
	('SH75016', 'SiCepat', 'SSH75016', '78000'),
	('SH75124', 'JNE', 'JSH75124', '127500'),
	('SH75193', 'SiCepat', 'SSH75193', '74000'),
	('SH75247', 'JNE', 'JSH75247', '75000'),
	('SH75331', 'JNE', 'JSH75331', '145500'),
	('SH75350', 'SiCepat', 'SSH75350', '65000'),
	('SH75752', 'SiCepat', 'SSH75752', '63000'),
	('SH75813', 'JNE', 'JSH75813', '138000'),
	('SH75889', 'SiCepat', 'SSH75889', '55000'),
	('SH75924', 'JNE', 'JSH75924', '126000'),
	('SH76019', 'SiCepat', 'SSH76019', '31000'),
	('SH76842', 'JNE', 'JSH76842', '94500'),
	('SH76927', 'JNE', 'JSH76927', '97500'),
	('SH77367', 'SiCepat', 'SSH77367', '48000'),
	('SH77441', 'SiCepat', 'SSH77441', '53000'),
	('SH77890', 'JNE', 'JSH77890', '148500'),
	('SH78372', 'SiCepat', 'SSH78372', '47000'),
	('SH78490', 'SiCepat', 'SSH78490', '14000'),
	('SH78633', 'SiCepat', 'SSH78633', '65000'),
	('SH78786', 'JNE', 'JSH78786', '84000'),
	('SH79329', 'SiCepat', 'SSH79329', '77000'),
	('SH79479', 'SiCepat', 'SSH79479', '85000'),
	('SH79519', 'JNE', 'JSH79519', '147000'),
	('SH79900', 'SiCepat', 'SSH79900', '20000'),
	('SH80462', 'SiCepat', 'SSH80462', '91000'),
	('SH80568', 'SiCepat', 'SSH80568', '32000'),
	('SH80617', 'SiCepat', 'SSH80617', '23000'),
	('SH80636', 'JNE', 'JSH80636', '31500'),
	('SH80758', 'SiCepat', 'SSH80758', '37000'),
	('SH80831', 'JNE', 'JSH80831', '138000'),
	('SH80885', 'JNE', 'JSH80885', '48000'),
	('SH80922', 'JNE', 'JSH80922', '109500'),
	('SH80953', 'JNE', 'JSH80953', '108000'),
	('SH81191', 'SiCepat', 'SSH81191', '58000'),
	('SH81210', 'SiCepat', 'SSH81210', '78000'),
	('SH81422', 'JNE', 'JSH81422', '27000'),
	('SH81477', 'JNE', 'JSH81477', '42000'),
	('SH81633', 'JNE', 'JSH81633', '78000'),
	('SH82688', 'SiCepat', 'SSH82688', '35000'),
	('SH82733', 'SiCepat', 'SSH82733', '51000'),
	('SH82789', 'SiCepat', 'SSH82789', '12000'),
	('SH84059', 'SiCepat', 'SSH84059', '51000'),
	('SH84391', 'SiCepat', 'SSH84391', '44000'),
	('SH84449', 'JNE', 'JSH84449', '7500'),
	('SH84560', 'JNE', 'JSH84560', '145500'),
	('SH84845', 'JNE', 'JSH84845', '90000'),
	('SH84860', 'SiCepat', 'SSH84860', '35000'),
	('SH84899', 'SiCepat', 'SSH84899', '54000'),
	('SH85613', 'SiCepat', 'SSH85613', '16000'),
	('SH85635', 'SiCepat', 'SSH85635', '32000'),
	('SH85748', 'SiCepat', 'SSH85748', '92000'),
	('SH85860', 'SiCepat', 'SSH85860', '94000'),
	('SH86854', 'SiCepat', 'SSH86854', '75000'),
	('SH87196', 'JNE', 'JSH87196', '81000'),
	('SH87291', 'SiCepat', 'SSH87291', '28000'),
	('SH87635', 'JNE', 'JSH87635', '82500'),
	('SH87881', 'JNE', 'JSH87881', '13500'),
	('SH88219', 'JNE', 'JSH88219', '69000'),
	('SH88813', 'JNE', 'JSH88813', '31500'),
	('SH88846', 'SiCepat', 'SSH88846', '64000'),
	('SH89801', 'SiCepat', 'SSH89801', '91000'),
	('SH89802', 'JNE', 'JSH89802', '58500'),
	('SH89868', 'JNE', 'JSH89868', '97500'),
	('SH90223', 'SiCepat', 'SSH90223', '41000'),
	('SH90621', 'SiCepat', 'SSH90621', '17000'),
	('SH90674', 'SiCepat', 'SSH90674', '24000'),
	('SH90676', 'JNE', 'JSH90676', '42000'),
	('SH90685', 'SiCepat', 'SSH90685', '80000'),
	('SH90731', 'SiCepat', 'SSH90731', '15000'),
	('SH90841', 'JNE', 'JSH90841', '31500'),
	('SH91098', 'SiCepat', 'SSH91098', '45000'),
	('SH91112', 'SiCepat', 'SSH91112', '16000'),
	('SH91567', 'SiCepat', 'SSH91567', '62000'),
	('SH91688', 'JNE', 'JSH91688', '36000'),
	('SH91752', 'SiCepat', 'SSH91752', '65000'),
	('SH91878', 'SiCepat', 'SSH91878', '37000'),
	('SH92120', 'JNE', 'JSH92120', '61500'),
	('SH92938', 'JNE', 'JSH92938', '84000'),
	('SH93306', 'SiCepat', 'SSH93306', '35000'),
	('SH93476', 'JNE', 'JSH93476', '141000'),
	('SH93586', 'JNE', 'JSH93586', '148500'),
	('SH93760', 'SiCepat', 'SSH93760', '20000'),
	('SH93802', 'SiCepat', 'SSH93802', '15000'),
	('SH93815', 'SiCepat', 'SSH93815', '84000'),
	('SH93848', 'SiCepat', 'SSH93848', '5000'),
	('SH93903', 'SiCepat', 'SSH93903', '11000'),
	('SH94185', 'SiCepat', 'SSH94185', '51000'),
	('SH94204', 'JNE', 'JSH94204', '102000'),
	('SH94470', 'JNE', 'JSH94470', '19500'),
	('SH94542', 'SiCepat', 'SSH94542', '14000'),
	('SH94807', 'JNE', 'JSH94807', '76500'),
	('SH94842', 'JNE', 'JSH94842', '70500'),
	('SH94938', 'SiCepat', 'SSH94938', '75000'),
	('SH94963', 'JNE', 'JSH94963', '148500'),
	('SH95483', 'SiCepat', 'SSH95483', '8000'),
	('SH95502', 'JNE', 'JSH95502', '142500'),
	('SH95959', 'SiCepat', 'SSH95959', '75000'),
	('SH96081', 'SiCepat', 'SSH96081', '85000'),
	('SH96270', 'SiCepat', 'SSH96270', '86000'),
	('SH96447', 'JNE', 'JSH96447', '37500'),
	('SH96703', 'JNE', 'JSH96703', '37500'),
	('SH96968', 'JNE', 'JSH96968', '78000'),
	('SH97058', 'SiCepat', 'SSH97058', '19000'),
	('SH97252', 'SiCepat', 'SSH97252', '54000'),
	('SH97727', 'SiCepat', 'SSH97727', '27000'),
	('SH97779', 'JNE', 'JSH97779', '52500'),
	('SH97817', 'SiCepat', 'SSH97817', '63000'),
	('SH98114', 'JNE', 'JSH98114', '57000'),
	('SH98203', 'JNE', 'JSH98203', '90000'),
	('SH98206', 'SiCepat', 'SSH98206', '63000'),
	('SH98269', 'JNE', 'JSH98269', '111000'),
	('SH98354', 'JNE', 'JSH98354', '103500'),
	('SH98359', 'JNE', 'JSH98359', '82500'),
	('SH98562', 'SiCepat', 'SSH98562', '75000'),
	('SH98747', 'JNE', 'JSH98747', '78000'),
	('SH98836', 'SiCepat', 'SSH98836', '89000'),
	('SH98978', 'SiCepat', 'SSH98978', '96000'),
	('SH99107', 'SiCepat', 'SSH99107', '32000'),
	('SH99487', 'JNE', 'JSH99487', '9000'),
	('SH99591', 'JNE', 'JSH99591', '19500'),
	('SH99668', 'JNE', 'JSH99668', '70500'),
	('SH99679', 'JNE', 'JSH99679', '48000'),
	('SH99772', 'JNE', 'JSH99772', '37500'),
	('SH99815', 'JNE', 'JSH99815', '108000'),
	('SH99930', 'SiCepat', 'SSH99930', '33000');


-- Dumping database structure for dbsellereffe
CREATE DATABASE IF NOT EXISTS `dbsellereffe` /*!40100 DEFAULT CHARACTER SET utf8mb4 COLLATE utf8mb4_0900_ai_ci */ /*!80016 DEFAULT ENCRYPTION='N' */;
USE `dbsellereffe`;

-- Dumping structure for table dbsellereffe.effe_transaction
CREATE TABLE IF NOT EXISTS `effe_transaction` (
  `id` varchar(10) NOT NULL,
  `payment_type` varchar(10) NOT NULL,
  `cust_id` varchar(10) NOT NULL,
  `product_id` varchar(10) NOT NULL,
  `date` varchar(20) NOT NULL,
  `quantity` tinyint NOT NULL,
  `unit_price` mediumint NOT NULL,
  `total_price` mediumint NOT NULL,
  KEY `FK_effe_transaction_dbbankgopay.gopay_transaction` (`id`),
  KEY `FK_effe_transaction_dbcustomer.customer` (`cust_id`),
  KEY `FK_effe_transaction_dbsellerzalya.product_fashion` (`product_id`),
  CONSTRAINT `FK_effe_transaction_dbbankbni.bni_transaction` FOREIGN KEY (`id`) REFERENCES `dbbankbni`.`bni_transaction` (`transaction_id`),
  CONSTRAINT `FK_effe_transaction_dbbankgopay.gopay_transaction` FOREIGN KEY (`id`) REFERENCES `dbbankgopay`.`gopay_transaction` (`transaction_id`),
  CONSTRAINT `FK_effe_transaction_dbcustomer.customer` FOREIGN KEY (`cust_id`) REFERENCES `dbcustomer`.`customer` (`cust_id`),
  CONSTRAINT `FK_effe_transaction_dbsellereffe.product_perfume` FOREIGN KEY (`product_id`) REFERENCES `product_perfume` (`product_id`),
  CONSTRAINT `FK_effe_transaction_dbsellerlumiere.product_cosmetic` FOREIGN KEY (`product_id`) REFERENCES `dbsellerlumiere`.`product_cosmetic` (`product_id`),
  CONSTRAINT `FK_effe_transaction_dbsellerzalya.product_fashion` FOREIGN KEY (`product_id`) REFERENCES `dbsellerzalya`.`product_fashion` (`product_id`)
) ENGINE=InnoDB DEFAULT CHARSET=utf8mb4 COLLATE=utf8mb4_0900_ai_ci;

-- Dumping data for table dbsellereffe.effe_transaction: ~100 rows (approximately)
DELETE FROM `effe_transaction`;
INSERT INTO `effe_transaction` (`id`, `payment_type`, `cust_id`, `product_id`, `date`, `quantity`, `unit_price`, `total_price`) VALUES
	('GPY69654', 'GoPay', 'CT159666', 'P3543465', '2022-06-26 19:25:52', 5, 982439, 4912195),
	('BPY52556', 'BNI', 'CT447944', 'P5150613', '2023-03-15 14:07:58', 2, 53001, 106002),
	('GPY00737', 'GoPay', 'CT999828', 'P9741485', '2022-12-23 13:52:42', 3, 772597, 2317791),
	('BPY05235', 'BNI', 'CT216589', 'P4172368', '2023-03-31 3:32:13', 4, 431353, 1725412),
	('BPY51711', 'BNI', 'CT058064', 'P6284344', '2023-01-16 1:17:42', 1, 732138, 732138),
	('BPY92266', 'BNI', 'CT600025', 'P6282945', '2022-08-29 18:48:37', 4, 522955, 2091820),
	('GPY88797', 'GoPay', 'CT798121', 'P1909233', '2023-04-02 22:58:31', 3, 510234, 1530702),
	('GPY04823', 'GoPay', 'CT217412', 'P6163461', '2022-08-10 17:40:40', 2, 557944, 1115888),
	('GPY98013', 'GoPay', 'CT514389', 'P9741485', '2022-06-27 11:16:50', 3, 772597, 2317791),
	('BPY05235', 'BNI', 'CT216589', 'P5973685', '2023-03-31 3:32:13', 1, 69162, 69162),
	('GPY41516', 'GoPay', 'CT768955', 'P7733327', '2022-08-19 18:55:02', 3, 487544, 1462632),
	('BPY06556', 'BNI', 'CT197967', 'P3439668', '2022-08-16 18:30:20', 5, 491391, 2456955),
	('BPY06513', 'BNI', 'CT017401', 'P2231441', '2023-01-17 9:24:23', 5, 522990, 2614950),
	('BPY02005', 'BNI', 'CT841001', 'P4153377', '2022-09-22 9:42:49', 4, 249491, 997964),
	('GPY37844', 'GoPay', 'CT934132', 'P8154805', '2022-12-04 23:26:22', 1, 827508, 827508),
	('GPY20136', 'GoPay', 'CT205086', 'P9209826', '2023-03-12 7:54:44', 3, 472551, 1417653),
	('BPY44475', 'BNI', 'CT044984', 'P6346949', '2023-03-17 15:12:48', 1, 846440, 846440),
	('GPY49136', 'GoPay', 'CT321738', 'P4172368', '2022-08-28 3:18:39', 4, 431353, 1725412),
	('BPY95253', 'BNI', 'CT883825', 'P7025041', '2023-04-23 6:39:59', 2, 583026, 1166052),
	('BPY95253', 'BNI', 'CT883825', 'P4948947', '2023-04-23 6:39:59', 2, 769939, 1539878),
	('BPY06513', 'BNI', 'CT017401', 'P1409132', '2023-01-17 9:24:23', 1, 381627, 381627),
	('BPY58129', 'BNI', 'CT041554', 'P4172368', '2023-03-04 11:58:43', 4, 431353, 1725412),
	('GPY86737', 'GoPay', 'CT408374', 'P6404448', '2022-06-25 0:55:51', 2, 659681, 1319362),
	('BPY00610', 'BNI', 'CT917607', 'P0170627', '2022-11-05 23:08:26', 5, 119414, 597070),
	('GPY87370', 'GoPay', 'CT854110', 'P0683356', '2022-10-29 8:04:56', 2, 155814, 311628),
	('BPY92266', 'BNI', 'CT600025', 'P0467798', '2022-08-29 18:48:37', 2, 631897, 1263794),
	('GPY86737', 'GoPay', 'CT408374', 'P9298527', '2022-06-25 0:55:51', 4, 503147, 2012588),
	('BPY69536', 'BNI', 'CT652747', 'P2231441', '2022-07-21 1:10:17', 5, 522990, 2614950),
	('BPY06068', 'BNI', 'CT871838', 'P9527744', '2023-02-27 8:40:00', 5, 678152, 3390760),
	('GPY18525', 'GoPay', 'CT498493', 'P0476658', '2023-04-15 15:37:46', 4, 231703, 926812),
	('GPY08203', 'GoPay', 'CT341751', 'P0683356', '2022-11-06 12:09:44', 2, 155814, 311628),
	('GPY66363', 'GoPay', 'CT106978', 'P7260596', '2022-08-27 5:44:59', 5, 556986, 2784930),
	('GPY16329', 'GoPay', 'CT869535', 'P0246825', '2023-01-20 16:38:05', 4, 937429, 3749716),
	('BPY71607', 'BNI', 'CT776323', 'P3039948', '2022-11-14 7:44:13', 5, 723006, 3615030),
	('GPY20136', 'GoPay', 'CT205086', 'P2648475', '2023-03-12 7:54:44', 5, 491599, 2457995),
	('GPY14030', 'GoPay', 'CT948394', 'P3543465', '2023-04-09 0:38:15', 5, 982439, 4912195),
	('BPY25682', 'BNI', 'CT786904', 'P1409132', '2022-06-02 2:29:10', 1, 381627, 381627),
	('BPY10821', 'BNI', 'CT395048', 'P5665939', '2023-02-11 13:31:23', 3, 806096, 2418288),
	('GPY78627', 'GoPay', 'CT153309', 'P9855297', '2022-12-20 16:57:44', 3, 475901, 1427703),
	('BPY00610', 'BNI', 'CT917607', 'P9298527', '2022-11-05 23:08:26', 4, 503147, 2012588),
	('BPY23234', 'BNI', 'CT816479', 'P6282945', '2023-04-22 4:24:02', 4, 522955, 2091820),
	('BPY94540', 'BNI', 'CT307718', 'P0568794', '2022-09-20 12:35:07', 5, 569615, 2848075),
	('BPY94540', 'BNI', 'CT307718', 'P2092745', '2022-09-20 12:35:07', 1, 305525, 305525),
	('BPY10821', 'BNI', 'CT395048', 'P0733559', '2023-02-11 13:31:23', 5, 852958, 4264790),
	('BPY31429', 'BNI', 'CT630093', 'P6404448', '2022-10-15 1:04:51', 2, 659681, 1319362),
	('BPY82272', 'BNI', 'CT365819', 'P4948947', '2022-08-26 1:19:42', 2, 769939, 1539878),
	('BPY67138', 'BNI', 'CT084553', 'P4172368', '2022-06-14 9:43:57', 4, 431353, 1725412),
	('GPY46055', 'GoPay', 'CT413066', 'P2648475', '2023-05-09 16:47:08', 5, 491599, 2457995),
	('BPY64521', 'BNI', 'CT692261', 'P7733327', '2022-09-15 4:31:58', 3, 487544, 1462632),
	('GPY03286', 'GoPay', 'CT731466', 'P1076040', '2022-10-27 17:38:58', 2, 870692, 1741384),
	('BPY64521', 'BNI', 'CT692261', 'P5792344', '2022-09-15 4:31:58', 4, 127204, 508816),
	('GPY08203', 'GoPay', 'CT341751', 'P7312159', '2022-11-06 12:09:44', 2, 841443, 1682886),
	('BPY60654', 'BNI', 'CT499467', 'P8411958', '2022-06-30 9:22:18', 4, 639962, 2559848),
	('BPY69173', 'BNI', 'CT884530', 'P1832748', '2023-03-12 20:07:24', 4, 603481, 2413924),
	('BPY32544', 'BNI', 'CT460639', 'P5431227', '2022-11-21 16:21:26', 1, 157941, 157941),
	('GPY00737', 'GoPay', 'CT999828', 'P5150613', '2022-12-23 13:52:42', 2, 53001, 106002),
	('GPY49554', 'GoPay', 'CT002026', 'P0568794', '2022-10-04 18:04:29', 5, 569615, 2848075),
	('GPY94075', 'GoPay', 'CT176558', 'P0996712', '2022-10-27 0:46:40', 2, 57047, 114094),
	('BPY52301', 'BNI', 'CT133675', 'P2690689', '2022-10-10 14:46:20', 3, 912694, 2738082),
	('GPY36101', 'GoPay', 'CT200995', 'P6284344', '2022-10-29 5:43:52', 1, 732138, 732138),
	('BPY02005', 'BNI', 'CT841001', 'P5294742', '2022-09-22 9:42:49', 4, 644777, 2579108),
	('GPY18525', 'GoPay', 'CT498493', 'P2231441', '2023-04-15 15:37:46', 5, 522990, 2614950),
	('BPY49988', 'BNI', 'CT484892', 'P4204362', '2022-10-30 9:31:00', 4, 273878, 1095512),
	('BPY06068', 'BNI', 'CT871838', 'P8140033', '2023-02-27 8:40:00', 1, 279728, 279728),
	('BPY95253', 'BNI', 'CT883825', 'P2222038', '2023-04-23 6:39:59', 4, 76311, 305244),
	('GPY78627', 'GoPay', 'CT153309', 'P7211910', '2022-12-20 16:57:44', 4, 770896, 3083584),
	('GPY00737', 'GoPay', 'CT999828', 'P1909233', '2022-12-23 13:52:42', 3, 510234, 1530702),
	('BPY05235', 'BNI', 'CT216589', 'P2555601', '2023-03-31 3:32:13', 4, 941579, 3766316),
	('BPY37098', 'BNI', 'CT219723', 'P9107760', '2022-08-24 14:48:53', 4, 467549, 1870196),
	('GPY32326', 'GoPay', 'CT815958', 'P8140033', '2022-07-11 21:54:06', 1, 279728, 279728),
	('BPY83132', 'BNI', 'CT338072', 'P6333195', '2023-04-23 9:10:04', 5, 591814, 2959070),
	('GPY03286', 'GoPay', 'CT731466', 'P9195414', '2022-10-27 17:38:58', 5, 588781, 2943905),
	('GPY51466', 'GoPay', 'CT276034', 'P1359687', '2023-05-12 8:50:42', 2, 331642, 663284),
	('GPY04238', 'GoPay', 'CT338133', 'P2395911', '2022-07-13 16:16:14', 1, 460809, 460809),
	('BPY06513', 'BNI', 'CT017401', 'P2690689', '2023-01-17 9:24:23', 3, 912694, 2738082),
	('BPY52556', 'BNI', 'CT447944', 'P5431227', '2023-03-15 14:07:58', 1, 157941, 157941),
	('GPY48049', 'GoPay', 'CT057935', 'P9741485', '2022-06-24 12:19:09', 3, 772597, 2317791),
	('BPY25308', 'BNI', 'CT595257', 'P1650225', '2023-03-07 10:52:08', 4, 846876, 3387504),
	('GPY81341', 'GoPay', 'CT874237', 'P6282945', '2022-07-27 22:12:00', 4, 522955, 2091820),
	('BPY65945', 'BNI', 'CT361836', 'P7536663', '2023-04-04 10:15:13', 4, 303275, 1213100),
	('BPY61276', 'BNI', 'CT335033', 'P5801211', '2022-10-14 22:03:56', 1, 648904, 648904),
	('BPY02005', 'BNI', 'CT841001', 'P5294742', '2022-09-22 9:42:49', 4, 644777, 2579108),
	('BPY71607', 'BNI', 'CT776323', 'P6695236', '2022-11-14 7:44:13', 5, 623633, 3118165),
	('BPY39853', 'BNI', 'CT487961', 'P6163461', '2022-11-15 7:12:17', 2, 557944, 1115888),
	('BPY18545', 'BNI', 'CT813581', 'P9855297', '2022-06-02 16:34:05', 3, 475901, 1427703),
	('BPY82272', 'BNI', 'CT365819', 'P4943954', '2022-08-26 1:19:42', 2, 503651, 1007302),
	('BPY52556', 'BNI', 'CT447944', 'P0996712', '2023-03-15 14:07:58', 2, 57047, 114094),
	('BPY94540', 'BNI', 'CT307718', 'P5150613', '2022-09-20 12:35:07', 2, 53001, 106002),
	('GPY20136', 'GoPay', 'CT205086', 'P1650225', '2023-03-12 7:54:44', 4, 846876, 3387504),
	('GPY03286', 'GoPay', 'CT731466', 'P1289415', '2022-10-27 17:38:58', 3, 229757, 689271),
	('BPY52301', 'BNI', 'CT133675', 'P8154805', '2022-10-10 14:46:20', 1, 827508, 827508),
	('BPY06513', 'BNI', 'CT017401', 'P5966251', '2023-01-17 9:24:23', 3, 377425, 1132275),
	('BPY81031', 'BNI', 'CT368224', 'P0650180', '2023-05-22 22:43:08', 4, 273978, 1095912),
	('GPY88797', 'GoPay', 'CT798121', 'P8334557', '2023-04-02 22:58:31', 4, 196293, 785172),
	('GPY88797', 'GoPay', 'CT798121', 'P4204362', '2023-04-02 22:58:31', 4, 273878, 1095512),
	('GPY37279', 'GoPay', 'CT768855', 'P9618673', '2022-11-30 20:44:00', 5, 578233, 2891165),
	('GPY45000', 'GoPay', 'CT727229', 'P2817115', '2023-02-09 6:01:37', 3, 794754, 2384262),
	('BPY52301', 'BNI', 'CT133675', 'P6346949', '2022-10-10 14:46:20', 1, 846440, 846440),
	('BPY64521', 'BNI', 'CT692261', 'P3543465', '2022-09-15 4:31:58', 5, 982439, 4912195),
	('BPY69050', 'BNI', 'CT755571', 'P0568794', '2022-12-11 2:44:05', 5, 569615, 2848075);

-- Dumping structure for table dbsellereffe.product_perfume
CREATE TABLE IF NOT EXISTS `product_perfume` (
  `product_id` varchar(10) NOT NULL,
  `product_name` varchar(50) NOT NULL,
  `price` mediumint NOT NULL,
  `stock` smallint NOT NULL,
  `rating` decimal(20,6) NOT NULL,
  `weight` tinyint NOT NULL,
  `dimensions` varchar(30) NOT NULL,
  `color` varchar(10) NOT NULL,
  `category` varchar(10) NOT NULL,
  `brand` varchar(50) NOT NULL,
  `description` text NOT NULL,
  PRIMARY KEY (`product_id`)
) ENGINE=InnoDB DEFAULT CHARSET=utf8mb4 COLLATE=utf8mb4_0900_ai_ci;

-- Dumping data for table dbsellereffe.product_perfume: ~100 rows (approximately)
DELETE FROM `product_perfume`;
INSERT INTO `product_perfume` (`product_id`, `product_name`, `price`, `stock`, `rating`, `weight`, `dimensions`, `color`, `category`, `brand`, `description`) VALUES
	('P0170627', 'Champs Lunaires Eau de Toilette', 119414, 1828, 4.100000, 75, '78cm L x 72cm W x 81cm H', '-', 'perfume', 'Rogue Perfumery', ' An intangible summer night; Moonlit fields of white flowers.\nInspired by Serge Lutens\' Tubereuse Crimenelle, and the lusty creamy fruit notes of Piguet\'s Fracas, Champs Lunaires, was an intense journey for perfumer Manuel Cross, a personal challenge to create a tuberose of satisfying balance -- indolic, green, buttery, creamy, realistic, uplifting.'),
	('P0246825', 'Tabac Rose Eau de Parfum', 937429, 1481, 4.100000, 17, '10cm L x 18cm W x 15cm H', '-', 'perfume', 'BDK Parfums', ' A dense and potent elixir that pays tribute to the most famous of all flowers used in perfumery. David Benedek chose to work with rose in a different manner in order to unveil its atypical facets. Tabac Rose is a fragrance that expresses textures, highlighting an oriental and mysterious sensuality depicted in layers of pink, purple and plum shades. Opulent addictive tobacco, boosted by delectable plum and chocolate join forces with the majestic Turkish rose. IFF perfumer Julien Rasquinet brings contrast by adding The spicy notes of pink pepper and cinnamon. The sweet voluptuousness is prolonged thanks to the deep and mystical notes of patchouli and labdanum.'),
	('P0417548', 'Mad About You Eau de Parfum', 451901, 1972, 3.900000, 71, '82cm L x 15cm W x 02cm H', '-', 'perfume', 'Pierre Guillaume Paris Black Collection', ' Composed in 2017 for "The Kiss" art exhibition, Mad About You is a seductive and surprisingly complex fragrance inspired by the humor and discordance of neo-romanticism and love in the age of social media. It presents this concept as a contrast between sweeping, sweetly romantic gourmand notes- candy, juicy red fruit, a touch of lipstick- and a woody, powdery leather and violet base, buttressed with smoky black tea. It\'s enchanting, playful, and pretty, and yet the tea and leather hum underneath, reminding us of the constant stream of electricity and data undergirding interactions once accomplished entirely face-to-face. Of course, with a lovely, fun, and sophisticated scent like this in your arsenal, we have a feeling that first meet-up is going to go just fine.'),
	('P0437921', 'Sel d\'Argent Eau de Parfum', 965208, 1405, 2.700000, 25, '37cm L x 84cm W x 84cm H', '-', 'perfume', 'BDK Parfums', ' Late afternoon on the rocks of the Isle of Beauty. The silver sea glimmers under the fading light. Our last swim was barely an hour ago and I can still taste the salt on my skin. The waves are subsiding little by little, and the moon, discreet, is rising in the sky as the red sun sets. On the way home, the scent of the fig trees perfumes the early evening and the fresh, clear sea air already signals the wistfulness of the end of summer.'),
	('P0467798', 'Dolceacqua Eau de Parfum', 631897, 1998, 4.600000, 95, '15cm L x 73cm W x 10cm H', '-', 'perfume', 'Masque Milano', ' Nice, 8am. Sunshine and light traffic on the Promenade des Anglais. Here she comes, with the soft top down, and you jump in. As the road unwinds, the view of the gulf suddenly becomes amazing. Her colorful Hermes foulard sweeps with the breeze and you breathe deeply to catch the rich mixture of Cote d\'Azur flavors, in their magic blend of floral and marine. She parks at a panoramic spot and draws out of the back of the car a basket with your breakfast. She doesn\'t mind sitting on the ground, she bought her lovely dress at the market stalls for a few dollars and it is not worth worrying about. What a woman! - you think - she can match a few-dollar-dress with such an astonishing pearl necklace. You open a bottle of Beaujolais wine and lean towards her to pour some wine into her glass. You can\'t help stopping pouring wine and close your eyes, as you smell her perfume. So much in line with her, with her style: sweet and mellow, a mixture of flowers and fruit and some hints of vanilla at the base.'),
	('P0476658', 'Disobbedienza Eau de Parfum', 231703, 1434, 4.300000, 95, '47cm L x 38cm W x 53cm H', '-', 'perfume', 'Hilde Soliani', ' Disobedience does not have to be a bad thing. In the talented and unrestricted artistic imagination of a perfumer like Hilde Soliani, it represents risk-tasking, freedom, and creative liberation. Inspired by her time performing experimental theater, Disobbedienza is an olfactive tribute to blazing one\'s own path in the face of stultifying conformity. There are notes chosen for their symbolism- a black, rare rose, both dark and romantic; smoky, mysterious ash to represent the phoenix-like cycle of destruction and rebirth; and, as befitting the Queen of Gourmand, a sweet and spicy opening with the tantalizing fizz of fine champagne. As with many of Hilde\'s most distinctive and compelling offerings, Disobbedienza rejects easy categorization, and yet it\'s as wonderfully easy to wear as any of her magical creations. Break away from conformity- lose yourself in the whimsical, bold, and iconoclastic world of Disobbedienza today.'),
	('P0568794', 'Avatar Eau de Parfum', 569615, 946, 2.900000, 48, '43cm L x 83cm W x 06cm H', '-', 'perfume', 'Hilde Soliani', ' Do we even have to tell you at this point that Hilde Soliani is the undisputed Queen of Gourmand? If there\'s even a shred of doubt left in your mind, we urge you to indulge in Avatar, Hilde\'s latest and greatest, which pulls off the wonderful trick of re-creating the exact smell the moment you walk into an ice cream store. We bet you can picture it just from reading the words- the sweet, mouthwatering aroma of cream and sugar diffused into the crisp snap of cold, with the subtly savory crunch of waffle cone ever present in the background. It\'s that simple but oh so nostalgic tableau that Hilde has created with Avatar, inspired by Paolo Brunelli, proprietor of Compagnia Gelatieri, and as with all of her marvelous gourmands, the magic isn\'t in unnecessary embellishments or needless complication, but in the sheer alchemy of how perfect the facsimile is- the milky, sugary, crisply cool ice cream is pitch perfect, evoking immediate memories of childhood summers and palaces of frozen delight. The Queen of Gourmand has done it again.'),
	('P0650180', 'Interlude Black Iris Eau de Parfum', 273978, 1057, 3.000000, 51, '70cm L x 76cm W x 87cm H', '-', 'perfume', 'Amouage', ' Inspired by a 1926 close-up painting of an Iris flower by Georgia O\'Keeffe, Interlude Black Iris is a deeply seductive and wickedly clever re-imagining of a regal men\'s classic. Just as with the original Interlude Man, a initially imposing burst of almost majestically powerful frankincense reveals a wondrously harmonious interior life as it develops; but whereas the original Interlude carried the effusive, spice-laden warmth of the baking desert sun, Black Iris is a dispatch from the inky midnight sky, stars illuminating a mouthwatering smorgasbord of rare delights. The intense aromatic oregano and rosemary of the original is toned down here, leaving the opening relatively cool, sparkling, and wet, which in turn unlocks the narcotic smoothness of buttery orris and violet leaf. Richly smoky agarwood and frankincense still carry their royal splendor, but the base leans more towards sandalwood and cedar, creamy and robust. If Interlude Man is a blinding crown of polished jewels, Interlude Black Iris is a flowing, impossibly soft velvet robe- and what king doesn\'t need both?'),
	('P0683356', 'Oud Stars - Indochine Parfum', 155814, 876, 2.400000, 5, '20cm L x 84cm W x 01cm H', '-', 'perfume', 'Xerjoff', ' The promise of an oud scent is boundless complexity- with the myriad of smoky, creamy, animalic, green, and spicy tones that quality oud is capable of, each sniff can potentially yield a new, exciting experience. While this is all too often lost in practice, Indochine offers a uniquely Xerjoff version of this complexity, pairing a shapeshifting oud against a signature XJ palette of indulgently gourmand fruits and luscious European florals for a sweet, smoky floral oud that reveals new dimensions with each passing moment. At first, the sweet fruit leaps off the skin, a mouthwatering candied strawberry brightened with Brasilian orange and a tingle of pink pepper. But soon enough, rich and sensual Bulgarian rose carries the moment, freshened with a surrounding bouquet of peony and freesia. Everything is building into an oud that plays off sweet and lush alike with smoky and creamy facets, imparting an almost mystical elegance. Truly a fragrance of rare distinction, Indochine is a sophisticated oud with great rewards for a discerning wearer.'),
	('P0733559', 'Vetiver de Pierre Eau de Parfum', 852958, 1759, 2.300000, 90, '19cm L x 80cm W x 83cm H', '-', 'perfume', 'Anthologie de Grands Crus', ' In Les Cayes, Haiti, vetiver roots with their dry, earthy notes are laid out in front of L\'Atelier Franais des Matires partner Pierre Lger\'s factory where the prized ingredient will be distilled. That earthy scent quality is amplified in Vetiver de Pierre in one of its two acts. You see, there are at least two acts in this stunning and unusual fragrance that amplifies vetiver\'s natural complexity, which is a perfume in and of itself.\nIn the first act, vetiver\'s dry earthy qualities are intensified by gourmand notes of cacao absolute from the Ivory Coast and Venezuelan tonka. Combined with blond tobacco absolute from Turkey, and you\'re practically transported to an expensive cigar store in Santo Domingo.\nIn the second act  or woven throughout the first  a citrusy green, rose-like creamy floral quality of vetiver radiates out adding a delicate refinement to its earthy qualities.\nSmooth, elegant and complex, Vetiver de Pierre will be a treat for vetiver lovers, surprising you at every turn with a complex symphony.'),
	('P0744039', 'Petits Papiers Eau de Parfum', 820863, 858, 2.400000, 99, '30cm L x 92cm W x 31cm H', '-', 'perfume', 'Mad et Len', ' Sweet,  warm,  and resinous,  Petits Papiers is inspired by Papiers d\'Armenie,  benzoin-coated incense papers that took France by storm in the late 19th century. Transposed by Mad et Len into scented candle form,  this combination of resins,  woods and a highly-evocative paper note had already brought this rich,  evocative and historic aroma into the home- but now,  exclusively for Luckyscent\'s 15th anniversary,  Mad et Len has made this timeless scent available in Eau de Parfum form. Enjoy the balsamic complexity of this dynamic,  yet subtle composition,  as can only be truly appreciated on the greatest canvas of all- your skin.'),
	('P0885075', 'Tubereuse Imperiale Eau de Parfum', 409492, 741, 3.400000, 67, '93cm L x 14cm W x 68cm H', '-', 'perfume', 'BDK Parfums', ' Nonchalant, she walks with regular strides. The swing of her hips well rehearsed. She doesn\'t want to seem too pretty in her white headdress. Sovereign, she feigns ignorance while a passerby\'s stare fixate on her light colored turban that unfolds like a corolla. Her delicate silhouette sways proudly under the weight of this crown of sunshine: the envy of all flowers.'),
	('P0996712', 'Tihota Eau de Parfum', 57047, 1408, 3.500000, 10, '58cm L x 04cm W x 81cm H', '-', 'perfume', 'Indult', ' Rapa Nui for sugar, Tihota is, quite simply, The One. The One that will call to you every moment you\'re not smelling it, The One that you\'ve only had hints of in other vanilla perfumes, The One that lasts and lasts, The One that has perfectly captured the essence of the pure nature of fresh vanilla beans and has harnessed it beyond your wildest dreams. It inspires obsessive devotion with its fragrance of smooth, vanilla bean pods dipped in honeyed water and left to steep. The result is the pure magic, an unbridled vanilla, sweet, raw and achingly desirable. Of course, Tihota isn\'t the first perfume to focus on the dark sweetness of vanilla... perfumery is filled with vanillas, but this smells like the dream of a master perfumer who was obsessed with vanilla and was finally given free rein to worship the note with no apologies. It is, without a sliver of a doubt, the finest pure vanilla we\'ve ever had the honor of carrying, and it\'s so beautiful it pains us to put the bottle down.'),
	('P1047737', 'Kagiroi Parfum', 340123, 1139, 3.700000, 68, '62cm L x 06cm W x 28cm H', '-', 'perfume', 'Di Ser', ' An aromatic ode to the ancient beauty of Japan, Kagiroi represents the changes in the shade of the dawn sky over the mountains of Hokkaido, Japan. As the dawn sky transitions through shades of purple, yellow, orange and red, this scent that showcases many ingredients used for the first time in perfumery transitions from an aromatic slightly spicy top to an earthy and woody base, representing the ebb and flow in the stages of life. The perfume opens with notes of Japanese herbs and citruses, moves to a slightly floral spicy middle and settles into a deep woody base accentuated by the use of the Hinoki cedar that dot the mountain landscapes. A deeply personal and spiritual scent, Kagiroi is a scent of shifting aromatic complexities representing transitions in the journey of life.Parfum Edition: We are honored and delighted to offer the rare and precious Parfum edition of Kagiroi, which adds to the composition a precious specimen of Japanese agarwood, which adds rich, spiritual dimensionality and a truly impressive and long-lasting drydown to this already complex and wonderful scent.'),
	('P1076040', 'Vanille d\'Amine Eau de Parfum', 870692, 1522, 4.500000, 54, '83cm L x 04cm W x 94cm H', '-', 'perfume', 'Anthologie de Grands Crus', ' This is not your teenager\'s vanilla. Rich, smoky, and smoothlike a fine cognacVanille d\'Amine hints at intrigues on dark nights, with vanilla from Madagascar undergirded by velvety smooth clove, with incense adding another layer of mystery. Smelling Vanille d\'Amine for the first time is like opening a leather-bound vintage book in a library impregnated with the scent of pipe smoke from day\'s long gone by. \nNamed in homage to Amine Kalfane, L\'Atelier Franais des Matires\' partner in Comoros/Madagascar who provides both the vanilla and clove for the fragrance, Vanille d\'Amine uses an oleoresin extraction whose olfactive profile of vanilla planifolia is quite different from the standard, with dark chocolate and plum facets. \nIf you are only familiar with conventionally confectionary vanilla, take a walk on the dark side. It smells pretty sexy over here.'),
	('P1289415', 'Velvet Fantasy Eau de Parfum', 229757, 1277, 2.700000, 98, '42cm L x 82cm W x 70cm H', '-', 'perfume', 'Montale', ' Velvet Fantasy is a solar fragrance where citrus and velvety fruits mingle with the elegance of rose and the gourmand femininity of violet. Thereafter, incense unveils amber and white musk to create a bewitching and wild dance. What We Think A sweet and fruity fragrance with a rich long lasting warmth. Like a decadent dessert, it starts off bringing together the bright freshness of the tangerine with some sweet berry and apple notes and the creaminess of the toffee and vanilla. The fragrance smoothly transitions into a deliciously bold blend of amber, leather, sweet vanilla and creamy woods. Absolutely mouthwatering.'),
	('P1359687', 'Gold II Sahara Parfum Extrait', 331642, 592, 2.400000, 9, '66cm L x 93cm W x 95cm H', '-', 'perfume', 'Widian', ' Like its companion fragrance Gold I, the luminous, captivating Gold II (now presented as Gold II Sahara) is built around the fragrance accord most associated with the precious metal- amber. But while Gold I\'s amber was powerful and opulent, Sahara is luxuriously smooth, a floral musk with a deep, soft muskiness that evaporates the concerns and trivialities of everyday life in a wondrous cloud of creamy, gently powdery sensuality.\nOn the very first spray of Sahara, a remarkably uplifting opening of bright citrus, rich saffron and spicy elemi invigorates, before the softness of the rose and orange blossom heart steadies the tempo and soothes the soul. In the deep, sweet base, creamy vanillic amber and musky cedarwood relax and seduce. The beauty of gold is its versatility, the ability to dazzle with subtlety as easily as with excess. In Gold II Sahara, Widian chooses that subtle road less traveled, and you\'re sure to go along for the journey.'),
	('P1409132', 'Oshun Extrait de Parfum', 381627, 1137, 3.400000, 62, '95cm L x 01cm W x 15cm H', '-', 'perfume', 'CALAJ Perfumes', ' Revered for her sensuality, beauty, love and fertility, Oshun, the Love goddess of the Yoruba people, was known to be generous and kind goddess with a touch of hidden tempestuous temper which rarely come to the surface.\nOshun is a dualistic perfume: One part sensual, tender, sexy and another part, strong and determined. What We Think Sweet, fresh, bright, and floral when it goes on, Oshun reveals a sensual, intense animalic side with warm, balsamic amber.'),
	('P1650225', 'New York Eau de Parfum', 846876, 1758, 2.700000, 30, '52cm L x 93cm W x 75cm H', '-', 'perfume', 'Widian', ' New York City in the spring may be the most magical place in the world. For once a year, the electric bustle of the city is balanced with delightfully mild temperatures, gentle sunshine, and a fresh breeze that draws even the most cynical citydwellers out into New York\'s beautiful and far-flung public spaces, now teeming with the energy of new life. This is the inspiration for New York, the latest in Widian\'s tribute to the great cities, an explosion of bright citrus, spicy florals, and musky woods that positively vibrates with the extraordinary dynamism of the Big Apple. \nAll the energy of a New York spring is present from the very first spray, as New York bursts forth with sun-soaked notes of lemon, bergamot, and mandarin, kissed with a burst of pink pepper. The spicy, aromatic bouquet only grows richer in the romantic heart notes, as striking floral notes of lavender, geranium and rose are combined with coriander and juniper, conjuring a lusciously fresh and deeply sensual tone. And as the smooth, ambered base of tobacco, musk, and never-too-heavy vanilla emerges, you can practically feel the sun setting, and a nighttime of endless possibilities on the horizon. It\'s just another perfect spring day in the greatest city in the world.'),
	('P1832748', 'Isra & Miraj Eau de Parfum', 603481, 1874, 2.100000, 68, '17cm L x 55cm W x 00cm H', '-', 'perfume', 'Stephane Humbert Lucas 777', ' To celebrate the 7 year anniversary of the 777 collection, Stephane Humbert Lucas Paris reconnects with its original inspiration and emphasizes on spirituality and wonders of the East.\nIsra & Miraj, sublime story of the Orient, tells of a voyage under the moonlight and an ascension to the 7th sky. This fragrance is the interpretation of a spiritual journey of hope, peace and fulfillment. An absolute quest wherein, sky after sky, the most precious raw materials are layered to create a perfume that is nothing short of perfection.\nAn intense sensual amber dressed up in a magnetic heliotrope take center stage as the white and brown musks start to create a mesmerizing aura that hovers over the skin. Natural oud infuses the fragrance with an enchanting woody and animalic richness that is absolutely heavenly. A meticulous work of olfactive art to that demonstrates this French house\'s mastery. One whiff of this and you\'ll agree, Stephane Humbert Lucas has never been more on top of his game.'),
	('P1889005', 'Fuyu Eau de Parfum', 507780, 1494, 2.700000, 82, '63cm L x 83cm W x 26cm H', '-', 'perfume', 'Tom Daxon', ' Inspired by the delicate juiciness of a Japanese fuyu persimmon, Fuyu is a floral skin musk of unique refinement and subtle yet indescribable pleasure. It opens on an accord of exceptional cleverness- white peach providing the sophisticated sweetness and cedarwood delivering a subtly creamy woodsiness that together create the illusion of a soft, perfectly ripe persimmon. The heart notes quickly unfold, revealing a bouquet of beguilingly powdery iris set against a luscious jasmine that keeps the fruity tones balanced. And all is laid softly on a bed of pillowy musks that surround the skin, softening, soothing, and purring with gentle sensuality. It\'s a true beauty of a skin scent, as perfect for iris lovers as it is for fans of subtly fruity musks- a fragrance with minimal intensity, but maximum complexity, and one that proves that Tom Daxon\'s talents extend to every aspect of fragrance.'),
	('P1909233', 'Citrus Riviera Eau de Parfum', 510234, 1384, 4.500000, 15, '78cm L x 91cm W x 70cm H', '-', 'perfume', 'BDK Parfums', ' Leaving Paris, heading south, I reach the Cap d\'Antibes. It\'s here in this white house that I find those forgotten feelings again, of the breeze that freshens the veranda, of the warmth of the steps leading to the garden, and of the turquoise water gleaming in the pool. I lie down under the lemon trees, in the shade, and scan the blue sky, where a few clouds drift, lost. The song of the cicadas is slowly replaced by laughter. The sun\'s rays stroke my face, and I am soothed; seduced by the sweetness of summer.'),
	('P2092745', 'Vanille de Tahiti Eau de Parfum', 305525, 991, 4.100000, 83, '17cm L x 39cm W x 07cm H', '-', 'perfume', 'Perris Monte Carlo', ' Native to Central America, the plant of vanilla belongs to orchid family and grows in the humid tropical forests. The most vibrant of all the varieties is the Tahitensis. This vanilla is not extracted with solvents, but through a more natural and less invasive process, known as CO2 supercritical. This process preserves all the aromatic facets of its profile and ensures an extract of the highest purity. The captivating aroma of this powerful and exotic raw material brings to life the soft texture of the vanilla pod.\nVanille de Tahiti is a symphony of warm, exotic and gentle sweet notes. An enveloping vanilla enriched with floral notes of ylang ylang and champaka, while enchanting warm notes of amber mingle with musk and sandalwood.'),
	('P2222038', 'Morning Chess Eau de Parfum', 76311, 816, 2.700000, 47, '29cm L x 03cm W x 73cm H', '-', 'perfume', 'Vilhelm Parfumerie', ' Swedish summers. Bright endless mornings in a cottage, minds battling in wit over a chessboard: the memories of a grandfather\'s checkmate. The ripe, green lushness of summer on the Swedish coast, where grassy notes are light enough to hint at the evergreen sharpness of the distant winter air. What We Think Fresh, green, and a touch wild- a leather with a comfortably natural streak.'),
	('P2231441', 'Lil Fleur Eau de Parfum', 522990, 602, 3.200000, 13, '85cm L x 95cm W x 00cm H', '-', 'perfume', 'BYREDO', ' With the swirl of emotions that dominate our teenage years- the joys and heartbreaks, the aspirations and fears, it\'s no wonder that our memories of those heady times will always be among our most intense and indelible. Lil Fleur is a fragrance dedicated to the complexity of adolescence, a lush and beautiful rose scent perched between innocence and sensuality, with all the occasionally bitter sweetness contained therein. \nAt the heart of Lil Fleur is a beautiful Damascena Rose, sparkling, crisp, and tantalizingly sweet. Top notes of cassis and tangerine add to the incandescence, while a smooth, mouthwatering note of saffron glows with the warmth of nostalgia. A romantic and gourmand base is composed of creamy vanilla and a sexy, grown-up touch of blonde, ambered woods, marking Lil Fleur with an unpretentious sophistication that makes it the perfect choice for rose lovers of all ages. A true encapsulation of the complicated and beautiful spirit of youth, Lil Fleur is a bright, warm, enchanting gem of a scent.'),
	('P2395911', 'L\'Homme A La Rose Eau de Parfum', 460809, 1306, 2.400000, 77, '33cm L x 56cm W x 18cm H', '-', 'perfume', 'Maison Francis Kurkdjian', ' Francis Kurkdjian has a talent for making masculines that balance French sophistication with modern style- classic enough to impress, cool enough to wear anywhere. And while he\'s already given men a sultry, evening rose with Lumiere Noire, his newest release reinvents the masculine rose as a fresh, bright, all-day sexy stunner. L\'Homme A La Rose doesn\'t lack for floral strength, as it\'s built around a dynamic pair of two of the world\'s most renowned roses: deep, sweet Damask roses from Bulgaria, and smooth, fresh Centifolia rose from Grasse. A fruity, zesty grapefruit accord accentuates the floral roundness, while a dynamic ambery wood accord blends with aromatic sage for a contemporary, distinctive signature. A rose that any man will want atop his wardrobe, L\'Homme A La Rose is a new standard for masculine florals.'),
	('P2555601', 'Arsalan Parfum', 941579, 1332, 3.100000, 65, '90cm L x 44cm W x 63cm H', '-', 'perfume', 'PRIN', ' The Persian legend of Arsalan is a story of a royal heir who rediscovers his hidden heritage and decides to reclaim his throne. And as would befit a fragrance based on hidden power, Arsalan is a gorgeous and richly textured floral spice scent that feels warm, lush, and romantic, but also reveals an intensely potent blend of some of the finest Southeast Asian ouds available. Beneath a bright, alluring bouquet of luscious, smooth champaca and jasmine, an intense and carnal rush of Cambodian oud and Thai Trat oud displays a multifaceted profile of sweet, warm, sensual oud tones. A bright, sparkling olibanum incense plays off of an exotic spice blend, uplifting and giving sophisticated complexity. Arsalan the prince needed a long journey before he was able to reveal his nobility, but Arsalan the fragrance is undeniably, wonderfully regal.'),
	('P2648475', 'Koala Extrait de Parfum', 491599, 1760, 2.900000, 98, '96cm L x 26cm W x 88cm H', '-', 'perfume', 'Zoologist', ' A cloak of rich green velvet sweeps across the Australian horizon, the majestic eucalypt forest flattering every curve of the undulating landscape. Tucked high in the crook of a tree, the koala is oblivious to the mesmerizing views. It would rather curl into a ball and sleep off a feast of oily eucalyptus, the aromatic leaves that sustain it. Despite their sleepy demeanour and friendly expression, koalas are territorial creatures. Males mark the soaring trunks with their musk, establishing their dominance.\nZoologist Koala opens with an invigorating blend of lemony honey and the sweet aroma of eucalyptus. They float above a blanket of black tea and spices, then draw you even deeper into musky amber and woods. The result is a unique and carefree scent that snuggles in around you, enveloping you in an embrace both playful and independent.'),
	('P2690689', 'Prends-Moi Eau de Parfum', 912694, 1112, 4.500000, 51, '48cm L x 99cm W x 15cm H', '-', 'perfume', 'Isabey', ' Take me.It\'s a bold and forward statement in any era, and in the early 1930\'s, when Isabey first released Prends-Mois (as it was called then), it was shockingly controversial- and highly coveted. Now, the iconic scent has been relaunched as Prends-Moi, and we\'re pleased to report the fragrance housed in the emblematic red bottle has every bit of the passionate romanticism that turned heads almost a century before. \nPrends-Moi opens with a fiery spark of pink pepper, leading to a lush and daring contrast of florals in the heart- a light, innocent rose intertwined with bold, unapologetically carnal tuberose. The powdered elegance of lipstick is balanced against an almost animalic cocoa, representing a seduction both sophisticated and primal. Erotic, romantic, and classic, Prends-Moi is everything French perfume should be.'),
	('P2817115', 'Escale En Indonesie Eau De Cologne', 794754, 718, 4.800000, 24, '63cm L x 30cm W x 75cm H', '-', 'perfume', 'Les Indemodables', ' Perhaps the most classic of all scents, the "L\'eau de Cologne" style stays perpetually in fashion because of its wonderful simplicity. Featuring a lighter concentration that puts its emphasis on freshness and wearability, an EDC can actually be an ideal format to showcase exquisite natural materials in high concentrations that might feel overwhelming as part of a richer, more busy perfume. \nWith Escale En Indonesie, Les Indemodables has chosen to showcase a spectacular specimen of one of the most precious materials in all of perfumery- ambergris. Recovered from the paradise of Sumatra, Indonesia, this top-graded white ambergris was painstakingly distilled into a "Grand Cru" tincture, broken down with state-of-the-art ultrasound and then carefully tinctured for over six months to achieve a sublime level of complexity. Every possible facet of this fabled material- vivid ozonic tones, sensual animalics, and electric saltiness- are fully presented, delivering a depth and longevity that are rare for an eau de cologne. And a suite of carefully chosen complementary notes add more EDC freshness- a sunny sparkle of Calabrian bergamot and Sicilian lemon combine with a green, floral freshness from Moroccan neroli oil. Each note teases out even more complexity from the ambergris, which feels as bright and refreshing as the citrus opening but soon gains creamy, seductive tonality from a smooth jasmine and sandalwood base. Don\'t worry if this sounds a bit heavy for an EDC, as it\'s delivered with a wonderfully light touch that makes it oh so wearable. But if you\'ve ever wanted a scent that harnessed the true power of ambergris while also maintaining delightful everyday wearability, don\'t let this hidden gem pass you by.'),
	('P2896108', 'Kurokami Parfum', 251214, 1288, 3.200000, 78, '54cm L x 58cm W x 21cm H', '-', 'perfume', 'Di Ser', ' This perfume represents the essence of Japanese aesthetics. A sleek and polished beauty that conjures up the sheen and well-groomed elegance of meticulously brushed hair. Indeed, Kurokami is Japanese for black hair. This is a fascinating floral fragrance filled with the refinement of Jasmine and Rose. A fragrance that exudes grace and sophistication.'),
	('P2930660', 'Undergrowth Eau de Parfum', 750211, 1892, 2.200000, 74, '00cm L x 99cm W x 32cm H', '-', 'perfume', 'Rook Perfumes', ' Undergrowth is visceral. I wanted to re-create the scent evoked by pulling fresh garden mint from damp earth and bottle it. I love watching people react to this scent. It is somehow familiar but it being born from a perfume bottle takes a moment to accept. Undergrowth is the scent that takes people\'s noses back to their wrist over and over again until they finally succumb and can\'t live without it.  Perfumer Nadeem What We Think Aromatic and earthy with the compellingly authentic snap of fresh, green mint, it\'s an undeniably addictive scent that evokes a beautifully cultivated herb garden.'),
	('P3036521', 'Escentric 05 - Travel Spray Eau de Toilette', 652329, 1238, 5.000000, 91, '84cm L x 58cm W x 70cm H', '-', 'perfume', 'Escentric Molecules', ' "With Escentric 05 I wanted to create a different kind of summer fragrance. Instead of the usual aqueous notes, I was inspired by walking up from the sea on a hot afternoon through dry, aromatic Mediterranean herbs and trees." -Geza Schoen\nCashmeran, the molecule at the heart of the 05 series, is dry, radiant, warm and woody with an unexpected touch of pine resin. It\'s this vibrant quality that caused Geza Schoen to flash back to the Mediterranean, where he spent his childhood summers, and as a result Escentric 05 is truly a different kind of summer scent, infused with vivid, glowing warmth and the contrast of sun-baked plants and trees.\nEscentric 05 opens with a wonderfully simply top of light, fresh bergamot, and a bright and happy orange note, chosen to represent the orange groves of our hypothetical island destination. Laurel and rosemary carry a signature freshness and spiciness, while a the herbal character of juniper plays against the dry, pungent woodiness of cypress. The drydown features two classic Mediterranean ingredients- cistus labdanum, with its sweet, leathery, balsamic richness, and mastic, a tree-based resin with the clean, sharp scent of newly-cut branches. And they\'re both layered over the signature 05 Series ingredient, cashmeran- an intoxicating 15% concentration within the formula that provides sensual, woodsy warmth. Far from a typically "freshie" summer scent, Escentric 05 captures the emotional warmth of summer memories in a scent with all the signature stylishness of Escentric Molecules.'),
	('P3039948', 'Nocturnal Poetry Parfum', 723006, 588, 3.400000, 24, '92cm L x 83cm W x 10cm H', '-', 'perfume', 'PRIN', ' Who says a nightmare needs to be a bad experience? In the talented imagination of Prin Lomros, the surreal feeling that accompanies an unsettling dream is sublime inspiration. This sensation is captured to enchanting effect in Nocturnal Poetry, a lush, intoxicating floral with the spicy, animalic complexity that PRIN is known for. A cool, green and thorny bouquet of violet, champaca, and rose sits in a misty fog of incense and myrrh, kissed with sweet, earthy notes of beeswax, hay, and coffee. A dark base of oud, animalics and leather beckons with provocative mystery, but Lomros always keeps Nocturnal Poetry from becoming too unsettling- ultimately, this dreamlike floral is a journey anyone will enjoy taking.'),
	('P3077923', 'Black Citrus Eau de Parfum', 599432, 1866, 4.200000, 16, '60cm L x 88cm W x 46cm H', '-', 'perfume', 'Vilhelm Parfumerie', ' The triumph of London rain. A sudden shower cooling the air: the romantic smell of London after a rainsquall when water has washed away frivolity, leaving only a zesty and triumphant breeze with a soft echo of the storm. The strength of bergamot, cardamom and violet is tempered by birch tree and a dusting of patchouli. What We Think Spicy, fresh, invigorating citrus with an intriguingly modern profile from the mate and violet heart.'),
	('P3114207', 'Puritas Eau de Parfum', 551119, 877, 4.000000, 22, '90cm L x 52cm W x 34cm H', '-', 'perfume', 'Electimuss', ' Inspired by Vesta, the Roman goddess of purity, home and hearth. Her purity of heart and promise of fertility were symbolized in the eternal flames burning in her temples.  \nPuritas has a graceful floral incense heart, with bright, peppery top notes and a warm spicy base.  Like its inspiration this fragrance has an eternal elegance, simplicity and a lightness of touch.'),
	('P3389475', 'Poets of Berlin Eau de Parfum', 895412, 955, 2.100000, 65, '52cm L x 39cm W x 54cm H', '-', 'perfume', 'Vilhelm Parfumerie', ' Berlin, a city that is alive with the same kinetic, magnetic energy that attracted David Bowie for a few formative, recuperative and prolific years in the Seventies. Perpetual creative movement embodied in a bold collision of blueberry, lemon, bamboo, green wild orris and Haitian vetiver. What We Think Vibrant, fresh, and green, with just the right amount of discord, this scent certainly captures the "beautiful chaos" of bohemian creativity.'),
	('P3439668', 'Eshu Extrait', 491391, 620, 3.200000, 40, '14cm L x 02cm W x 05cm H', '-', 'perfume', 'PRIN', ' Eshu, the mischievous god of Yoruba legend, who translates between the gods and all the peoples of earth. Eshu, a groundbreaking 2000 Fall/Autumn collection from the late Alexander McQueen, which inspired Prin Lomros to create this scent. Eshu, the fragrance, a universally fluent dialogue between rich, earthy tobacco, fiery spices, sweet cognac, and touches of animalics, woods, and musk. The synthesis is surprisingly smooth, a powerful yet utterly wearable boozy tobacco with intense, sophisticated resin and spice tones, distinctive and unforgettable. An ingenious juxtaposition of traditional tribal elements and modern twists, Eshu is not to be missed.'),
	('P3476703', 'Lavande Romaine Eau de Parfum', 537860, 1076, 3.900000, 70, '45cm L x 11cm W x 11cm H', '-', 'perfume', 'Perris Monte Carlo', '  At harvest time, evenings are filled with its aroma and the sunset is colored by the newly cut flowers strewn over the fields. The humble alembics installed near the reservoirs glow with red flames into the night.\nLavender is so connected to Provence that often farmers don\'t realize that it was introduced during the Roman invasion which gave this region the designation of Provincia Romana\' from which its name derives..\nLavande Romaine captures the essence of these landscapes and the beauty of the lavender fields where flocks of blue butterfly\'s float in the air. A joyful fragrance that dances and sings a summer tune.'),
	('P3543465', 'La Danza delle Libellule Eau de Parfum', 982439, 1123, 2.400000, 25, '92cm L x 31cm W x 66cm H', '-', 'perfume', 'Nobile 1942', ' Since when did Italian fragrance become such a serious endeavor? We have to admit,  we\'ve been feeling a bit lost lately amongst all these challenging,  avant-garde conceptual pieces- every now and again,  don\'t you just want to wear something unapologetically luxurious? La Danza Delle Libellule (the dance of the dragonflies, ),  a joyously self-assured fruity gourmand,  is the answer to our casual,  indulgent,  dare-we-say-girly? prayers. Based on an operetta by the Austrian composer Franz Lehar,  it\'s the kind bold,  beautiful,  and unapologetically feminine scent that\'s sure to conjure up fantasies of majestic castles and storybook romance to charm even the most jaded fragrance fan.\nLike the delicately beautiful insects that inspired Lehar in the first place,  La Danza Della Libellule delights us with its playful grace. Opening with an intensely juicy burst of apple and bergamot,  La Danza immediately distinguishes itself from more straightforward gourmands with its understated approach to sweetness: dry cedar and rich cinnamon give contrast to the bright fruitiness without ever getting sugary or cloying. A pure vanilla,  supported with cocoa and musk,  comforts and pampers to soothe even the most troubled heart. We wear fragrance for plenty of reasons: for love,  for fashion,  for art. This fragrance,  we just want to wear for ourselves.'),
	('P3629995', 'Gris Charnel Eau de Parfum', 624384, 598, 2.100000, 92, '82cm L x 65cm W x 65cm H', '-', 'perfume', 'BDK Parfums', ' Quai Saint-Bernard, near the Jardin des Plantes, the first couples arrive at the Tino-Rossi garden. As the night falls, the number of dancers increases and the bleachers fill up. Under the silver moon and the lights of the tourist barges that criss-cross the quay a few meters away, the bodies mingle to the rhythm of the music. It is then that two glances cross paths. A discreet invitation brings them to the center of the track. As if they were carried away, they dance in the heat of the night. From this hand-to-hand seduction punctuated by knowing smiles, they end up slipping away to give free flow to more carnal desires. In the early morning, the sheets give off a scent of sleepless nights, mischievous and lascivious embraces.'),
	('P3679279', '2018 Roxo Tonic Eau de Parfum', 186115, 1615, 2.400000, 65, '84cm L x 50cm W x 12cm H', '-', 'perfume', 'Les Bains Guerbois', ' Roxo, the ultra-glamorous new restaurant in the latest reincarnation of Bains Guerbois, is more than just a dining room. It\'s a designer\'s delight, where organic shapes transform in space, where day meets night in a dance of light and shadow. And it\'s a party, where encounters of all kinds intoxicate one\'s senses as powerfully as their potent and whimsical cocktails.\nRoxo Tonic is, therefore, a fragrance under the influence. Intense citrus and fiery ginger liberate the soul and sparkle with bold and daring intent. The bracing, bitter booziness of gentian liqueur stimulates the spirit, while smooth neroli adds a touch of silky romance. As the warm, musky base envelops us, we feel a moment of joy, desire and uninhibited delight. This is the Roxo Tonic, and it can bring a touch of sensual Parisian wonder to any situation.'),
	('P3737276', 'Freckled and Beautiful Eau de Parfum', 523736, 1607, 4.300000, 68, '04cm L x 05cm W x 20cm H', '-', 'perfume', 'A Lab on Fire', ' There\'s no beauty quite like being young in the City of Angels- the wind in your hair, the sand between your toes, the endless possibilities for freedom and adventure in a sun-dappled, ocean-kissed paradise where the days never end and anything is possible. Freckled and Beautiful is a perfect tribute to the beauty of youth in L.A., a warm and hazy beachside floral with an unforgettable gourmand touch. It\'s a fragrance that highlights everything that makes A Lab On Fire Great- creamy, romantic orange blossom, the unmistakable tang of salty ocean air, and a mouthwatering and unique gourmand component- in this case, a warm milk and Petit-Beurre pastry accord that comforts and nourishes like the perfect after-school snack. Delicious and delightful, Freckled and Beautiful captures the unique jubilation of youth, and is a must-try for all lovers of A Lab on Fire\'s gift for floral gourmands.'),
	('P4153377', 'Amber Eau de Parfum', 249491, 1909, 2.600000, 90, '27cm L x 00cm W x 55cm H', '-', 'perfume', 'Rook Perfumes', ' When we say we love amber scents, we don\'t just mean the traditional blend of labdanum and vanilla that are so often considered the definitive "amber" note in perfume. Which is good, because neither ingredient is anywhere to be found in Rook\'s new Amber scent. What we really love, however, is the spirit of amber- powerful, sensual, spiritual, and comforting, all at once- and that, this Amber has in multitudes. It opens with a genuinely hypnotic smoke note- sweetened with saffron, but rich and animalic, coaxing out the syrupy amber-maple heart like semi-fossilized resin seeping from ancient bark. A tonka bean base adds a touch of familiar vanillic tone, but stripped of the typically creamy dessert trappings. This amber glows with the intensity of late summer dusk in the wilderness, satisfyingly sweet but also exhilarating and primal. In other words, exactly what you\'d hope for from Rook.'),
	('P4163759', 'Poudrextase Eau de Parfum', 251358, 1555, 2.500000, 72, '63cm L x 82cm W x 91cm H', '-', 'perfume', 'Marlou', ' With a name that combines the French words for "powder" and "ecstasy, " it\'s not difficult to imagine what Marlou has in mind with their newest fragrance. But concept alone can\'t do justice to Pourdrextase; after all,  this is Marlou we\'re talking about here,  a line that does one thing- intensely erotic,  deeply animalic musk- and does it just about better than anyone. And even if their smolderingly over-the-top previous releases have been a bit too intense for you,  we\'d strongly encourage you to try again,  as Poudrextase explores a duality of skin scents- on one hand,  the primal musk,  on the other,  the fresh powder and minimal florals of expensive cosmetics on clean skin- and the result is Marlou\'s most wonderfully accessible scent yet. Here,  the rice powder is bright and fresh,  almost citrussy,  and the dried rose just delicately sweet enough to smooth out the funk of the animalics,  which retain every ounce of the full-bodied carnality of Marlou\'s previous gems. It\'s very much a portrait of skin in full- the proper and the profane,  the clean and the dirty. We\'re entranced.'),
	('P4172368', 'Purple Fig Eau de Parfum', 431353, 1230, 2.800000, 28, '99cm L x 96cm W x 22cm H', '-', 'perfume', 'Vilhelm Parfumerie', ' What would you do if it were your last night on earth? For Johann Friedrich Struensee, doomed doctor of the Danish court, it meant a picnic with his love and their friends on the last night before his death. As always, champagne and figs, his favorite fruit, were on the menu, as dusk turned the sky purple. Joy and tears, sorrow and laughter, a bitter sweet cocktail that lives on in this Purple Fig. What We Think A spicy, thorny, fresh-green take on fig- bittersweet enough to match the story.'),
	('P4188953', 'Anti-Blues', 548416, 859, 2.200000, 58, '64cm L x 83cm W x 27cm H', '-', 'perfume', 'Pierre Guillaume Paris Black Collection', ' "In the paintings of Jacques Monory, blue forgives everything. It makes the crime aesthetic, the threat fascination. Bathed in shades of highly desirable blue, urban and contemporary violence paradoxically becomes hypnotic."\nAnti-Blues, the first in Pierre Guillaume\'s new Confidentiel series, is a dark gourmand that, like the paintings of Monory, bathes warm mineral and woody gourmand notes in a cool blue wash of frankincense, combining the dangerous and the delicious. The frankincense is stark and cold, mixed with an almost alien vetiver, disguising the imposing woody bitterness coming from cacao, saffron, and amyris. Touches of hay and dark chocolate coax out the animal nuances of vanilla, already dirtied with leather and tobacco. It\'s a fragrance of olfactory illusion, enticing edible notes and seductive woods painting a distinctly tinted portrait of delectable darkness.'),
	('P4204362', 'Rozu Eau de Parfum', 273878, 1127, 3.000000, 63, '80cm L x 63cm W x 33cm H', '-', 'perfume', 'Aesop', ' The beauty of Aesop fragrances lies in their ability to elegantly balance between sophistication and naturalism- an Aesop scent is gorgeously refined, yet possessed with an unmistakable and primal connection to the raw materials from which it was created. So it shouldn\'t surprise anyone to hear that their foray into rose scents is no delicate young flower, but a lush, gorgeously green wild rose with vibrant shiso accords, woods and spice, and a light touch of sophisticated smoke. The rose note is sumptuously romantic, with enough floral fullness to make any rose lover swoon, but the eastern influence of the aromatics and guaiac wood impart a soulful spirituality that set Rozu apart. A beautiful floral that\'s every bit an Aesop scent, Rozu is a must try for rose lovers.'),
	('P4812246', 'Fatal Charme Eau de Parfum', 378326, 1546, 4.100000, 72, '49cm L x 96cm W x 81cm H', '-', 'perfume', 'Xerjoff - Join the Club', ' Fatal Charme is the fashion-themed fragrance from theJoin the Club series by Xerjoff. It evokes that insatiable desire for the next fashion-forward vogue, with an elegant sense of compositional balance and discernment.\nZesty aldehydes lead with a mouthwatering lemony top, giving Fatal Charme a fresh modern edginess. The fresh top is grounded with an elegant, powdery iris and a charming fruity zip of violet hard candy, adding a mysterious yet familiar quality. The effervescence of Fatal Charme brings to mind the fizz of a cream soda or cuba libre.  The final drydown is tinged with an irresistible hit of sheer musk. Edgy, elegant, sexy - but not taking itself too seriously - this Xerjoff creation would make any woman feel ready for the runway.'),
	('P4943954', 'Dear Polly Eau de Parfum', 503651, 1398, 4.600000, 42, '11cm L x 14cm W x 16cm H', '-', 'perfume', 'Vilhelm Parfumerie', ' Distance is nothing to the heart: The scent of black tea, brewed just how she likes it, and the crispiness of morning light, slowly easing away the night that still clings to the senses. Ceylon black tea immediately warms the skin while sensuous musk simmers below.'),
	('P4948947', '1979 New Wave Eau de Parfum', 769939, 1342, 4.000000, 70, '43cm L x 42cm W x 12cm H', '-', 'perfume', 'Les Bains Guerbois', ' As the seventies turned to the eighties, the nightlife at Bains Douches turned from the glitzy excess of disco to a new sound that was both melodic and modern, but also rawer and more emotionally intense than what had come before. As an ode to this New Romanticism and its dark and cheerful contradictions, 1979 New Wave is a truly intriguing combination of exceptionally bright, aldehydic herbaceous notes contrasted against a rich base of gorgeous, woodsy orris. The cool, bracing freshness of a mint bouquet explodes off the skin, the aldehydes providing a modern, gently soapy sparkle, which lifts up the (dare we say gloomy?) sensuality of the buttery orris heart, which otherwise might sink under its own complex richness. The smoothly musky base supports both the lighter and darker aspects of the scent, as crisp, aromatic cedarwood keeps the energy up while creamy sandalwood and warm amber coax warmer aspects from the orris. Looking for a new, sexy take on iris/orris? 1979 New Wave is here to transport you.'),
	('P5150613', 'Wood Jasmin Eau de Parfum', 53001, 1602, 4.000000, 63, '92cm L x 17cm W x 78cm H', '-', 'perfume', 'BDK Parfums', ' He walks along the long wooded pathway and a strange light shimmering with gold appears. Suddenly, the sky darkens, raindrops fall on his skin hastened by the breeze. Silhouettes form behind him and he realizes he\'s being followed. A sweet and melodious chant almost surreal emerges. Behind this wall of Jasmine flowers is a fairy. She is laying on the water, her golden hair caressing the stream. Fascinated, he approaches to collect drops of this precious elixir. But before night falls, he must leave. These woods are as gorgeous as they are mysterious.'),
	('P5294742', 'Mango Skin Eau de Parfum', 644777, 1191, 3.300000, 56, '23cm L x 64cm W x 92cm H', '-', 'perfume', 'Vilhelm Parfumerie', ' Have you ever really tasted one? With a single bite, you can feel the mango in your veins. Wild colors, endless skies and untamed happiness: breathtaking South Africa becomes the backdrop for this expressionist burst of blackberries, mango and black pepper. A ripe fruit that reveals its complex flavors  a cocktail of wild orris, black lotus and jasmine that leaves behind patchouli, vanilla and a hint of pink sugar. What We Think Luscious and mouthwatering with a small but lively touch of spice- perfect for lovers of full bodied fruit scents.'),
	('P5431227', 'Jasmin de Cherifa Eau de Parfum', 157941, 1139, 3.600000, 73, '53cm L x 49cm W x 10cm H', '-', 'perfume', 'Anthologie de Grands Crus', ' Just over an hour\'s drive north of Cairo, there\'s a botanical garden where L\'Atelier Franais des Matires Egyptian partner Cherifa Fakhry and his family cultivate an array of aromatic plants, including the stellar jasmine used in the perfume that pays him homage  Jasmin de Chrifa.\nDue to jasmine\'s high cost, most perfumes use synthetic versions, which tend to smell sharp and linear. Jasmin de Cherifa\'s real jasmine will take you on a journey of the flower\'s scent life cycle and in the process, taking your breathe away...\nCherifa was asked to use the flowers from their fields\' early, middle, and late crops to provide the full olfactive spectrum of the jasmine they harvest from June to October. Early jasmine, from June and July, is fresh and fruity. It turns floral and creamy midway through, in August, maturing into an animalic, indolic beauty in September. And that, along with an Egyptian rose absolute centifolia and a creamy Indian sandalwood to sing in its chorus, is what you get.\nVelvety, fruity, creamy, and sensuous, with a surprise touch of clary sage for added brightness and dimension, Jasmin de Cherifa is a revelation demonstrating that its simplicity of construction makes it even more elegant and luxurious. As Oscar Wilde once said,I\'m a man of simple tastes. I\'m always satisfied with the best.'),
	('P5665939', 'Blackberry Woods Eau de Parfum', 806096, 1261, 4.500000, 45, '93cm L x 15cm W x 48cm H', '-', 'perfume', 'Shay & Blue', ' Shay & Blue has a unique gift for playful sophistication- fragrances that can put a smile on your face and make your pulse elevate all at once. With its effortless combination of darkly sensual musky woods and glossy fruit notes, Blackberry Woods may be their most enchanting fusion yet. The delightful complexity is evident right from the start, with a sumptuous, mouthwatering harvest of sunny blackberry just bursting with joy, contrasted against a rich, green, and aromatic floral heart of neroli and lemon leaf. The aromatic sensuality carries into a base of darker, musky cypress wood, creating an alluring cocktail with a decidedly rebellious streak. If Blackberry Woods featured only the delicious blackberry opening, it would still be an instant summer favorite. What a gift, however, that this intoxicating, enchanting gem offers so much more.'),
	('P5792344', 'Love Toxin Extrait de Parfum', 127204, 1734, 2.700000, 70, '54cm L x 91cm W x 72cm H', '-', 'perfume', 'CALAJ Perfumes', ' From ancient times, people were curious to discover the philosophical stone and the magic potion of love, we read about their attempts in all stories, legends and history books. Even if they are just a myth, something must be true. I am convinced that there has been evidence that has convinced people. What if it wasn\'t magic? What if the potion of love was real? If they found a combination of scents, a secret formula of herbal oils that they put together had the effect of poisoning you. It seems plausible that when you fall in love, you seem to float, you are in your own world, everything is pink and beautiful as if only you two existed on earth. This is Love Toxin...'),
	('P5801211', 'Eau de Cuisine Eau de Parfum', 648904, 1270, 4.900000, 13, '40cm L x 03cm W x 70cm H', '-', 'perfume', 'Hilde Soliani', ' We\'ve always known Hilde Soliani makes the most mouthwatering sweet scents out there, but being "The Queen Of Gourmand" doesn\'t begin and end with dessert. Eau de Cuisine, her tribute to longtime friend and renowned modern Italian chef Paolo Lo Priore, is a glorious main course of a fragrance, a spicy, savory, salty feast for the senses. A tribute to Chef Paolo\'s signature "cucina convivale" tasting experience, which emphasizes experimentation and creativity, this scent is a wonderful combination of flavors- the aquatic brine of the ocean, the sweetness of apricot and almond, the creaminess of fresh dairy, and a captivating melange of aromatic herbs and spices. It\'s a scent both bright and rich, lively and decadent, sure to appeal to lovers of aquatics, orientals, and gourmands alike. In other words, it\'s as unique as Hilde Soliani herself- not to mention her equally impressive foodie friends.'),
	('P5966251', 'Oud Abramad Eau de Parfum', 377425, 786, 4.000000, 7, '26cm L x 62cm W x 69cm H', '-', 'perfume', 'BDK Parfums', ' At dawn, the doors close. The light colored marble conserves the intoxicating heat of the day. It seems as if the lush garden is soothing, and the trees open their arms. The desert\'s night creeps under the arcades and the garden enclosed by alcoves. Someone silently crosses the darkness. You can hear the subtle sound of fabric draping like a cloak over the leather\'s patina. The silhouette slow and haughty floats through the silenced garden. Maybe it\'s Abramad... heavy door opens and a glimmer of light filters through. A proud shadow covers the stone in a trail of the golden light. She disappears. Lift your heard towards the seven windows of the palace, open like big black eyes. In the hushed obscurity, someone stands facing the desert.'),
	('P5973685', 'Young Hearts Eau de Parfum', 69162, 1697, 4.300000, 38, '95cm L x 09cm W x 72cm H', '-', 'perfume', 'Bruno Acampora', ' Dewy, fresh, green and peculiar, Young Hearts follows a different rhythm everytime you try it. The opening is woody and green, fresh and very natural with the invigorating notes of bergamot, galbanum, birch and pine. A cold breeze is brought by saffron, which imparts also a leathery impression. The heart elongates the foresty smell of pine with fir balsam, along with a rather abstract floral arrangement. To make it grounded, there is a chypre accord that keeps the beat cool, with a timeless signature.'),
	('P6163461', 'Hapyang Eau de Parfum', 557944, 1803, 2.300000, 36, '13cm L x 82cm W x 33cm H', '-', 'perfume', 'Pierre Guillaume Paris, Parfumerie Generale', ' Pierre Guillaume is known for his expert touch on fragrances both invigoratingly bright, and seductively exotic- but his best work always involves a bit of both. Hapyang is just such a scent, an explosion of sparkling florals through a cloud of smooth powder. Aldehydes provide a brilliantly glamorous brightness, while the richness of magnolia and sweetness of ylang glow with dreamlike romance. Pearwood, benzoin, and vanilla form an enveloping cocoon, giving Hapyang a silky, long-lasting oriental base. Sensual, lively, and simply gorgeous, Hapyang is a beautiful new feminine floral from a master.'),
	('P6282945', 'Suede Eau de Parfum', 522955, 1519, 2.900000, 35, '59cm L x 39cm W x 45cm H', '-', 'perfume', 'Rook Perfumes', ' Polarizing and provocative, Rook\'s take on leather is perhaps not as smooth as the name Suede might suggest, but for those who love animalic, realistically raw leather, there\'s nothing else like it. Smoky, rugged, untanned leather is the star, still recognizably charred and fleshy, harkening back to times where leather was still made by hand. It weaves in a rich tobacco leaf, earthy, sweet, and natural, like the leathermaker was sitting at his tanning bench with a rolled cigarette dangling from his lips. While a delicate undercurrent of smooth suede makes the name more than just playful irony, those who only love the most delicate leather scents may want to look elsewhere. But for those who love raw, animalic, smoky leather, this is a magic potion not to be missed.'),
	('P6284344', 'Smoke Show Eau de Parfum', 732138, 1895, 4.700000, 87, '48cm L x 09cm W x 77cm H', '-', 'perfume', 'Vilhelm Parfumerie', ' The Jazz Soul. Vibrant spotlights, smoky rooms, the brassy notes of a saxophone: an evocative cocktail brings alive the energetic soul of a musical genre that broke boundaries and hearts. Leather and rose take center stage with bass notes of agarwood, vetiver and saffron. What We Think Crisp, energetic, and sexy, this is a fun and frisky leather scent for a night out on the town.'),
	('P6333195', 'Tahiti Vanilla Parfum', 591814, 533, 4.300000, 96, '92cm L x 38cm W x 72cm H', '-', 'perfume', 'Farmacia SS. Annunziata dal 1561', ' The island of Tahiti and its scents captured in an intertwining blend of sweet notes. Flamboyant landscapes formed by millions of corals with the most unusual hues. Hibiscus flowers, dancers in straw skirts, a warm breeze on the turquoise sea. The Vanilla of Tahiti softly caresses a tender heart full of flowers. A citrusy and aromatic head of bergamot, lime, sage and rosemary. A flowered heart of jasmine, neroli, mimosa and ylang-ylang and a woody and amber base of patchouly, sandalwood and vetiver.'),
	('P6346949', 'Nuit de Sable Eau de Parfum', 846440, 1985, 2.500000, 41, '86cm L x 69cm W x 10cm H', '-', 'perfume', 'BDK Parfums', ' In this garden of the sumptuous Palais Royal, out of sight, the pages of a book are slowly turning. Intrigued, a silhouette advances to start the conversation. It is there, at the end of the afternoon, sitting on a bench in front of a sumptuous bed of roses with a scent mixed with sand, where they meet. Oblivious of the time that passed, reality ends up catching up to them. The guard\'s keys come to close the garden doors.'),
	('P6404448', 'Haute Provence Eau de Parfum', 659681, 1809, 3.500000, 81, '52cm L x 72cm W x 44cm H', '-', 'perfume', 'Parle Moi de Parfum', ' The Provence region of France is known for both bucolic beauty- think rolling fields of purple lavender- and also for the glamorous, sun-drenched good life of Riviera enclaves like Saint-Tropez. With Haute Provence, Parle Moi de Parfum delivers a summer-perfect ode to this slice of paradise, a bright, refreshing, seductively smooth lavender scent that\'s as head-turningly stylish as it is easy to wear. \nProvencal Lavender is the undeniable star, sharp yet smooth, with a gently aromatic sophistication that places it in an entirely different tier above ordinary, astringent examples of the note. And it meets the perfect complement with a delightfully juicy cocktail of watermelon and green melon, bursting with the sunshine and ocean zest of the Mediterranean coastline. Narcissus adds a bewitching and wild touch of green that lingers stylishly with wonderful floral depth. Summer in Provence is an unforgettable pleasure, and with Haute Provence, you can bring that pleasure with you, anytime and anywhere.'),
	('P6574178', 'Room Service Eau de Parfum', 525358, 857, 3.300000, 96, '03cm L x 50cm W x 39cm H', '-', 'perfume', 'Vilhelm Parfumerie', ' Picture this: Greta Garbo at Carlyle  a superstar who chose herself above Hollywood\'s siren song. Alone in her hotel room, attired in a drift of satin and poignant allure, waiting for her ultimate luxury: a bath of flower petals, the warm water releasing this collision of citrus and red fruits, bamboo, violet, black amber and sandalwood. What We Think Juicy and lush, but with a decidedly un-sweet sophistication, this is a fruity floral with a grown-up sexiness.'),
	('P6695236', 'Bengale Rouge Eau de Parfum', 623633, 1764, 4.600000, 77, '20cm L x 26cm W x 71cm H', '-', 'perfume', 'Papillon Artisan Perfumes', ' Inspired by the stunning, tiger-like dappling of shade and light on the fur of her Bengal cat Mimi, Liz Moore\'s latest creation is a soft, cozily-spiced oriental that\'s as sensuous as a cat in full stretch. Miles away from the overt sexuality of Salome, Bengale Rouge\'s only hint of the animalic is the honeyed, fuzzy glow of the resins, which give the perfume a sensual warmth that\'s more kitten than tiger. \nBengale Rouge dips a soft, attar-like rose and sandalwood into a doughy, rooty iris and wraps it all up in a halo of headily-spiced resins. It\'s simply gorgeous. With its benzoin-rich vanilla swirled with caramelized labdanum, clove-scented opoponax, and the citrusy brightness of a Turkish rose, Bengale Rouge at first appears to take up the glittering mantle of the great orientals of the past, such as Shalimar and Opium. However, we are steered away from the powdered classicism of these perfumes by the clever addition by the perfumer of a dollop of edible vanilla that lends the scent a modern gourmand vibe that will have you wanting to lick your own skin. The vanilla gourmand aspect doesn\'t dominate; but neither does the dry and spicy resin facet  they dance and intertwine like perfect halves of one whole for a golden, opulent effect that perfectly mimics the interplay of light and dark on Mimi\'s fur coat. It\'s a total love from us. What We Think A ravishing blend of warm, powdery gourmand and gently animalic notes to delight and seduce in equal measure.'),
	('P6720006', 'Perfumista Eau de Parfum', 844113, 1759, 3.100000, 84, '52cm L x 48cm W x 57cm H', '-', 'perfume', 'Anatole Lebreton', ' In a world where artistry is ever more commoditized and luxury so often conflated with price, individuality is the rarest treasure- the "luxury of being yourself." That\'s the promise of Perfumista, a fruity, woody floral beauty that evokes some of the grand feminine chypres of years past, yet glows with the unique loveliness that infuses all of Anatole Lebreton\'s creations. It\'s also a love letter to the independent fragrance community, many of whom helped wear and refine the fragrance over the course of its development. Utilizing some of the most exquisite materials yet seen in his scents- Bulgarian rose oil, Indian jasmine absolute, and a vintage "Mousse de Saxe" accord in the base (dark, sweet, powdered, and mossy), Perfumista provides a surfeit of complementary olfactive textures that fit together with elegant comfort. The effect is a scent both nostalgic and forward-looking, a true original for, of, and by true fragrance lovers. If that describes you, what better scent could there be than one called Perfumista?'),
	('P6872047', 'Rook Eau de Parfum', 170090, 557, 3.600000, 15, '62cm L x 47cm W x 02cm H', '-', 'perfume', 'Rook Perfumes', ' A note from the creator: Rook was the scent I created for myself and with a little convincing decided to share. The opening is strong and phenolic with a big puff of smokey firewood and birch tar. I sometimes describe this scent as dirty/clean as the leathery animalic notes juxtapose a soapy accord at its heart. The base is woody and dark with a warm incense accord and the memory of the smoke that started the journey. What We Think Smoky yet sparkling, Rook has the rugged yet fresh presence of a roaring campfire under a clear night sky.'),
	('P7025041', 'French Bouquet Eau de Parfum', 583026, 1331, 4.100000, 28, '80cm L x 43cm W x 81cm H', '-', 'perfume', 'BDK Parfums', ' French Bouquet is a homage to the legacy of French perfumes in the 1970s. It showcases authentic Parisian sophistication and the capital\'s passion-filled nights, embodying the ultimate in French elegance. Created by Amlie Bourgeois, French Bouquet is a traditional chypre in which bergamot, rose, jasmine, oak moss and musk are revealed and sublimated by aldehydes. Their slightly oily and metallic potency gives a powdery appeal, as well as brighten the floral notes in the chypre accord.'),
	('P7211910', 'Basilico & Fellini Eau de Parfum', 770896, 754, 3.500000, 32, '61cm L x 27cm W x 15cm H', '-', 'perfume', 'Vilhelm Parfumerie', ' Movies with a touch of basil. The unmistakable smell of risotto bianco and a minty, peppery kick as the ultra fresh basil warms on the dish. A bon vivant who wanted to show life in all its glorious reality  people eating, sleeping and making love  Federico Fellini was said to request extra servings of this herb, rumored to be an aphrodisiac. What We Think An invigorating basil note is the star attraction here, but a mouthwatering fig note deserves equal credit in this fresh and fun everyday perfect scent.'),
	('P7212392', 'Zeste de Gingembre Eau de Parfum', 182979, 1717, 2.700000, 12, '61cm L x 70cm W x 71cm H', '-', 'perfume', 'HEELEY', ' A mouthwateringly electric cocktail of pure ginger refreshment, Zeste de Gingembre is the best showcase yet of James Heeley\'s talent for creating sophisticated fresh scents that truly energize and delight. There\'s nothing over-complicated about the structure here- Zeste opens with, appropriately, an eye-poppingly vivid burst of orange zest, sharp, bright lemon, and crisp, tart lime. The heart of fresh ginger is even more straightforward- a crackling fireball of invigorating, nose-tickling spice with a subtle twist of sweetness that leads into a pink pepper and cardamom base that weaves gourmand, aromatic, clean, and woodsy aspects all together in a lingering and increasingly smooth experience. The best fresh scents from Heeley carry truly unforgettable olfactory signatures- the minty pop of Menthe Fraiche, the salty tang of Sel Marin; the intoxicating burn of Zeste de Gingembre places it firmly in that rarefied company.'),
	('P7260596', 'Midnight Saffron Eau de Parfum', 556986, 1774, 3.900000, 80, '86cm L x 17cm W x 75cm H', '-', 'perfume', 'Tom Daxon', ' Lavender is having a moment, as fragrance houses everywhere are tossing aside its reputation as a sleep-inducing hippie oil, and rediscovering its electric sensuality. Midnight Saffron, born of Tom Daxon\'s long standing love for lavender, takes this energy and runs wild with it, mixing up a potent cocktail of spicy woods to create a vibrantly sexy scent that will carry you into the wee hours. As the name would suggest, the central spice involved is saffron, which here is stripped of its more foody elements to reveal the raw, crackling carnality underneath- which, in turn, amps up the animalic energy of the exquisite lavender note, created from a mixture of France and Bulgaria\'s finest lavender oils and absolutes. As Midnight Saffron dries, a smoothly woodsy leather note enhances and refines, but the energy never dips, even in the drydown. As we mentioned at the top, Midnight Saffron is a different take on lavender- one that\'s ready to stay up just as late as you are.'),
	('P7312159', 'Pas Ce Soir Eau de Parfum', 841443, 1941, 2.800000, 33, '91cm L x 08cm W x 98cm H', '-', 'perfume', 'BDK Parfums', ' Just like every night, Madam is getting ready in her office. She won\'t have time to go back home. She freshens up, touches her make-up: red velour lipstick, sometimes Bordeaux depending on her mood. She brushes her hair and takes her necklace out from her purse. Her white shirt slightly open highlights her inviting curves. She adds a bit more black to her eyes. She slams the front door as her heels strides on the sidewalk. Just like every Thursdays, she\'s going to the cabaret Place de la Concorde. Madam has high hopes like every night. She likes people; she loves life. She finds a stool at the bar and orders a whiskey with ice before lighting her cigarette. In the darkness, she makes out a silhouette in front of her. She turns to the side. It\'s him. It\'s always him. Their paths often cross but they never speak. She smiles, gets up and goes dancing. Alone. Men line up for her attention, she politely replies. Madam is chic, she responds. Close to 2am, a dandy looking man catches her eyes and invites her to dance. She abides but only for a short period, she leans in says she has to go home. She likes him but the morning is soon approaching. She leaves after whispering these words in his ear... "Not tonight"'),
	('P7447600', 'Bouquet de Hongrie Eau de Parfum', 507165, 1978, 4.900000, 68, '83cm L x 62cm W x 87cm H', '-', 'perfume', 'BDK Parfums', ' She\'s getting ready. It\'s a beautiful day. The sky is blue. She puts her naked foot on the floor and like a dancer, travels the distance of the mirrored hallway to the dressing table. It\'s one of her favorite spots. She likes getting pretty there. There are only flowers from the garden, and both her hands, fresh and clean. Her right hand, agile and light, grabs her powder, then a bottle of perfume. Her left hand clutches eye shadow and nude lipstick. She then moves on to the closet, where she picks a light dress and fixes a rebel strap. She slides on pair of heels and fastens a belt around her waist. Just like every morning, she walks towards her balcony full of flowers. It\'s on the 4th floor and overlooks the gardens of Palais Royal. She is happy and thinks of her day ahead, smiling.'),
	('P7456710', 'Do Not Disturb Eau de Parfum', 870110, 929, 4.500000, 84, '24cm L x 00cm W x 38cm H', '-', 'perfume', 'Vilhelm Parfumerie', ' Deep in the basement of Studio 54, a place with no boundaries and a Do Not Disturb sign on the door  some say it was never taken off! Rumor has it that Freddy Mercury, David Bowie, Halston, and Grace Jones were spotted here. The only certainty: those who dared to enter found a wonderland! What We Think Freshly musky, spicy, and sparkling, with an unexpected touch of sweetness, Do Not Disturb feels like a dizzy, giddy, possibly illicit romp.'),
	('P7536663', 'Transilvania Extrait de Parfum', 303275, 1370, 3.000000, 31, '72cm L x 63cm W x 74cm H', '-', 'perfume', 'CALAJ Perfumes', ' This word is known all over the earth and is associated with something evil, devilish, frightening... and all because of the legend of Dracula. CALAJ Perfumes wanted to show the world something else-- the positive characteristics of the vampire myth and the result is magnificent, intense, powerful, rich, deep and with a magnetism that you cannot resist. Lightness in the dark; Transilvania is to attract, not frighten.'),
	('P7712342', 'Golden Moka Eau de Parfum', 463077, 883, 3.400000, 28, '24cm L x 95cm W x 45cm H', '-', 'perfume', 'Xerjoff', ' An explosion of coffee and fresh citrus, Golden Moka is an invigorating and captivating oriental scent of undeniable vibrancy. Fiery, resinous, robust coffee absolute bursts out of a blinding opening accord of lemon and blood orange that lingers even as a luscious rose stretches into the romantic heart. The brightness persists still against a luxuriously rich base of Cambodian oud, the creamiest facets supplementing a mouthwatering amber richness. It\'s a scent of both distinction and action, perfect for those who prefer their elegance with energy. We\'ll just call it what it is: irresistable.'),
	('P7733327', 'Magnolia Grandiflora - Michel Eau de Parfum', 487544, 990, 2.400000, 18, '92cm L x 49cm W x 07cm H', '-', 'perfume', 'Grandiflora', ' Michel Roudnitska\'s expressive, sensuous compositions are few and far between. An accomplished photographer and fervent traveler, he has all but given up commercial perfumery to dedicate himself to other pursuits. But when he met Saskia Havekes, a renowned Australian floral designer, he offered her  and perfume lovers  a priceless gift: the formula of a magnolia fragrance inspired by the magnolia tree in his parents\', now his, garden near Grasse. The scent he had worked on for his own pleasure had found a home at Grandiflora.\nMagnolia Grandiflora Michel is part of a pair of fragrances, both dedicated to Grandiflora\'s namesake blossom. An unusual debut for a fledgling brand, but a vibrant, emotional tribute to the story behind the scents, since the other magnolia was composed by the late Sandrine Videault, whose mentors were Michel\'s parents Edmond and Thrse Roudnitska.\nWhile Sandrine\'s magnolia is fresh and shimmering, Michel\'s interpretation expresses the flower in its full bloom, with its lush waxy petals. As spectacular as a blossom-heavy magnolia tree, with a dark woody undercurrent boosting the heady floral bouquet. An exceptional and truly special offering.'),
	('P8002159', 'Bell\'Antonio Eau de Parfum', 424234, 1955, 2.300000, 78, '53cm L x 80cm W x 16cm H', '-', 'perfume', 'Hilde Soliani', ' There are few notes more appealing and downright sexy than tobacco and coffee. Mix them together and you are guaranteed a gloriously attractive perfume. Imagine the young Marcello Mastroianni enveloped in a light cloud of pipe smoke, sipping on a double espresso. In fact, imagine the most attractive man you can think of, and that would be Bell\'Antonio. A warm, husky aroma of tobacco leads the scent from start to finish, with the dark roasted coffee note providing an additional depth and character. Stunning, charismatic, more than a little dangerous and unexpectedly cozy and cuddly that is Soliani\'s Beautiful Antonio. Absolutely addictive and, despite the traditional masculinity of the notes, entirely wearable and no less beautiful on a woman!'),
	('P8140033', 'Dolls Eau de Parfum', 279728, 534, 5.000000, 37, '77cm L x 77cm W x 00cm H', '-', 'perfume', 'Moth and Rabbit', ' "A fragrance carried by vivid, extravagant colours and a surrealistic story about uncompromising love: all consuming and bordering insanity. A heavy perfume, based on animalistic notes interrupted by the subtle and light smell of snow; so repulsive in smell, so attractive in colours, so unreal."\nDolls, a beautifully stylized fever dream of a movie directed by Japanese icon Takeshi Kitano, tackles themes of love, death, sacrifice, and freedom- complex issues that its namesake scent more than lives up to. Dolls the fragrance is every bit as abstract and experiential as its inspiration, delivering extreme but balanced bursts of animalic musks, rich florals, sweet woods, and a fuzzed-out snowflake accord that shrouds the composition in a mysterious cloak of cold freshness. This is not a scent to passively wear out on the town, but a true companion piece to a film that defies easy interpretation but delivers exceptional rewards to those with the soul to proceed. Enjoy it accordingly.'),
	('P8154805', 'Rouge Smoking Eau de Parfum', 827508, 868, 4.500000, 12, '18cm L x 31cm W x 34cm H', '-', 'perfume', 'BDK Parfums', ' At nightfall, the sky becomes misty letting the red light of the mill glimpse through the window. The horns sound and the spirit of celebration comes to the city. In front of her mirror, she\'s getting ready and doing her makeup. It\'s time for beauty to go on stage. She goes toward her wardrobe, inspired by that tuxedo that will enhance her body lines. It is the Parisian glam, she knows it well. Her bohemian style and erotic energy leaves indelible footprints on the streets. She is Pigalle, beautiful and mysterious...'),
	('P8156206', 'Ambre Stone Eau de Parfum', 251584, 877, 3.800000, 50, '71cm L x 54cm W x 27cm H', '-', 'perfume', 'Anthologie de Grands Crus', ' In Ambre Stone, a juicy burst of bergamot takes an autumnal and sensual turn with the earthy addition of patchouli, rich sandalwood with a hint of indolic jasmine. But it\'s real ambergris that takes this scent to a whole new level, sprinkling the composition with that ingredient\'s inimitable fairy dust, adding warmth, coziness, and sensuality like the golden light of an autumn sun on a picturesque summer scene.\nDue to its rarity and cost, ambergris (grey amber), the aged and oxidized exudate from a whaleat once sweet, earthy, marine and animalicis largely found in synthetic form in perfume. But this almost mythic ingredient is in a 5% dose in Ambre Stone, adding a dreamy sensuousness to the edges of the fragrance\'s brightness. \nAs with all ingredients sourced by L\'Atelier Franais des Matires, the lump of ambergris is first selected from a trusted partner. Then, Jean Philippe Paris, AFDM\'s scientific director, processes the ambergris for around six months into a tincture or infusion, until it is deemed, along with the evaluation of perfumer Antoine Lie, to be ready to use. Ambre Stone, by the time it dries down, is a skin scent of voluptuous beauty that will have you inhaling yourself with abandon.'),
	('P8334557', 'Black Beard Extrait de Parfum', 196293, 1181, 4.500000, 89, '59cm L x 55cm W x 28cm H', '-', 'perfume', 'CALAJ Perfumes', ' What comes to mind when you hear about pirates? Strong, brave, devoted men... true examples of masculinity. Black Beard is not a perfume dedicated to pirates but to what these men represented, pure testosterone. Classic, elegant, bold.\nLimited edition - 100 bottles What We Think Led by an intense lavender-and-herbs heart that\'s both fiercely masculine and also intriguingly mouthwatering, backed with a rich & earthy tobacco base, Black Beard is an intense, rich scent for those who dare to stand out.'),
	('P8388528', 'A Blvd. Called Sunset Eau de Parfum', 500383, 1919, 4.100000, 6, '85cm L x 46cm W x 30cm H', '-', 'perfume', 'A Lab on Fire', ' There\'s no way A Lab On Fire could relocate to Los Angeles and not pay tribute to L.A.\'s most iconic Boulevard, home to the legendary neon-drenched rock stages of the Strip, the crashing waves of the Palisades, and everything in between. The result is A Blvd. Called Sunset, a bright, fresh, just the right amount of edgy journey across our wild and beautiful city. Bright, fresh bergamot sparkles in a smooth, salty, almond-inflected breeze, while a masculine leaning-floral blend of violet and jasmine combines with a leather that evokes the biker bars and metal clubs so famously captured in Ed Ruscha\'s seminal photo book. A smooth, intoxicating base of sandalwood, vanilla, and tonka goes down like a perfect mixed drink, comforting and sensual all at once. If you ever get a chance to take a trip down Sunset, there\'s nothing like it in the world. But the next best thing is a day spent wearing A Blvd. Called Sunset- a perfect tribute to the heart and soul of Los Angeles.'),
	('P8411958', 'Sola Parfum', 639962, 1844, 3.000000, 42, '42cm L x 84cm W x 82cm H', '-', 'perfume', 'Di Ser', ' A tribute to the expanse of space extending from the sky to the flower and fruit laden earth below, Sola, the newest offering from DI SER and perfumer Yasuyuki Shinohara, showcases the natural flora of Hokkaido, Japan with locally sourced and sustainably harvested ingredients from DI SERs own gardens. Starting with aromatic notes of freshly harvested Hokkaido lavender, lemongrass and yuzu, the uplifting scent moves to a floral middle of Japanese rose, magnolia, geranium and jasmine before settling on a spiritual bed of frankincense and myrrh. The spiritual and meditative scent evokes an imagery of a peaceful universe in complete harmony with the bounties of nature and of peace and contentment with its generous offerings.'),
	('P8460356', 'Celestial Eau de Parfum', 658913, 1793, 4.600000, 11, '99cm L x 84cm W x 88cm H', '-', 'perfume', 'Electimuss', ' Heavenly, divine and of the gods. Gazing to the stars, the Romans were keen astronomers naming the planets after gods, and such was their belief in the power and influence of the skies over their destiny that they were also keen devotees of astrology.   \nThe olibanum at the heart of this scent is a light, lemony incense with a conifer undertone, lifted by a spicy rose and underpinned by a warm woody base. Luminous, like the heavenly bodies which inspired it.'),
	('P9062377', 'Eau de Yuzu Eau de Toilette', 180167, 741, 3.200000, 18, '38cm L x 42cm W x 30cm H', '-', 'perfume', 'PARFUMS DE NICOLAI', ' An authentic Japanese garden glows with the harmony of natural beauty and expert craftsmanship. It is an all-too-rare demonstration of how human precision and effort can be used to augment nature, rather than replace it, and as a result it achieves a perfection that transcends the division between the manmade and the wild. Eau de Yuzu captures the purity of the morning sun illuminating a sublimely sculpted garden of native Japanese flora, with a vibrantly juicy citrus chord at the center. This is yuzu in all its delectable fullness, with a supplemental note of bright yellow grapefruit only deepening the tart, bright, gently sweet hesperidic character. Aromatic notes of juniper and lemon leaf further increase the naturalistic freshness, while the clean, smooth warmth of gaiac wood evokes the presence of minimal, immaculate woodwork giving form to the garden\'s edges. And ultimately, a woodsy, earthy patchouli ties everything together, reminding us that the larger world around the garden is still ruled by nature first, and humankind second. Fresh, bright, meditative, and deeply plasurable, Eau de Yuzu is a masterful citrus scent.'),
	('P9107760', 'I Love YY', 467549, 1893, 2.600000, 32, '16cm L x 91cm W x 47cm H', '-', 'perfume', 'Bogue Profumo', ' I LOVE YY is Antonio Gardoni\'s dual declaration of love- first, to New York City, a place he fell over heels for from his very first visit. But that title isn\'t a typo- YY, another object of his affection, is short for Ylang Ylang, that uniquely big, open, complex floral known for all the ways it smells unlike any other flower- sometimes grassy, sometimes gourmand, sometimes woodsy and resinous. When we asked Antonio to make us an exclusive fragrance to celebrate the opening of our first NYC boutique, he connected NY and YY, and the rest was a match made in heaven- or, at least, in the heart of Nolita.\nAnd leave it to Antonio to construct a fragrance that truly captures the energy and beauty of NYC. I LOVE YY is a whirlwind of delightful chaos, with perfect touches of New York everywhere you look- cold, fizzy grapefruit captures a brisk spring morning run in Central Park. The titular ylang note is camphorous and lactonic, joining tonka, rose, and jasmine to feel sweet and rich, buzzing like a packed after-hours party. Cold, fizzy grapefruit captures a brisk spring morning run in Central Park. An edgy violet leaf recalls the flashbulbs and fluorescents of a hot new gallery opening in the Meatpacking District. And all of these notes intertwine in a glorious hum of energy, light, sweetness and intoxicating depth that can only represent one single, gigantic, overwhelming, wonderful city. We couldn\'t be more excited that Antonio Gardoni and Bogue chose to join us in our inaugural NYC adventure. Won\'t you come with us?'),
	('P9132381', 'Escale En Haiti Eau De Cologne', 959758, 1004, 2.400000, 22, '32cm L x 29cm W x 80cm H', '-', 'perfume', 'Les Indemodables', ' Perhaps the most classic of all scents, the "L\'eau de Cologne" style stays perpetually in fashion because of its wonderful simplicity. Featuring a lighter concentration that puts its emphasis on freshness and wearability, an EDC can actually be an ideal format to showcase exquisite natural materials in high concentrations that might feel overwhelming as part of a richer, more busy perfume. With Escale En Haiti, Les Indemodables transports us to the bustling and beautiful Les Cayes region of Haiti, and their signature crop- vetiver, considered by many to be the best in all the world. \nLes Cayes vetiver is renowned for its richness and depth- allowed to mature beneath the soil for up to 2 years before harvesting, it develops uniquely bright, sweet citrus tones in addition to the expected earthy and woody properties. And for Escale En Haiti, Les Indemodables uses a 22% concentration of the absolute finest vetiver Les Cayes has to offer: a "Grand Cru" distillation hand-selected from unique terroir, carefully root-harvested, and painstakingly distilled at atmospheric pressure, a slower and more expensive process that provides a richer, longer-lasting extract. The results are a stunning natural vetiver cologne with real depth, each ingredient carefully chosen to highlight an element of the extraordinary main ingredient. Electric pink pepper from Reunion Island and aromatic juniper oil from Macedonia bring a spicy, fresh burst, while rich Venezuelan tonka and Somalian myrrh essential oil add a touch of creamy, powdered elegance to the subtle but long-lasting base. Vetiver lovers looking for both freshness and disctinction- this is one you won\'t want to miss.'),
	('P9195414', 'Bergamote de G. Franco Eau de Parfum', 588781, 1491, 3.000000, 100, '87cm L x 55cm W x 84cm H', '-', 'perfume', 'Anthologie de Grands Crus', ' In a tiny area of Reggio in Calabria Italy, around the strait of Messina, crops provide the bergamot oil so crucial to perfumery, lending its bright, luscious, aromatic citrus qualities to untold number of fragrances. In Bergamote de G. Franco, named after L\'Atelier Franais des Matires\' Italian partner Gianfranco, it\'s given star billing.\nUsing both early and late-harvested crops of bergamot, the former imparting a very green quality and the latter a confectionary sweetness, Bergamote de G. Franco is combined with the sun-drenched honeyed mimosa flower, along with delicately sweet osmanthus, with its tea and apricot facets. In addition to the creaminess mimosa imparts, Kashmirin saffron gives Bergamote de G. Franco a leathery note, adding to the scent\'s subtle complexity. \nSunny and elegant with gravitas, Bergamote de G. Franco is a bergamot-forward fragrance with more than one twist.'),
	('P9209826', 'Homa Parfum', 472551, 1232, 4.800000, 56, '25cm L x 34cm W x 48cm H', '-', 'perfume', 'PRIN', ' Sanskrit for a sacred Hindu fire ritual, Homa is a sumptuously complex blend of spices, florals, and animalics to elevate both spirit and consciousness. Using fire as the direct messenger between humans and gods, Homa transmutes these exotic ingredients into something simultaneously rich and earthy, but also transcendent and ethereal, weaving threads of smoke, ash, ozone and incense into the fragrant blend to represent the journey of these sacred offerings into the realm of the spirits. There\'s more than enough sophistication to satisfy lovers of Prin\'s deepest, most animalic elixirs- dark oud, earthy mushroom, and (natural, cruelty-free) fossilized hyrax and goat hair lend primal intensity, but Homa is balanced with bright, sparkling airiness that make it wonderfully wearable. For those looking to commune with the heavens, Homa is a sacred ritual safe to perform anytime.'),
	('P9298527', 'Creme de Cuir Eau de Parfum', 503147, 1094, 2.900000, 94, '97cm L x 16cm W x 24cm H', '-', 'perfume', 'BDK Parfums', ' An intoxicating elixir that is a pure representation of contemporary sensuality. This perfume captures the Indian summer, when the hot days are over and the sweet freshness of the evening begins to fall. The perfume transforms like the gauzy forms of a Rothko painting, shapes suspended in space and vibrating with soothing energy. The leather is stripped down made soft and creamy. The green notes passionately embraces the musk, while the bergamot push to the skies of Italy.'),
	('P9393370', 'Milk Musk Eau de Toilette', 304194, 1267, 3.700000, 53, '99cm L x 65cm W x 30cm H', '-', 'perfume', 'Molton Brown', ' Quiet morning light gently trickles in through glazed sash glass. Billowing freshly pressed sheets on soft skin, nestled into the solacing embrace of milky notes. Comforting, warm cashmere whispers soothingly of silvery white musk as a melody of fluttery piano chords tinkle from the record player. Enjoy the tranquillity in this balance of enlivening pear, soothing musk and sensual vanilla. A unique milk accord imparts nostalgic, intimate warmth creating a space  of profound love in a private haven.\nPerfect for when you need to ensconce yourself in a calm, cocooning bubble, whether it\'s curling up with a book or a just allowing yourself a few minutes of meditation. What We Think A fresh, clean, deeply soothing musk that evokes fresh laundry and morning sunshine, enhanced with the perfect touch of mouthwatering, tonka-flecked vanilla- Milk Musk is a skin scent with a euphorically dreamlike smoothness.'),
	('P9527744', 'Opale Eau de Parfum', 678152, 1390, 3.500000, 60, '83cm L x 04cm W x 62cm H', '-', 'perfume', 'Omnia Profumo', ' Truly a breath of fresh air, Opale is a gem of a marine floral that evokes the sun-drenched gardens and sparkling waters of the Mediterranean coast. From the very first spritz, a symphony of gentle florals flits through the air, combining the soft purity of jasmine and lilac with delicately spicy and earthy notes of hawthorne and geranium. But the core of the scent is an oh-so-oceanside note of fresh, salty, ozonic seaweed that wraps around a smooth and lively white musk to create a pitch-perfect image of a relaxing coastal breeze, which lingers for hours thanks to touches of woodsy and gourmand notes to accentuate and enrich the authentically oceanic tang. Carefree, lively, and joyful, Opale is an aquatic scent for the romantic in us all.'),
	('P9595005', 'Forest Eau de Parfum', 959297, 761, 4.200000, 74, '01cm L x 65cm W x 54cm H', '-', 'perfume', 'Rook Perfumes', ' A note from the creator: Forest is a scent for those who love woody and green notes. This is a scent for every day with an ethereal resonance that reminds you it is there as your skin warms. The opening of rich cypress is woven with peppery elemi resin and frankincense. The pine note takes you all the way to the dry down of warm patchouli and clean white musk. A great introduction to our scent palette. What We Think Bright, green, earthy, and woodsy, Forest is a fragrance for nature lovers casual enough for everyday wear, but with a warm, refined drydown we can\'t get enough of.'),
	('P9618673', 'Douleur! Eau de Parfum', 578233, 740, 3.900000, 82, '36cm L x 69cm W x 60cm H', '-', 'perfume', 'Bogue Profumo', 'Nail biting sweetness - caramel and candy in metallic wrap. A rose hologram above chewy balsamics sit on a lick of hot skin and wax. DOULEUR! - an oxidized rose\nDouleur means "pain, " which is a seemingly appropriate name for a fragrance created in collaboration with UK tattoo artist and bondage master Freddie Albrighton. But fear not- Douleur understands the intersection of pleasure and pain,  and this uniquely bright,  sweet,  minty metallic rose is as utterly compelling as it is unexpected,  blending modern and gothic influences to feel both wholly Bogue,  and yet also like a departure from Gardoni\'s typical vintage-influenced animalic florals. Sexy and fresh with a provocative twist,  Douleur is a unforgettable ride.'),
	('P9741485', 'Exit the King Eau de Parfum', 772597, 1657, 4.100000, 43, '74cm L x 21cm W x 83cm H', '-', 'perfume', 'Etat Libre d\'Orange', ' In these tumultuous times, a fragrance that celebrates destruction and dethronement might seem... risky. But Etat Libre was never about playing it safe, and Exit The King, like all their best releases, is risky in all the best ways, a you\'ve-never-smelled-anything-quite-like-this fragrance that tears down the contours of a classical chypre to uncover a blindingly fresh, delightfully sexy new regime. An immaculate blend of contrasts: electrically overdosed florals, sparkling fresh soap foam, and the sharp green of tree moss, all set against a woodsy, milky blend of patchouli and sandalwood. It\'s both comfortably familiar, but thrillingly new- a modern, stylish floral that\'s both everyday perfect, and secret weapon good.'),
	('P9769163', 'Thurible Eau de Parfum', 394049, 891, 3.300000, 70, '32cm L x 05cm W x 19cm H', '-', 'perfume', 'Rook Perfumes', ' The best kept secret about incense in perfumery is how magically versatile it is- it can be smoky, of course, but also resinous and animalic, or sparkling and fresh, or opulent and narcotic. Thurible is the rare incense scent that seems to contain it all, a wonderfully complex ode to this beloved material that still coalesces into a beautifully wearable and stylish signature. A sweet, clove-forward spice and herb blend supplements the church-ier aspects of the incense- cool, smoky, and sheer- while warmer, more resinous facets intertwine with rich, earthy labdanum and patchouli. A third chord- clean, sparkling incense with fresh rose and oakmoss- pulls everything together with a timeless twinkle. A must-smell for all incense lovers, Thurible is a comfortably sophisticated incense scent we\'re head over heels for.'),
	('P9855297', 'Saringkarn Extrait', 475901, 1021, 4.500000, 65, '56cm L x 36cm W x 89cm H', '-', 'perfume', 'PRIN', ' A taste of love and seduction. The value of love between lover, friend and family and humanity. A taste of happiness. Saringkarn, a tribute to the traditional and ancient Thai form of literary composition, is a tantalizing and unique scent somewhere between gourmand, floral, and oriental, where dark and sensual tones of oud, amber, leather, and tobacco gain an alluring, romantic sweetness from beeswax, dark chocolate, and a bouquet of exquisite roses. Sweet, boozy prune gives a cognac-like richness, while a darker smoke note preserves just the right amount of provocative danger. Like any true work of literary genius, it\'s up to you how to interpret it all.');

-- Dumping structure for procedure dbsellereffe.spSetAllProducts
DELIMITER //
CREATE PROCEDURE `spSetAllProducts`()
BEGIN
SELECT * FROM product_perfume;
END//
DELIMITER ;


-- Dumping database structure for dbsellerlumiere
CREATE DATABASE IF NOT EXISTS `dbsellerlumiere` /*!40100 DEFAULT CHARACTER SET utf8mb4 COLLATE utf8mb4_0900_ai_ci */ /*!80016 DEFAULT ENCRYPTION='N' */;
USE `dbsellerlumiere`;

-- Dumping structure for table dbsellerlumiere.lumiere_transaction
CREATE TABLE IF NOT EXISTS `lumiere_transaction` (
  `id` varchar(10) NOT NULL,
  `payment_type` varchar(10) NOT NULL,
  `cust_id` varchar(10) NOT NULL,
  `product_id` varchar(10) NOT NULL,
  `date` varchar(20) NOT NULL,
  `quantity` tinyint NOT NULL,
  `unit_price` mediumint NOT NULL,
  `total_price` mediumint NOT NULL,
  KEY `FK_lumiere_transaction_dbbankgopay.gopay_transaction` (`id`),
  KEY `FK_lumiere_transaction_dbcustomer.customer` (`cust_id`),
  KEY `FK_lumiere_transaction_dbsellerzalya.product_fashion` (`product_id`),
  CONSTRAINT `FK_lumiere_transaction_dbbankbni.bni_transaction` FOREIGN KEY (`id`) REFERENCES `dbbankbni`.`bni_transaction` (`transaction_id`),
  CONSTRAINT `FK_lumiere_transaction_dbbankgopay.gopay_transaction` FOREIGN KEY (`id`) REFERENCES `dbbankgopay`.`gopay_transaction` (`transaction_id`),
  CONSTRAINT `FK_lumiere_transaction_dbcustomer.customer` FOREIGN KEY (`cust_id`) REFERENCES `dbcustomer`.`customer` (`cust_id`),
  CONSTRAINT `FK_lumiere_transaction_dbsellereffe.product_perfume` FOREIGN KEY (`product_id`) REFERENCES `dbsellereffe`.`product_perfume` (`product_id`),
  CONSTRAINT `FK_lumiere_transaction_dbsellerlumiere.product_cosmetic` FOREIGN KEY (`product_id`) REFERENCES `product_cosmetic` (`product_id`),
  CONSTRAINT `FK_lumiere_transaction_dbsellerzalya.product_fashion` FOREIGN KEY (`product_id`) REFERENCES `dbsellerzalya`.`product_fashion` (`product_id`)
) ENGINE=InnoDB DEFAULT CHARSET=utf8mb4 COLLATE=utf8mb4_0900_ai_ci;

-- Dumping data for table dbsellerlumiere.lumiere_transaction: ~200 rows (approximately)
DELETE FROM `lumiere_transaction`;
INSERT INTO `lumiere_transaction` (`id`, `payment_type`, `cust_id`, `product_id`, `date`, `quantity`, `unit_price`, `total_price`) VALUES
	('BPY97028', 'BNI', 'CT124325', 'C5683504', '2022-12-03 23:07:54', 1, 676020, 676020),
	('BPY72701', 'BNI', 'CT460639', 'C0434406', '2022-11-21 16:21:26', 5, 313516, 1567580),
	('BPY50650', 'BNI', 'CT652747', 'C4300053', '2022-10-07 8:35:37', 3, 252235, 756705),
	('GPY55305', 'GoPay', 'CT140834', 'C8787709', '2023-04-19 20:49:31', 5, 835383, 4176915),
	('GPY37315', 'GoPay', 'CT954122', 'C5685190', '2023-02-03 6:12:49', 3, 106838, 320514),
	('BPY78505', 'BNI', 'CT600025', 'C9416571', '2022-08-29 18:48:37', 5, 322018, 1610090),
	('GPY41856', 'GoPay', 'CT287501', 'C8174704', '2022-12-31 0:48:54', 4, 685300, 2741200),
	('GPY78417', 'GoPay', 'CT768855', 'C0434930', '2022-11-30 20:44:00', 1, 339404, 339404),
	('BPY09422', 'BNI', 'CT487659', 'C9348778', '2023-02-08 18:00:17', 1, 283060, 283060),
	('GPY69818', 'GoPay', 'CT798121', 'C5575519', '2022-12-28 14:30:24', 2, 800581, 1601162),
	('BPY11566', 'BNI', 'CT499467', 'C6544115', '2022-06-30 9:22:18', 3, 113495, 340485),
	('GPY22552', 'GoPay', 'CT999001', 'C2774051', '2022-12-22 14:05:51', 2, 694433, 1388866),
	('BPY87500', 'BNI', 'CT813581', 'C4385093', '2023-02-21 0:36:24', 4, 99205, 396820),
	('GPY25795', 'GoPay', 'CT241320', 'C4309847', '2023-02-21 4:06:08', 3, 323336, 970008),
	('GPY28903', 'GoPay', 'CT744478', 'C2806395', '2022-12-28 20:07:34', 1, 288117, 288117),
	('GPY92278', 'GoPay', 'CT200995', 'C9802251', '2023-02-07 19:53:01', 1, 391723, 391723),
	('GPY51070', 'GoPay', 'CT217412', 'C6596146', '2022-12-22 14:15:26', 5, 211002, 1055010),
	('BPY24212', 'BNI', 'CT444004', 'C5683504', '2022-09-04 18:35:10', 3, 676020, 2028060),
	('GPY50208', 'GoPay', 'CT768955', 'C8277473', '2022-08-19 18:55:02', 1, 845481, 845481),
	('GPY28753', 'GoPay', 'CT832228', 'C6524320', '2023-01-30 1:18:10', 4, 110342, 441368),
	('GPY35377', 'GoPay', 'CT513358', 'C9133220', '2023-05-25 2:21:23', 5, 343528, 1717640),
	('GPY38654', 'GoPay', 'CT960439', 'C0434406', '2022-07-31 15:10:36', 5, 313516, 1567580),
	('GPY34315', 'GoPay', 'CT716089', 'C2461150', '2023-02-14 7:46:53', 2, 723662, 1447324),
	('BPY96762', 'BNI', 'CT336162', 'C8864080', '2022-12-03 5:21:43', 5, 798082, 3990410),
	('BPY70963', 'BNI', 'CT816479', 'C4794436', '2023-04-22 4:24:02', 2, 242730, 485460),
	('GPY03211', 'GoPay', 'CT869535', 'C9379571', '2022-09-22 14:03:33', 3, 200273, 600819),
	('GPY76233', 'GoPay', 'CT815958', 'C1358259', '2023-02-27 7:41:57', 2, 202420, 404840),
	('GPY73943', 'GoPay', 'CT768855', 'C8079903', '2022-06-03 14:15:00', 5, 340261, 1701305),
	('GPY90009', 'GoPay', 'CT205086', 'C9123993', '2023-03-12 7:54:44', 5, 348554, 1742770),
	('GPY42119', 'GoPay', 'CT602067', 'C9340847', '2022-12-28 8:17:50', 4, 389427, 1557708),
	('BPY07479', 'BNI', 'CT338072', 'C1974326', '2023-04-23 9:10:04', 4, 555878, 2223512),
	('GPY73948', 'GoPay', 'CT948394', 'C9232974', '2023-02-09 14:17:37', 1, 494591, 494591),
	('GPY55605', 'GoPay', 'CT002026', 'C0713608', '2022-07-15 21:56:06', 3, 510224, 1530672),
	('GPY87088', 'GoPay', 'CT498493', 'C7898319', '2023-04-15 15:37:46', 4, 981713, 3926852),
	('BPY78210', 'BNI', 'CT884530', 'C9450793', '2023-04-07 12:38:30', 2, 954872, 1909744),
	('BPY24788', 'BNI', 'CT692261', 'C4400880', '2022-09-15 4:31:58', 2, 320166, 640332),
	('BPY69430', 'BNI', 'CT652747', 'C8277473', '2022-07-21 1:10:17', 2, 845481, 1690962),
	('GPY15598', 'GoPay', 'CT768955', 'C9416571', '2022-07-26 18:19:25', 4, 322018, 1288072),
	('BPY78210', 'BNI', 'CT884530', 'C3025801', '2023-04-07 12:38:30', 1, 508401, 508401),
	('GPY92445', 'GoPay', 'CT602067', 'C3874683', '2022-09-27 11:15:58', 4, 668862, 2675448),
	('GPY94414', 'GoPay', 'CT321738', 'C5685190', '2022-08-28 3:18:39', 3, 106838, 320514),
	('BPY93075', 'BNI', 'CT484892', 'C5403684', '2022-05-29 9:20:57', 3, 938493, 2815479),
	('GPY25795', 'GoPay', 'CT241320', 'C7475945', '2023-02-21 4:06:08', 1, 148306, 148306),
	('GPY74469', 'GoPay', 'CT205086', 'C2638392', '2023-05-21 5:57:58', 3, 268128, 804384),
	('BPY47199', 'BNI', 'CT444004', 'C5765456', '2022-11-14 5:10:29', 1, 635294, 635294),
	('GPY74469', 'GoPay', 'CT205086', 'C4400880', '2023-05-21 5:57:58', 2, 320166, 640332),
	('GPY25795', 'GoPay', 'CT241320', 'C0546744', '2023-02-21 4:06:08', 4, 711212, 2844848),
	('GPY59198', 'GoPay', 'CT091686', 'C2806395', '2022-09-14 17:26:36', 5, 288117, 1440585),
	('GPY90817', 'GoPay', 'CT159666', 'C8864080', '2022-06-26 19:25:52', 5, 798082, 3990410),
	('GPY76233', 'GoPay', 'CT815958', 'C8058755', '2023-02-27 7:41:57', 2, 434629, 869258),
	('BPY43240', 'BNI', 'CT153648', 'C7131637', '2023-01-26 13:49:19', 2, 232349, 464698),
	('GPY68737', 'GoPay', 'CT948394', 'C9503884', '2023-04-09 0:38:15', 1, 549988, 549988),
	('GPY35377', 'GoPay', 'CT513358', 'C9178263', '2023-05-25 2:21:23', 4, 592862, 2371448),
	('BPY52157', 'BNI', 'CT487961', 'C4794436', '2022-11-15 7:12:17', 2, 242730, 485460),
	('GPY15575', 'GoPay', 'CT658935', 'C1929374', '2022-11-26 16:56:41', 3, 809611, 2428833),
	('BPY05288', 'BNI', 'CT335033', 'C1724963', '2022-10-14 22:03:56', 5, 702152, 3510760),
	('GPY60896', 'GoPay', 'CT854110', 'C0434930', '2022-10-29 8:04:56', 4, 339404, 1357616),
	('BPY66123', 'BNI', 'CT232291', 'C5888863', '2022-11-17 22:04:32', 1, 946669, 946669),
	('GPY75654', 'GoPay', 'CT176558', 'C9416571', '2023-01-29 7:33:41', 4, 322018, 1288072),
	('GPY55605', 'GoPay', 'CT002026', 'C9095620', '2022-07-15 21:56:06', 4, 408862, 1635448),
	('GPY73948', 'GoPay', 'CT948394', 'C1147499', '2023-02-09 14:17:37', 4, 330850, 1323400),
	('BPY32563', 'BNI', 'CT219723', 'C9133220', '2022-08-24 14:48:53', 5, 343528, 1717640),
	('BPY67591', 'BNI', 'CT776323', 'C7645316', '2022-11-14 7:44:13', 4, 930070, 3720280),
	('BPY32731', 'BNI', 'CT688603', 'C4309847', '2023-01-15 11:53:01', 3, 323336, 970008),
	('GPY90469', 'GoPay', 'CT437060', 'C6239499', '2022-09-25 6:55:15', 3, 932935, 2798805),
	('BPY06084', 'BNI', 'CT786904', 'C2286737', '2022-12-11 19:08:58', 2, 54621, 109242),
	('BPY72619', 'BNI', 'CT197967', 'C7197339', '2022-11-05 0:05:00', 1, 459599, 459599),
	('GPY42030', 'GoPay', 'CT241320', 'C0546744', '2022-12-16 23:57:51', 4, 711212, 2844848),
	('GPY75108', 'GoPay', 'CT731466', 'C1974326', '2022-10-27 17:38:58', 4, 555878, 2223512),
	('GPY77223', 'GoPay', 'CT338133', 'C1358259', '2022-09-05 6:59:48', 3, 202420, 607260),
	('BPY05288', 'BNI', 'CT335033', 'C5888863', '2022-10-14 22:03:56', 1, 946669, 946669),
	('GPY00419', 'GoPay', 'CT934132', 'C7898395', '2022-09-06 22:44:52', 4, 739620, 2958480),
	('BPY84437', 'BNI', 'CT929318', 'C3112772', '2023-05-12 20:31:45', 4, 922128, 3688512),
	('BPY06084', 'BNI', 'CT786904', 'C7394924', '2022-12-11 19:08:58', 3, 65138, 195414),
	('GPY07481', 'GoPay', 'CT057935', 'C9340847', '2022-06-24 12:19:09', 5, 389427, 1947135),
	('GPY14780', 'GoPay', 'CT960439', 'C7113931', '2022-10-27 1:44:01', 2, 764706, 1529412),
	('GPY72658', 'GoPay', 'CT999828', 'C6524320', '2022-12-23 13:52:42', 2, 110342, 220684),
	('BPY47475', 'BNI', 'CT044984', 'C9455819', '2023-03-17 15:12:48', 5, 759829, 3799145),
	('GPY68865', 'GoPay', 'CT153309', 'C4794436', '2022-12-20 16:57:44', 2, 242730, 485460),
	('GPY42119', 'GoPay', 'CT602067', 'C8787709', '2022-12-28 8:17:50', 5, 835383, 4176915),
	('BPY53689', 'BNI', 'CT884530', 'C7113931', '2023-03-12 20:07:24', 2, 764706, 1529412),
	('GPY95411', 'GoPay', 'CT815958', 'C6524320', '2022-07-11 21:54:06', 2, 110342, 220684),
	('GPY62156', 'GoPay', 'CT482887', 'C8174704', '2023-02-09 5:44:37', 5, 685300, 3426500),
	('GPY14780', 'GoPay', 'CT960439', 'C1305061', '2022-10-27 1:44:01', 1, 125327, 125327),
	('GPY28391', 'GoPay', 'CT057935', 'C9450793', '2022-12-08 5:54:39', 2, 954872, 1909744),
	('GPY14780', 'GoPay', 'CT960439', 'C3025801', '2022-10-27 1:44:01', 1, 508401, 508401),
	('BPY08082', 'BNI', 'CT057905', 'C0546744', '2023-02-26 10:07:53', 4, 711212, 2844848),
	('GPY65565', 'GoPay', 'CT934132', 'C9348699', '2022-12-04 23:26:22', 1, 229747, 229747),
	('GPY73943', 'GoPay', 'CT768855', 'C8079903', '2022-06-03 14:15:00', 2, 340261, 680522),
	('GPY00681', 'GoPay', 'CT207216', 'C9379571', '2022-06-04 6:20:44', 3, 200273, 600819),
	('GPY15598', 'GoPay', 'CT768955', 'C9123993', '2022-07-26 18:19:25', 5, 348554, 1742770),
	('GPY53771', 'GoPay', 'CT513358', 'C9232974', '2022-07-20 13:18:29', 1, 494591, 494591),
	('BPY69430', 'BNI', 'CT652747', 'C8079903', '2022-07-21 1:10:17', 2, 340261, 680522),
	('BPY84437', 'BNI', 'CT929318', 'C6524320', '2023-05-12 20:31:45', 2, 110342, 220684),
	('GPY20754', 'GoPay', 'CT140834', 'C9450793', '2023-04-01 6:19:35', 5, 954872, 4774360),
	('GPY61807', 'GoPay', 'CT798121', 'C9455819', '2023-04-02 22:58:31', 5, 759829, 3799145),
	('BPY73125', 'BNI', 'CT124325', 'C7194679', '2023-02-19 14:03:42', 3, 265562, 796686),
	('BPY25409', 'BNI', 'CT692261', 'C5403684', '2022-09-19 23:24:40', 5, 938493, 4692465),
	('BPY90658', 'BNI', 'CT044984', 'C1410106', '2022-11-03 23:22:10', 1, 458786, 458786),
	('BPY51074', 'BNI', 'CT084553', 'C9353155', '2023-02-13 10:17:25', 5, 511399, 2556995),
	('GPY00021', 'GoPay', 'CT653859', 'C0546744', '2023-04-11 6:00:53', 4, 711212, 2844848),
	('GPY68474', 'GoPay', 'CT979936', 'C1358259', '2023-04-20 10:31:11', 2, 202420, 404840),
	('BPY78210', 'BNI', 'CT884530', 'C2461150', '2023-04-07 12:38:30', 2, 723662, 1447324),
	('BPY67946', 'BNI', 'CT917607', 'C7194679', '2022-07-08 16:47:12', 3, 265562, 796686),
	('BPY67693', 'BNI', 'CT216589', 'C6909746', '2023-05-22 10:43:42', 1, 214304, 214304),
	('BPY61446', 'BNI', 'CT590459', 'C2361926', '2022-08-24 11:29:26', 1, 915845, 915845),
	('GPY22552', 'GoPay', 'CT999001', 'C1417097', '2022-12-22 14:05:51', 3, 832871, 2498613),
	('BPY97028', 'BNI', 'CT124325', 'C7603137', '2022-12-03 23:07:54', 4, 522199, 2088796),
	('BPY95918', 'BNI', 'CT841001', 'C7022314', '2022-09-22 9:42:49', 1, 916010, 916010),
	('GPY20754', 'GoPay', 'CT140834', 'C8787709', '2023-04-01 6:19:35', 2, 835383, 1670766),
	('GPY35377', 'GoPay', 'CT513358', 'C1147499', '2023-05-25 2:21:23', 4, 330850, 1323400),
	('GPY76233', 'GoPay', 'CT815958', 'C0546744', '2023-02-27 7:41:57', 4, 711212, 2844848),
	('BPY99255', 'BNI', 'CT487659', 'C7194679', '2022-10-29 5:33:29', 5, 265562, 1327810),
	('GPY00681', 'GoPay', 'CT207216', 'C8277473', '2022-06-04 6:20:44', 1, 845481, 845481),
	('BPY67946', 'BNI', 'CT917607', 'C2638392', '2022-07-08 16:47:12', 4, 268128, 1072512),
	('BPY94502', 'BNI', 'CT917607', 'C9450793', '2022-11-05 23:08:26', 5, 954872, 4774360),
	('GPY41856', 'GoPay', 'CT287501', 'C3537063', '2022-12-31 0:48:54', 5, 637641, 3188205),
	('BPY99255', 'BNI', 'CT487659', 'C9123993', '2022-10-29 5:33:29', 5, 348554, 1742770),
	('GPY02496', 'GoPay', 'CT217412', 'C9503884', '2022-08-10 17:40:40', 5, 549988, 2749940),
	('BPY80129', 'BNI', 'CT447944', 'C5151886', '2023-03-15 14:07:58', 4, 964444, 3857776),
	('BPY74611', 'BNI', 'CT307718', 'C6909746', '2022-07-21 12:01:33', 1, 214304, 214304),
	('GPY78458', 'GoPay', 'CT207216', 'C7440803', '2023-05-18 15:17:28', 3, 708696, 2126088),
	('BPY77218', 'BNI', 'CT630093', 'C7645316', '2022-10-15 1:04:51', 5, 930070, 4650350),
	('GPY28391', 'GoPay', 'CT057935', 'C5361543', '2022-12-08 5:54:39', 5, 194293, 971465),
	('BPY25813', 'BNI', 'CT883825', 'C3001019', '2023-04-23 6:39:59', 1, 172879, 172879),
	('BPY94502', 'BNI', 'CT917607', 'C9450793', '2022-11-05 23:08:26', 5, 954872, 4774360),
	('BPY61353', 'BNI', 'CT058064', 'C8174704', '2022-11-25 21:16:43', 5, 685300, 3426500),
	('BPY61353', 'BNI', 'CT058064', 'C6239499', '2022-11-25 21:16:43', 3, 932935, 2798805),
	('GPY95411', 'GoPay', 'CT815958', 'C7013783', '2022-07-11 21:54:06', 4, 665524, 2662096),
	('GPY33628', 'GoPay', 'CT482887', 'C1410106', '2023-02-06 12:34:20', 1, 458786, 458786),
	('BPY80129', 'BNI', 'CT447944', 'C1305061', '2023-03-15 14:07:58', 5, 125327, 626635),
	('BPY20020', 'BNI', 'CT133675', 'C6544115', '2023-04-10 10:55:07', 3, 113495, 340485),
	('GPY46703', 'GoPay', 'CT505704', 'C9340847', '2023-03-08 13:09:38', 5, 389427, 1947135),
	('BPY93075', 'BNI', 'CT484892', 'C6713384', '2022-05-29 9:20:57', 4, 948179, 3792716),
	('BPY48756', 'BNI', 'CT133675', 'C4300053', '2022-10-10 14:46:20', 3, 252235, 756705),
	('GPY94414', 'GoPay', 'CT321738', 'C9379571', '2022-08-28 3:18:39', 2, 200273, 400546),
	('GPY28097', 'GoPay', 'CT727229', 'C2455415', '2023-02-09 6:01:37', 5, 101096, 505480),
	('GPY74469', 'GoPay', 'CT205086', 'C2774051', '2023-05-21 5:57:58', 1, 694433, 694433),
	('GPY38654', 'GoPay', 'CT960439', 'C2961741', '2022-07-31 15:10:36', 4, 806499, 3225996),
	('BPY48579', 'BNI', 'CT365166', 'C5811158', '2022-09-29 13:22:28', 5, 656618, 3283090),
	('GPY75108', 'GoPay', 'CT731466', 'C4309847', '2022-10-27 17:38:58', 3, 323336, 970008),
	('GPY07945', 'GoPay', 'CT658935', 'C9379571', '2023-03-12 6:54:30', 2, 200273, 400546),
	('BPY76429', 'BNI', 'CT816479', 'C9416571', '2023-01-13 0:24:19', 5, 322018, 1610090),
	('BPY78210', 'BNI', 'CT884530', 'C2461150', '2023-04-07 12:38:30', 2, 723662, 1447324),
	('BPY47407', 'BNI', 'CT484892', 'C9503884', '2022-10-30 9:31:00', 1, 549988, 549988),
	('BPY17876', 'BNI', 'CT057905', 'C2806395', '2022-10-01 9:30:52', 1, 288117, 288117),
	('GPY28753', 'GoPay', 'CT832228', 'C9782508', '2023-01-30 1:18:10', 3, 243558, 730674),
	('GPY61807', 'GoPay', 'CT798121', 'C9232974', '2023-04-02 22:58:31', 1, 494591, 494591),
	('GPY77223', 'GoPay', 'CT338133', 'C9340847', '2022-09-05 6:59:48', 5, 389427, 1947135),
	('BPY69430', 'BNI', 'CT652747', 'C5403684', '2022-07-21 1:10:17', 5, 938493, 4692465),
	('BPY95918', 'BNI', 'CT841001', 'C7394924', '2022-09-22 9:42:49', 3, 65138, 195414),
	('GPY14780', 'GoPay', 'CT960439', 'C3874683', '2022-10-27 1:44:01', 4, 668862, 2675448),
	('BPY80129', 'BNI', 'CT447944', 'C7022314', '2023-03-15 14:07:58', 4, 916010, 3664040),
	('BPY84437', 'BNI', 'CT929318', 'C5403684', '2023-05-12 20:31:45', 5, 938493, 4692465),
	('GPY59198', 'GoPay', 'CT091686', 'C1410106', '2022-09-14 17:26:36', 1, 458786, 458786),
	('BPY94836', 'BNI', 'CT871838', 'C5575519', '2022-10-20 6:14:51', 2, 800581, 1601162),
	('GPY57310', 'GoPay', 'CT869535', 'C0434930', '2023-01-20 16:38:05', 1, 339404, 339404),
	('GPY50208', 'GoPay', 'CT768955', 'C5683504', '2022-08-19 18:55:02', 3, 676020, 2028060),
	('GPY02704', 'GoPay', 'CT514389', 'C9455819', '2022-06-27 11:16:50', 5, 759829, 3799145),
	('BPY51476', 'BNI', 'CT883825', 'C1358259', '2022-06-21 14:19:38', 2, 202420, 404840),
	('GPY91986', 'GoPay', 'CT854110', 'C9455819', '2022-06-11 20:29:30', 5, 759829, 3799145),
	('BPY73125', 'BNI', 'CT124325', 'C6613812', '2023-02-19 14:03:42', 3, 290948, 872844),
	('BPY84386', 'BNI', 'CT929318', 'C0546744', '2023-03-25 23:36:50', 4, 711212, 2844848),
	('GPY50208', 'GoPay', 'CT768955', 'C4309847', '2022-08-19 18:55:02', 5, 323336, 1616680),
	('GPY50208', 'GoPay', 'CT768955', 'C2461150', '2022-08-19 18:55:02', 2, 723662, 1447324),
	('GPY26168', 'GoPay', 'CT276034', 'C9379571', '2022-11-05 18:45:53', 2, 200273, 400546),
	('BPY53689', 'BNI', 'CT884530', 'C5403684', '2023-03-12 20:07:24', 3, 938493, 2815479),
	('GPY25795', 'GoPay', 'CT241320', 'C1059791', '2023-02-21 4:06:08', 2, 535991, 1071982),
	('GPY75108', 'GoPay', 'CT731466', 'C4385093', '2022-10-27 17:38:58', 2, 99205, 198410),
	('BPY48579', 'BNI', 'CT365166', 'C9232974', '2022-09-29 13:22:28', 1, 494591, 494591),
	('GPY61807', 'GoPay', 'CT798121', 'C6959259', '2023-04-02 22:58:31', 1, 688078, 688078),
	('BPY90478', 'BNI', 'CT365166', 'C4300053', '2023-04-10 9:46:08', 3, 252235, 756705),
	('BPY50888', 'BNI', 'CT848660', 'C3127414', '2022-08-17 6:14:21', 4, 709691, 2838764),
	('GPY90817', 'GoPay', 'CT159666', 'C3115074', '2022-06-26 19:25:52', 1, 75487, 75487),
	('BPY34884', 'BNI', 'CT447944', 'C9379571', '2022-10-29 7:38:52', 2, 200273, 400546),
	('BPY08082', 'BNI', 'CT057905', 'C2961741', '2023-02-26 10:07:53', 4, 806499, 3225996),
	('GPY37315', 'GoPay', 'CT954122', 'C7113931', '2023-02-03 6:12:49', 2, 764706, 1529412),
	('GPY42119', 'GoPay', 'CT602067', 'C0713608', '2022-12-28 8:17:50', 1, 510224, 510224),
	('GPY91986', 'GoPay', 'CT854110', 'C1305061', '2022-06-11 20:29:30', 5, 125327, 626635),
	('BPY95161', 'BNI', 'CT368224', 'C1410106', '2023-04-04 12:13:40', 4, 458786, 1835144),
	('BPY61446', 'BNI', 'CT590459', 'C9348699', '2022-08-24 11:29:26', 1, 229747, 229747),
	('GPY65565', 'GoPay', 'CT934132', 'C1305061', '2022-12-04 23:26:22', 5, 125327, 626635),
	('GPY37315', 'GoPay', 'CT954122', 'C7898319', '2023-02-03 6:12:49', 4, 981713, 3926852),
	('BPY95918', 'BNI', 'CT841001', 'C8864080', '2022-09-22 9:42:49', 5, 798082, 3990410),
	('BPY83041', 'BNI', 'CT368224', 'C9133220', '2023-05-22 22:43:08', 2, 343528, 687056),
	('GPY72658', 'GoPay', 'CT999828', 'C5683504', '2022-12-23 13:52:42', 1, 676020, 676020),
	('GPY00419', 'GoPay', 'CT934132', 'C2961741', '2022-09-06 22:44:52', 4, 806499, 3225996),
	('BPY25409', 'BNI', 'CT692261', 'C3537063', '2022-09-19 23:24:40', 5, 637641, 3188205),
	('BPY96762', 'BNI', 'CT336162', 'C4300053', '2022-12-03 5:21:43', 5, 252235, 1261175),
	('BPY84386', 'BNI', 'CT929318', 'C8277473', '2023-03-25 23:36:50', 2, 845481, 1690962),
	('GPY57310', 'GoPay', 'CT869535', 'C1410106', '2023-01-20 16:38:05', 1, 458786, 458786),
	('BPY52157', 'BNI', 'CT487961', 'C5575519', '2022-11-15 7:12:17', 3, 800581, 2401743),
	('BPY62647', 'BNI', 'CT365819', 'C1418683', '2022-06-17 0:08:30', 3, 491473, 1474419),
	('BPY19722', 'BNI', 'CT688603', 'C5151886', '2023-03-24 3:51:52', 4, 964444, 3857776),
	('BPY67693', 'BNI', 'CT216589', 'C9416571', '2023-05-22 10:43:42', 4, 322018, 1288072),
	('GPY04288', 'GoPay', 'CT979936', 'C2806395', '2023-02-28 13:02:52', 5, 288117, 1440585),
	('BPY92569', 'BNI', 'CT595257', 'C8864080', '2023-01-11 20:26:29', 5, 798082, 3990410),
	('BPY38619', 'BNI', 'CT871838', 'C0713608', '2023-02-27 8:40:00', 1, 510224, 510224),
	('BPY50650', 'BNI', 'CT652747', 'C9450793', '2022-10-07 8:35:37', 5, 954872, 4774360),
	('GPY00419', 'GoPay', 'CT934132', 'C7197339', '2022-09-06 22:44:52', 1, 459599, 459599);

-- Dumping structure for table dbsellerlumiere.product_cosmetic
CREATE TABLE IF NOT EXISTS `product_cosmetic` (
  `product_id` varchar(10) NOT NULL,
  `product_name` varchar(90) NOT NULL,
  `price` mediumint NOT NULL,
  `stock` smallint NOT NULL,
  `rating` decimal(20,6) NOT NULL,
  `weight` tinyint NOT NULL,
  `dimensions` varchar(30) NOT NULL,
  `color` varchar(10) NOT NULL,
  `category` varchar(10) NOT NULL,
  `brand` varchar(20) NOT NULL,
  `description` text NOT NULL,
  PRIMARY KEY (`product_id`)
) ENGINE=InnoDB DEFAULT CHARSET=utf8mb4 COLLATE=utf8mb4_0900_ai_ci;

-- Dumping data for table dbsellerlumiere.product_cosmetic: ~100 rows (approximately)
DELETE FROM `product_cosmetic`;
INSERT INTO `product_cosmetic` (`product_id`, `product_name`, `price`, `stock`, `rating`, `weight`, `dimensions`, `color`, `category`, `brand`, `description`) VALUES
	('C0027291', 'Water Drench Hyaluronic Cloud Cream', 851865, 1541, 3.100000, 6, '04cm L x 66cm W x 94cm H', '-', 'cosmetic', 'PETER THOMAS ROTH', 'Water, Glycerin, Cyclopentasiloxane, Dipropylene Glycol, Dimethicone, Cyclohexasiloxane, Yeast Extract, Sodium Hyaluronate, Ceramide Eop, Ceramide Eos, Ceramide Ap, Ceramide Np, Ceramide Ns, Sambucus Nigra Fruit Extract, Hydrolyzed Silk, Sodium Pca, Tocopherol, Ascorbyl Palmitate, Caprooyl Phytosphingosine, Caprooyl Sphingosine, Saccharide Isomerate, Saccharomyces/Magnesium Ferment, Saccharomyces/Iron Ferment, Saccharomyces/Copper Ferment, Saccharomyces/Silicon Ferment, Saccharomyces/Zinc Ferment, Olea Europaea (Olive) Leaf Extract, Methyl Gluceth-20, Ethylhexylglycerin, Lauryl Peg-9 Polydimethylsiloxyethyl Dimethicone, Cholesterol, Sodium Chloride, Sodium Citrate, Citric Acid, Behenic Acid, Propylene Glycol, Ceteareth-25, Butylene Glycol, Dimethicone/Peg-10/15 Crosspolymer, Cetyl Alcohol, Diso- Dium Edta, Sodium Benzoate, Potassium Sorbate, Phenoxyethanol, Mica.'),
	('C0194627', 'Virgin Marula Luxury Facial Oil Mini', 891829, 897, 3.600000, 23, '23cm L x 52cm W x 52cm H', '-', 'cosmetic', 'DRUNK ELEPHANT', '100% Unrefined Sclerocraya Birrea (Marula) Kernel Oil.'),
	('C0434406', '100 percent Pure Argan Oil', 313516, 717, 2.500000, 95, '80cm L x 87cm W x 41cm H', '-', 'cosmetic', 'JOSIE MARAN', 'Organic Argania Spinosa (Argan) Kernel Oil*. *Organic. **Natural.'),
	('C0434930', 'Revitalizing Supreme Global Anti-Aging Crme', 339404, 959, 4.700000, 15, '07cm L x 57cm W x 42cm H', '-', 'cosmetic', 'ESTE LAUD', 'Revitalizing Supreme+ Cell Pwr Crm Division: El (Estee Lauder)Ingredients: Water , Dimethicone , Glycerin , Isohexadecane , Butylene Glycol , Bis-Peg-18 Methyl Ether Dimethyl Silane , Peg-10 Dimethicone , Disteardimonium Hectorite , Pentylene Glycol , Cucumis Sativus (Cucumber) Fruit Extract , Narcissus Tazetta Bulb Extract , Magnolia Officinalis Bark Extract , Hordeum Vulgare (Barley) Extract/Extrait D\'Orge , Sigesbeckia Orientalis (St. Paul\'S Wort) Extract , Lens Esculenta (Lentil) Fruit Extract , Pyrus Malus (Apple) Fruit Extract , Whey Protein/Lactis Protein/Proteine Du Petit-Lait , Citrullus Vulgaris (Watermelon) Fruit Extract , Moringa Oleifera Seed Extract , Laminaria Digitata Extract , Triticum Vulgare (Wheat) Germ Extract , Opuntia Tuna Extract , Acetyl Hexapeptide-8 , Sorbitol , Helianthus Annuus (Sunflower) Seedcake , Caffeine , Algae Extract , Sodium Hyaluronate , Sodium Lactate , Squalane , Polysilicone-11 , Isododecane , Tocopheryl Acetate , Sucrose , Acetyl Glucosamine , Polyethylene , Propylene Carbonate , Citric Acid , Peg-32 , Propylene Glycol Dicaprate , Peg-6 , Isoceteth-20 , Sodium Dehydroacetate , Aminopropyl Ascorbyl Phosphate , Fragrance , Sodium Pca , Sodium Citrate , Disodium Edta , Bht , Phenoxyethanol , Iron Oxides (Ci 77491)'),
	('C0546744', 'Water Bank Essence', 711212, 1027, 3.600000, 39, '44cm L x 52cm W x 03cm H', '-', 'cosmetic', 'LANEIGE', 'Water, Glycerin, Butylene Glycol, Glycereth-26, Cyclopentasiloxane, Hydrogenated Poly(C6-14 Olefin), Dimethicone, Limnanthes Alba (Meadowfoam) Seed Oil, Trisiloxane, Cyclohexasiloxane, Chenopodium Quinoa Seed Extract, Magnesium Sulfate, Zinc Sulfate, Manganese Sulfate, Calcium Chloride, Ascorbyl Glucoside, Salix Alba (Willow) Bark Extract, Tillandsia Usneoides Extract, Ceratonia Siliqua (Carob) Fruit Extract, Dimethiconol, Betaine, Ammonium Acryloyldimethyltaurate, VP Copolymer, Ethylhexylglycerin, Isopropyl Palmitate, Chondrus Crispus (Carrageenan), Phenyl Trimethicone, Propylene Glycol, PCA Dimethicone, Hydrogenated Lecithin, Hydroxyethyl Acrylate, Sodium Acryloyldimethyl Taurate Copolymer, Disodium EDTA, Phenoxyethanol, Fragrance.'),
	('C0713608', 'Crme de la Mer', 510224, 1135, 3.400000, 56, '94cm L x 54cm W x 85cm H', '-', 'cosmetic', 'LA MER', 'Algae (Seaweed) Extract, Mineral Oil, Petrolatum, Glycerin, Isohexadecane, Microcrystalline Wax, Lanolin Alcohol, Citrus Aurantifolia (Lime) Extract, Sesamum Indicum (Sesame) Seed Oil, Eucalyptus Globulus (Eucalyptus) Leaf Oil, Sesamum Indicum (Sesame) Seed Powder, Medicago Sativa (Alfalfa) Seed Powder, Helianthus Annuus (Sunflower) Seedcake, Prunus Amygdalus Dulcis (Sweet Almond) Seed Meal, Sodium Gluconate, Copper Gluconate, Calcium Gluconate, Magnesium Gluconate, Zinc Gluconate, Magnesium Sulfate, Paraffin, Tocopheryl Succinate, Niacin, Water, Beta-Carotene, Decyl Oleate, Aluminum Distearate, Octyldodecanol, Citric Acid, Cyanocobalamin, Magnesium Stearate, Panthenol, Limonene, Geraniol, Linalool, Hydroxycitronellal, Citronellol, Benzyl Salicylate, Citral, Sodium Benzoate, Alcohol Denat., Fragrance.'),
	('C1059791', 'BB Tinted Treatment 12-Hour Primer Broad Spectrum SPF 30 Sunscreen', 535991, 853, 3.300000, 69, '65cm L x 98cm W x 79cm H', '-', 'cosmetic', 'TARTE', 'Cyclopentasiloxane, Isododecane, Mica, Polysilicone-11, Polymethylsilsesquioxane, Hexyl Laurate, PEG-10 Dimethicone, Polyglyceryl-4 Isostearate, Stearic Acid, Cetyl PEG/PPG-10/1 Dimethicone, Alumina, Triethoxycaprylylsilane, Dipalmitoyl Hydroxyproline, Diamond Powder, Iron Oxides.'),
	('C1147499', 'The Moisturizing Soft Cream', 330850, 1710, 4.300000, 73, '67cm L x 50cm W x 17cm H', '-', 'cosmetic', 'LA MER', 'Algae (Seaweed) Extract, Cyclopentasiloxane, Petrolatum, Glyceryl Distearate, Phenyl Trimethicone, Butylene Glycol, Hydrogenated Vegetable Oil, Cholesterol, Butyrospermum Parkii (Shea Butter), Steareth-10, Dimethicone, Glyceryl Stearate Se, Polysilicone-11, Sesamum Indicum (Sesame) Seed Oil, Medicago Sativa (Alfalfa) Seed Powder, Helianthus Annuus (Sunflower) Seedcake, Prunus Amygdalus Dulcis (Sweet Almond) Seed Meal, Eucalyptus Globulus (Eucalyptus) Leaf Oil, Sodium Gluconate, Copper Gluconate, Calcium Gluconate, Magnesium Gluconate, Zinc Gluconate, Tocopheryl Succinate, Niacin, Sesamum Indicum (Sesame) Seed Powder, Water, Citrus Aurantifolia (Lime) Peel Extract, Laminaria Digitata Extract, Crithmum Maritimum Extract, Salicornia Herbacea Extract, Plankton Extract, Chlorella Vulgaris Extract, Glycine Soja (Soybean) Seed Extract, Glycerin, Caffeine, Sea Salt/Maris Sal/Sel Marin, Micrococcus Lysate, Diethylhexyl Succinate, Adenosine Phosphate, Creatine, Hydrolyzed Algin, Isocetyl Stearoyl Stearate, Cetyl Alcohol, Sucrose, Acetyl Hexapeptide-8, Glucose Oxidase, Polyacrylamide, Acetyl Carnitine Hcl, Glucose, Caprylic/Capric Triglyceride, C13-14 Isoparaffin, Tocopheryl Acetate, Tetrahexyldecyl Ascorbate, Sodium Pca, Glycosaminoglycans, Urea, Distearyldimonium Chloride, Dipalmitoyl Hydroxyproline, Sodium Hyaluronate, Laureth-7, Lecithin, Trehalose, Polyquaternium-51, Lactoperoxidase, Hydroxypropyl Cyclodextrin, Cyanocobalamin, Pentylene Glycol, Fragrance, Disodium Edta, Bht, Citronellol, Hydroxycitronellal, Geraniol, Linalool, Limonene, Potassium Sorbate, Phenoxyethanol'),
	('C1305061', 'The Renewal Oil', 125327, 501, 3.800000, 27, '28cm L x 72cm W x 12cm H', '-', 'cosmetic', 'LA MER', 'Limnanthes Alba (Meadowfoam) Seed Oil, Dimethicone, Caprylic/Capric Triglyceride, Water, Trisiloxane, Prunus Amygdalus Dulcis (Sweet Almond) Oil, Simmondsia Chinensis (Jojoba) Seed Oil, Polydecene, Hydrogenated Polydecene, Butylene Glycol, Propanediol, Glycerin, Algae (Seaweed) Extract, Brassica Campestris (Rapeseed) Seed Oil, Helianthus Annuus (Sunflower) Seed Oil, Sesamum Indicum (Sesame) Seed Oil, Eucalyptus Globulus (Eucalyptus) Leaf Oil, Camelina Sativa Seed Oil, Oxycoccus Palustris (Cranberry) Seed Oil, Olea Europaea (Olive) Fruit Oil, Hippophae Rhamnoides Oil, Medicago Sativa (Alfalfa) Seed Powder, Helianthus Annuus (Sunflower) Seedcake, Prunus Amygdalus Dulcis (Sweet Almond) Seed Meal, Sodium Gluconate, Copper Gluconate, Calcium Gluconate, Magnesium Gluconate, Zinc Gluconate, Tocopheryl Succinate, Niacin, Sesamum Indicum (Sesame) Seed Powder, Laminaria Ochroleuca Extract, Laminaria Saccharina Extract, Hydrolyzed Algin, Sea Salt/Maris Sal/Sel Marin, Chlorella Vulgaris Extract, Salicornia Herbacea Extract, Sigesbeckia Orientalis (St. Paul\'S Wort) Extract, Laminaria Digitata Extract, Rosmarinus Officinalis (Rosemary) Leaf Extract, Magnolia Officinalis Bark Extract, Yeast Extract/Faex/Extrait De Levure, Crithmum Maritimum Extract, Commiphora Mukul Resin Extract, Citrus Aurantifolia (Lime) Peel Extract, Molasses Extract/Saccharum Officinarum/Extrait De Melasse, Sucrose, Acetyl Hexapeptide-8, Acetyl Glucosamine, Caffeine, Tocopheryl Acetate, Phenyl Trimethicone, Sodium Chloride, Tetrahexyldecyl Ascorbate, Alcohol Denat., Fragrance, Hexyl Cinnamal, Linalool, Amyl Cinnamal, Geraniol, Limonene, Citral, Benzyl Benzoate, Coumarin, Citronellol, Bht, Phenoxyethanol, Yellow 5 (Ci 19140), Yellow 6 (Ci 15985)'),
	('C1358259', 'FUTURE RESPONSE Age Defense Creme', 202420, 1713, 4.600000, 13, '27cm L x 65cm W x 06cm H', '-', 'cosmetic', 'AMOREPACIFIC', 'Camellia Sinensis Leaf Water, Butylene Glycol, Dicaprylyl Carbonate, Caprylic/Capric Triglyceride, Glycerin, Water, Butyrospermum Parkii (Shea) Butter, Alcohol, Behenyl Alcohol, Hydrogenated Poly(C6-14 Olefin), Arachidyl Alcohol, Pentaerythrityl Tetraisostearate, Pentaerythrityl Tetraethylhexanoate, Dimethicone, Mangifera Indica (Mango) Seed Butter, Hydrogenated Polydecene, Tricholoma Matsutake Extract, Camellia Sinensis Leaf Extract, Sodium Hyaluronate, Punica Granatum Extract, Opuntia Coccinellifera Fruit Extract, Iris Florentina Root Extract, Lagerstroemia Indica Flower Extract, Gossypium Herbaceum (Cotton) Extract, Centella Asiatica Extract, Oryza Sativa (Rice) Germ Extract, Zingiber Officinale (Ginger) Root Extract, Glycine Soja (Soybean) Seed Extract, Magnolia Obovata Bark Extract, Nelumbo Nucifera Flower Extract, Camellia Sinensis Leaf Powder, Theanine, Epigallocatechin Gallate, Sorbitol, Beta-Glucan, Trisiloxane, Arachidyl Glucoside, Polyacrylate-13, Propanediol, Cyclopentasiloxane, Dimethiconol, Polyisobutene, Carbomer, Glyceryl Stearate, Peg-100 Stearate, Polysorbate 20, 1,2-Hexanediol, Caprylyl Glycol, Polyglutamic Acid, Kaolin, Ethylhexylglycerin, Triethanolamine, Disodium Edta, Phenoxyethanol, Fragrance.'),
	('C1410106', 'GenOptics Aura Essence Serum', 458786, 1045, 4.300000, 85, '62cm L x 08cm W x 82cm H', '-', 'cosmetic', 'SK-II', 'Water, Galactomyces Ferment Filtrate (Pitera), Niacinamide, Butylene Glycol, Triethylhexanoin, Pentylene Glycol, Glycerin, Nylon-12, Phytosteryl/Octyldodecyl Lauroyl Glutamate, Polymethylsilsesquioxane, Boron Nitride, Panthenol, PEG-20 Sorbitan Cocoate, Inositol, Caprylic/Capric Triglyceride, Mica, Phenoxyethanol, Acrylates/C10-30 Alkyl Acrylate Crosspolymer, PEG-11 Methyl Ether Dimethicone, Polyacrylamide, Aminomethyl Propanol, Undecylenoyl Phenylalanine, Benzyl Alcohol, C13-14 Isoparaffin, Disodium EDTA, Hydrolyzed Prunus Domestica, Xanthan Gum, Sodium Benzoate, Hexyldecanol, Laureth-7, Citrus Reticulata Peel Extract/Citrus Reticulata (Tangerine) Peel Extract, Methylparaben, Ascorbyl Glucoside, Prunus Mume Fruit Extract, Tocopherol, Fragrance, Limonene, Citronellol, Linalool, Geraniol, Ci 77891 (Titanium Dioxide).'),
	('C1417097', 'R.N.A. POWER Face Cream', 832871, 1684, 4.600000, 15, '10cm L x 94cm W x 51cm H', '-', 'cosmetic', 'SK-II', 'Water, Glycerin, Galactomyces Ferment Filtrate*, Isohexadecane, Niacinamide, Isopropyl Isostearate, Butylene Glycol, Butyrospermum Parkii (Shea) Butter, Caprylic/Capric Triglyceride, Pentylene Glycol, Dimethicone, Phytosteryl/Behenyl/Octyldodecyl Lauroyl Glutamate, Vinyl Dimethicone/Methicone Silsesquioxane Crosspolymer, Stearyl Alcohol, Sodium Acrylate/Sodium Acryloyldimethyl Taurate Copolymer, Cetyl Alcohol, Behenyl Alcohol, Panthenol, Tocopheryl Acetate, Benzyl Alcohol, Dimethiconol, Cetearyl Alcohol, Cetearyl Glucoside, Methylparaben, Peg-100 Stearate, Polymethylsilsesquioxane, Polysorbate 80, Stearic Acid, Disodium Edta, Propylparaben, Sodium Peg-7 Olive Oil Carboxylate, Ethylparaben, Sorbitan Oleate, Chlorella Vulgaris Extract, Peg-100 Stearate, Peg-7 Glyceryl Cocoate, Sodium Hydroxide, Fragrance, Acanthopanax Senticosus (Eleuthero) Root Extract, Hydrolyzed Soy Protein, Cynara Scolymus (Artichoke) Leaf Extract, Polyquaternium-7, Hydrolyzed Yeast Protein, Palmitoyl Pentapeptide-4, Methylsilanol Tri-Peg-8 Glyceryl Cocoate, Methicone, Ci 77891, Ci 77492. *Pitera.'),
	('C1418683', 'Sheer Transformation Perfecting Moisturizer', 491473, 1836, 3.500000, 92, '52cm L x 96cm W x 90cm H', '-', 'cosmetic', 'OLEHENRIKSEN', 'Visit the OLEHENRIKSEN boutique'),
	('C1724963', 'Water Bank Moisture Cream', 702152, 1749, 2.000000, 29, '89cm L x 18cm W x 80cm H', '-', 'cosmetic', 'LANEIGE', 'Water, Glycerin, Butylene Glycol, Squalane, Dimethicone, Pentaerythrityl Tetraethylhexanoate, BIS-PEG-18 Methyl Ether Dimethyl Silane, Dicaprylyl Ether, Cyclopentasiloxane, Sucrose Polystearate, Cyclohexasiloxane, Glyceryl Stearate, Urea, Chenopodium Quinoa Seed Extract, Salicornia Herbacea Extract, Magnesium Sulfate, Manganese Sulfate, Calcium Chloride, Zinc Sulfate, Sodium Hyaluronate, Limnanthes Alba (Meadowfoam) Seed Oil, Copper Tripeptide-1, Ceramide 3, Phytosphingosine, Niacinamide, Myristyl Myristate, Glyceryl Undecylenate, Acetyl Glucosamine, Cetearyl Alcohol, Cetyl Ethylhexanoate, Tocopherol, Propanediol, Stearic Acid, Ascorbyl Glucoside, Hydrogenated Lecithin, Xanthan Gum, Trisiloxane, Palmitic Acid, Potassium Cetyl Phosphate, Polyglyceryl-10 Stearate, Polyacrylate-13, Polyisobutene, Propylene Glycol, PEG-100 Stearate, Acrylates, C10-30 Alkyl Acrylate Crosspolymer, PEG-5 Rapeseed Sterol, Hydroxyethyl Acrylate, Sodium Acryloyldimethyl Taurate Copolymer, Hydrogenated Polyisobutene, Polysorbate 20, Tromethamine, Disodium EDTA, Glyceryl Caprylate, Ethylhexylglycerin, Fragrance.'),
	('C1929374', 'Your Skin But Better CC+Illumination Cream with SPF 50+', 809611, 1692, 4.300000, 33, '46cm L x 49cm W x 85cm H', '-', 'cosmetic', 'IT COSMETICS', 'Water, Snail Secretion Filtrate, Titanium Dioxide, Phenyl Trimethicone, Dimethicone, Butylene Glycol, Zinc Oxide, Butylene Glycol Dicaprylate/Dicaprate, Orbignya Oleifera Seed Oil, Butyloctyl Salicylate, Cetyl Peg/Ppg-10/1 Dimethicone, Cyclopentasiloxane, Cyclohexasiloxane, Magnesium Sulfate, Polyglyceryl-4 Isostearate, Dimethicone/Vinyl Dimethicone Crosspolymer, Aluminum Hydroxide, Hexyl Laurate, Stearic Acid, Calcium Stearate, Caprylyl Glycol, Triethoxycaprylylsilane, Ethylhexylglycerin, Citrus Medica Limonum (Lemon) Peel Oil, Tocopheryl Acetate, Sorbitan Isostearate, Phenoxyethanol, Citrus Aurantium Bergamia (Bergamot) Fruit Oil, 1,2-Hexanediol, Disodium Edta, Citrus Aurantium Dulcis (Orange) Peel Oil, Citrus Aurantifolia (Lime) Oil, Vitis Vinifera (Grape) Seed Oil, Punica Granatum Seed Oil, Pinus Sylvestris Leaf Oil, Persea Gratissima (Avocado) Oil, Niacinamide, Citrus Grandis (Grapefruit) Peel Oil, Cholesterol, Anthemis Nobilis Flower Water, Lactobacillus/Honeysuckle Flower/Licorice Root/Morus Alba Root/Pueraria Lobata Root/Schizandra Chinensis Fruit/Scutellaria Baicalensis Root/Sophora Japonica Flower Extract Ferment Filtrate, Perfluorohexane, Olea Europaea (Olive) Leaf Extract, Glycerin, Eucalyptus Globulus Leaf Oil, Camellia Sinensis Leaf Extract, Chrysanthemum Indicum Flower Extract, Pueraria Lobata Root Extract, Perfluorodecalin, Morus Alba Fruit Extract, Magnolia Kobus Bark Extract, Glycine Soja (Soybean) Sprout Extract, Diospyros Kaki Leaf Extract, Cinnamomum Cassia Bark Extract, Artemisia Princeps Leaf Extract, Pentafluoropropane, Curcuma Longa (Turmeric) Root Extract, Steareth-20, Hydrolyzed Hyaluronic Acid, Colloidal Oatmeal, Hydrolyzed Silk, Citric Acid, Sodium Benzoate, Potassium Sorbate, Aloe Barbadensis Leaf Extract, N-Hydroxysuccinimide, Hydrolyzed Collagen, Caprylhydroxamic Acid, Tocopherol, Thiamine Hcl, Riboflavin, Retinyl Palmitate, Pantothenic Acid, Palmitoyl Oligopeptide, Niacin, Folic Acid, Chrysin, Carnitine Hcl, Biotin, Ascorbic Acid, Palmitoyl Tetrapeptide-7, Chlorhexidine Digluconate. [+/-: Mica (Ci 77019), Iron Oxides (Ci 77492, Ci 77491, Ci 77499)].'),
	('C1974326', 'Lala Retro Whipped Cream', 555878, 603, 3.300000, 39, '10cm L x 86cm W x 42cm H', '-', 'cosmetic', 'DRUNK ELEPHANT', 'Water, Glycerin, Caprylic/ Capric Triglyceride, Isopropyl Isostearate, Pseudozyma Epicola/Camellia Sinensis Seed Oil/Glucose/Glycine Soja Meal/Malt Extract/Yeast Extract Ferment Filtrate (Pseudozyma Epicola/Camellia Sinensis Seed Oil/Glucose/Yeast Extract Ferment Filtrate), Stearic Acid, Glyceryl Stearate SE, Cetearyl Alcohol, Pentylene Glycol, Plantago Lanceolata Leaf Extract, Adansonia Digitata Seed Oil, Citrullus Lanatus (Watermelon) Seed Oil, Passiflora Edulis Seed Oil, Schinziophyton Rautanenii Kernel Oil, Sclerocarya Birrea Seed Oil, Polyglyceryl-6 Ximenia Americana Seedate, Sodium Hyaluronate Crosspolymer, Ceteareth-20, Trisodium Ethylenediamine Disuccinate, Sodium Hydroxide, Citric Acid, Carbomer, Xanthan Gum, Caprylyl Glycol, Chlorphenesin, Phenoxyethanol, Ethylhexylglycerin.'),
	('C2286737', 'CC Crme High Definition Radiance Face Cream Skin Perfector', 54621, 1291, 3.300000, 28, '07cm L x 27cm W x 04cm H', '-', 'cosmetic', 'ERBORIAN', 'Water, Cyclomethicone, Dipropylene Glycol, Glycerin, Peg-10 Dimethicone, Methyl Trimethicone, C12-15 Alkyl Benzoate, Dimethicone, Ci 77492/Iron Oxides, Disteardimonium Hectorite, Magnesium Sulfate, Vinyl Dimethicone/Methicone Silsesquioxane Crosspolymer, Centella Asiatica Extract, Mel/Honey Extract, Mica, Talc, Trihydroxystearin, Butylene Glycol, Polyester-1, Aluminum Hydroxide, Silica Dimethyl Silylate, Palmitic Acid, Stearic Acid, Tocopheryl Acetate, Ethylhexylglycerin, Phenoxyethanol, Methicone, Dimethicone/Vinyl Dimethicone Crosspolymer, Fragrance, Hexyl Cinnamal, Alpha-Isomethyl Ionone, Linalool, Citronellol, Geraniol, Eugenol, Limonene, Ci 77491/Iron Oxides, Ci 77499/Iron Oxides.'),
	('C2361926', 'Lapis Oil Balancing Facial Oil', 915845, 1583, 4.900000, 38, '48cm L x 74cm W x 32cm H', '-', 'cosmetic', 'HERBIVORE', 'Amaranthus Squalane Oil, Simmondsia Chinensis (Jojoba) Seed Oil, Capric Triglycerides (Fractionated Coconut Oil), Aleurites Moluccana (Kukui) Nut Oil, Tocopherol (Vitamin E), Tanacetum Annuum (Blue Tansy) Leaf Oil, Jasminum Sambac (Jasmine) Absolute, Rosa Damascena (Moroccan Rose) Absolute.'),
	('C2455415', 'Crme de la Mer Mini', 101096, 1917, 3.900000, 98, '60cm L x 92cm W x 96cm H', '-', 'cosmetic', 'LA MER', 'Algae (Seaweed) Extract, Mineral Oil, Petrolatum, Glycerin, Isohexadecane, Microcrystalline Wax, Lanolin Alcohol, Citrus Aurantifolia (Lime) Extract, Sesamum Indicum (Sesame) Seed Oil, Eucalyptus Globulus (Eucalyptus) Leaf Oil, Sesamum Indicum (Sesame) Seed Powder, Medicago Sativa (Alfalfa) Seed Powder, Helianthus Annuus (Sunflower) Seedcake, Prunus Amygdalus Dulcis (Sweet Almond) Seed Meal, Sodium Gluconate, Copper Gluconate, Calcium Gluconate, Magnesium Gluconate, Zinc Gluconate, Magnesium Sulfate, Paraffin, Tocopheryl Succinate, Niacin, Water, Beta-Carotene, Decyl Oleate, Aluminum Distearate, Octyldodecanol, Citric Acid, Cyanocobalamin, Magnesium Stearate, Panthenol, Limonene, Geraniol, Linalool, Hydroxycitronellal, Citronellol, Benzyl Salicylate, Citral, Sodium Benzoate, Alcohol Denat., Fragrance.'),
	('C2461150', 'Moisture Surge 72-Hour Auto-Replenishing Hydrator', 723662, 999, 2.500000, 10, '22cm L x 19cm W x 35cm H', '-', 'cosmetic', 'CLINIQUE', 'Water , Dimethicone , Butylene Glycol , Glycerin , Trisiloxane , Trehalose , Sucrose , Ammonium Acryloyldimethyltaurate/Vp Copolymer , Hydroxyethyl Urea , Camellia Sinensis (Green Tea) Leaf Extract , Silybum Marianum (Lady\'S Thistle) Extract , Betula Alba (Birch) Bark Extract , Saccharomyces Lysate Extract , Aloe Barbadensis Leaf Water , Thermus Thermophillus Ferment , Caffeine , Sorbitol , Palmitoyl Hexapeptide-12 , Sodium Hyaluronate , Caprylyl Glycol , Oleth-10 , Sodium Polyaspartate , Saccharide Isomerate , Hydrogenated Lecithin , Tocopheryl Acetate , Acrylates/C10-30 Alkyl Acrylate Crosspolymer , Glyceryl Polymethacrylate , Tromethamine , Peg-8 , Hexylene Glycol , Magnesium Ascorbyl Phosphate , Disodium Edta , Bht , Phenoxyethanol , Red 4 (Ci 14700) , Yellow 5 (Ci 19140)'),
	('C2638392', 'Rose Deep Hydration Moisturizer', 268128, 1205, 2.600000, 39, '32cm L x 35cm W x 74cm H', '-', 'cosmetic', 'FRESH', 'Water, Glycerin, EthylhexylIsononanoate, Butylene Glycol, Pentylene Glycol, Propanediol,Caprylyl Methicone, Isostearyl Isostearate, Dimethicone, BehenylAlcohol, Nylon-6/12, Steareth-2, Xanthan Gum, PrunusDomestica Seed Oil, Rosa Damascena Flower Water, Algin,Angelica Keiskei Extract, Acacia Senegal Gum, Cucumis Sativus(Cucumber) Fruit Extract, Rosa Damascena Flower Oil, SodiumHyaluronate, Tocopheryl Acetate, Ammonium Acryloyldimethy-ltaurate/VP Copolymer, Steareth-21, Polyacrylamide, C13-14Isoparaffin, Acrylates/C10-30 Alkyl Acrylate Crosspolymer, Tromethamine, Dimethiconol, Laureth-7, Tetrasodium EDTA,Caprylic/Capric Triglyceride, BHT, Caramel, Serine, Fragrance, Phenoxyethanol, Citronellol, Geraniol.'),
	('C2774051', 'Ceramidin Cream', 694433, 921, 3.900000, 91, '83cm L x 08cm W x 71cm H', '-', 'cosmetic', 'DR. JART+', 'Water, Glycerin, Dipropylene Glycol, Cetearyl Alcohol, Caprylic/Capric Triglyceride, Hydrogenated Poly(C6-14 Olefin), Hydrogenated Polydecene, Methyl Trimethicone, 1, 2-Hexanediol, Bifida Ferment Lysate, Phenyl Trimethicone, Vegetable Oil, Butyrospermum Parkii (Shea) Butter, Glyceryl Stearate SE, Ceramide NP, Stearic Acid, Algae Extract, Eclipta Prostrata Leaf Extract, Cetearyl Glucoside, Hydrogenated Lecithin, Microcrystalline Cellulose, Butylene Glycol, C12-16 Alcohols, Ammonium Acryloyldimethyltaurate/VP Copolymer, Malt Extract, Beta Vulgaris (Beet) Root Extract, Melia Azadirachta Flower Extract, Melia Azadirachta Leaf Extract, Throbroma Caco (Cocoa) Seed Extract, Curuma Longa (Turmeric) Root Extract, Ocimum Sanctum Leaf Extract, Amaranthus Caudatus Seed Extract, Ulmus Davidiana Root Extract, Avena Sativa (Oat) Kernel Extract, Cynara Scolymus (Artichoke) Leaf Extract, Pteris Multifida Extract, Artemisia Vulgaris Extract, Corallina Officinalis Extract, Pyracantha Fortuneana Fruit Extract, Glycerly Polymethacrylate, Cholesterol, Citrus Aurantium Bergamia (Bergamot) Fruit Oil, Hydrolyzed Corn Starch, Sodium Hyaluronate, Pelargonium Graveolens Flower Oil, Fructooligosaccharides, Beta-Glucan, Dextrin, Disodium EDTA, Panthenol, Polyquaternium-51, Raffinose, Hydrolyzed Hyaluronic Acid, Folic Acid, Salvia Officinalis (Sage) Oil, Pogostemon Cablin Oil, Tromethamine, Ceramide AP, Ceramide AS, Ceramide NS, Palmitoyl Pentapeptide-4, Ceramide EOP.'),
	('C2806395', 'Secret Sauce Clinically Advanced Miraculous Anti-Aging Moisturizer', 288117, 1357, 3.300000, 42, '75cm L x 82cm W x 66cm H', '-', 'cosmetic', 'IT COSMETICS', 'Water, Butylene Glycol, Cetyl Ethylhexanoate, Glycerin, Caprylic/Capric Triglyceride, Tribehenin Peg-20 Esters, Olea Europaea (Olive) Fruit Oil, Hydrogenated Polyisobutene, Glyceryl Stearate, Palmitic Acid, Sodium Acrylate/Sodium Acryloyldimethyl Taurate Copolymer, Stearic Acid, Dimethicone, Isohexadecane, Phenoxyethanol, Tocopheryl Acetate, Chlorphenesin, Tromethamine, Acrylates/C10-30 Alkyl Acrylate Crosspolymer, Polysorbate 80, Ethylhexylglycerin, Caprylyl Glycol, Sorbitan Oleate, Fragrance, Disodium Edta, Myristic Acid, Squalane, Ascorbic Acid, Colloidal Oatmeal, Cholesteryl Oleyl Carbonate, Niacinamide, Lactobacillus/Pumpkin Ferment Extract, Polymethylsilsesquioxane, Aloe Barbadensis Leaf Extract, Lactobacillus/Dipteryx Odorata Seed Ferment Filtrate, Camellia Sinensis Leaf Extract, Tocopherol, Panax Ginseng Root Extract, Sodium Hyaluronate, Cholesteryl Nonanoate, Cholesteryl Isostearate, Cholesteryl Chloride, Saccharum Officinarum (Sugar Cane) Extract, Cocos Nucifera (Coconut) Fruit Extract, Curcuma Longa (Turmeric) Root Extract, Vegetable Oil, Sophora Japonica Flower Extract, Aspergillus/Saccharomyces/Rice Ferment Filtrate, Peg-40 Hydrogenated Castor Oil, Glycyrrhiza Glabra (Licorice) Root Extract, Retinyl Palmitate, 1,2-Hexanediol, Steareth-20, Leuconostoc/Radish Root Ferment Filtrate, Hizikia Fusiforme Extract, Chlorella Minutissima Extract, Spirulina Platensis Extract, Codium Fragile Extract, Ulva Lactuca Extract, Fucus Vesiculosus Extract, Laminaria Saccharina Extract, Gelidium Cartilagineum Extract, Macrocystis Pyrifera Extract, Laminaria Digitata Extract, Lactobacillus/Algae Extract Ferment, Codium Tomentosum Extract, Sargassum Muticum Extract, Pikea Robusta Extract, Algae Extract, Agarum Cribosum Extract, Hydrolyzed Algae Extract, Laminaria Japonica Extract, Hydrolyzed Ulva Lactuca Extract, Porphyra Yezoensis Extract, Chlorella Ferment, Ecklonia Cava Extract, Enteromorpha Compressa Extract, Haematococcus Pluvialis Extract, Dunaliella Salina Extract, Undaria Pinnatifida Extract, Laminaria Cloustoni Extract, Sargassum Fulvellum Extract, Salicornia Herbacea Extract, Hypnea Musciformis Extract, Jania Rubens Extract, Citric Acid, Aspergillus/Rice Ferment Extract, Polysorbate 20, Rice Ferment Filtrate (Sake), N-Hydroxysuccinimide, Chamomilla Recutita (Matricaria) Flower Water, Lactobacillus/Centella Asiatica/Gleditsia Sinensis Thorn/Houttuynia Cordata Extract/Phellodendron Amurense Bark/Polygonum Cuspidatum Root/Prunella Vulgaris/Torilis Japonica Extract Ferment Filtrate, Phaseolus Angularis Seed Extract, Saccharomyces/Camellia Sinensis Extract Ferment Filtrate, Lactobacillus Ferment, Lactobacillus/Rice Ferment Filtrate, Bacillus/Cordyceps Sinensis/Ganoderma Lucidum/Inonotus Obliquus/Lentinus Edodes/Phellinus Linteus/Schizophyllum Commune/Tricholoma Matsutake Extract Ferment Filtrate, Carbomer, Hydrolyzed Collagen, Algae Oligosaccharides, Macrocystis Pyrifera (Kelp) Protein, Diamond Powder, Potassium Sorbate, Acetyl Hexapeptide-8, Palmitoyl Pentapeptide-4, Palmitoyl Oligopeptide, Chrysin, Palmitoyl Tetrapeptide-7, Chlorhexidine Digluconate.'),
	('C2961741', 'GLOWSTARTER Mega Illuminating Moisturizer', 806499, 1348, 4.200000, 37, '55cm L x 89cm W x 69cm H', '-', 'cosmetic', 'GLAMGLOW', 'Water, Dimethicone, Butylene Glycol, Cetyl Ricinoleate, Trisiloxane, Glyceryl Stearate Se, Glyceryl Stearate, Peg-100 Stearate, Simmondsia Chinensis (Jojoba) Seed Oil, Butyrospermum Parkii (Shea) Butter, Cetyl Esters, Cetyl Alcohol, Glycerin, Tocopheryl Acetate, Sodium Hyaluronate, Algae Extract, Camellia Sinensis (Green Tea) Leaf Extract, Cucumis Sativus (Cucumber) Fruit Extract, Pyrus Malus (Apple) Fruit Extract, Saccharomyces Lysate Extract, Scutellaria Baicalensis Root Extract, Caffeine, Cholesterol, Ceramide Ng, Isohexadecane, Synthetic Fluorphlogopite, Tin Oxide, Sucrose, Panthenol, Polysorbate 80, Xanthan Gum, Caprylyl Glycol, Hexylene Glycol, Citric Acid, Linoleic Acid, Acrylamide/Sodium Acryloyldimethyltaurate Copolymer, Magnesium Ascorbyl Phosphate, Fragrance, Citral, Linalool, Limonene, Disodium Edta, Sodium Citrate, Phenoxyethanol, [+/- Mica, Titanium Dioxide (Ci 77891), Iron Oxides (Ci 77491), Red 4 (Ci 14700), Yellow 5 (Ci 19140), Iron Oxides (Ci 77499), Iron Oxides (Ci 77492)]'),
	('C3001019', 'The True Cream Moisturizing Bomb', 172879, 788, 3.500000, 37, '26cm L x 58cm W x 74cm H', '-', 'cosmetic', 'BELIF', 'Water, Glycerin, Cyclohexasiloxane, Hydrogenated Polydecene, Dipropylene Glycol, Macadamia Ternifolia Seed Oil, 1,2-Hexanediol, Bis-PEG-18 Methyl Ether Dimethyl Silane, Triethylhexanoin, Stearyl Alcohol, Glyceryl Stearate, Pentaerythrityl Tetraethylhexanoate, PEG-40 Stearate, Saccharomyces/Viscum Album (Mistletoe) Ferment Extract, Lactobacillus/Soybean Ferment Extract, Saccharomyces/Imperata Cylindrica Root Ferment Extract, Cetearyl Alcohol, Ceteayl Olivate, Sorbitan Olivate, Hydrogenated Lecithin, Sorbitan Stearate, Stearic Acid, PEG-100 Stearate, Dimethicone, Dimethicone/Vinyl Dimethicone Crosspolymer, Poncirus Trifoliata Fruit Extract, Panthenol, *Avena Sativa (Oat) Kernel Extract, *Calendula Officinalis Flower Extract, *Nepeta Cataria Extract, *Rubus Idaeus (Raspberry) Leaf Extract, *Baptisia Tinctoria Root Extract, *Stellaria Media (Chickweed) Extract, **Alchemilla Vulgaris Leaf Extract, **Viola Tricolor Extract, **Rosa Damascena Flower Extract, **Spiraea Ulmaria Flower Extract, **Althaea Officinalis Root Extract, Symphytum Officinale Leaf Extract, Trifolium Pratense (Clover) Flower Extract, Achillea Millefolium Flower Extract, Euphrasia Officinalis Extract, Thuja Occidentalis Leaf Extract, Menyanthes Trifoliata Leaf Extract, Salix Alba (Willow) Bark Extract, Chelidonium Majus Extract, Urea, Hydroxyethylpiperazine Ethane Sulfonic Acid, Glycosyl Trehalose, Hydrogenated Starch Hydrolysate, Acrylates/C10-30 Alkyl Acrylate Crosspolymer, Carbomer, Xanthan Gum, Trisodium EDTA, Tromethamine, ***Frgrance, Citronnellol, Limonene. *Napiers Original Formula. **Napiers Moisture Formula. ***Fragrances of Natural Origin.'),
	('C3025801', 'Adaptogen Deep Moisture Cream', 508401, 1388, 4.800000, 77, '93cm L x 43cm W x 42cm H', '-', 'cosmetic', 'YOUTH TO THE PEOPLE', 'Purified Water, Helianthus Annuus (Sunflower) Oil, Octyl Palmitate, Glyceryl Stearate, Propanediol, Stearic Acid, Rhodiola Rosea, Ocimum Tenuiflorum (Holy Basil), Withania Somnifera (Ashwagandha), Ganoderma Lucidum (Reishi Mushroom), Aloe Barbadensis Leaf Juice, Glyceryl Mono Laurate, Squalane (Olive), Phenoxyethanol, Simmondsia Chineses (Jojoba) Seed Oil, Pentapeptide-59, Hydrogenated Lecithin, Butyrospermum Parkii (Shea) Butter, Phenethyl Alcohol, Ethylhexylglycerin, Maltodextrin, Carbomer, Mixed Tocopherols, Ethylhexylglycerin, Allantoin, Panthenol, Prunus Amygdalus Dulcis (Sweet Almond) Oil, Borago Officinalis (Borage) Oil, Caramel Color, Xanthan Gum.'),
	('C3091750', 'Little Miss Miracle Limited-Edition Crme de la Mer', 262505, 906, 2.500000, 14, '14cm L x 76cm W x 48cm H', '-', 'cosmetic', 'LA MER', 'Algae (Seaweed) Extract, Mineral Oil, Petrolatum, Glycerin, Isohexadecane, Microcrystalline Wax, Lanolin Alcohol, Citrus Aurantifolia (Lime) Extract, Sesamum Indicum (Sesame) Seed Oil, Eucalyptus Globulus (Eucalyptus) Leaf Oil, Sesamum Indicum (Sesame) Seed Powder, Medicago Sativa (Alfalfa) Seed Powder, Helianthus Annuus (Sunflower) Seedcake, Prunus Amygdalus Dulcis (Sweet Almond) Seed Meal, Sodium Gluconate, Copper Gluconate, Calcium Gluconate, Magnesium Gluconate, Zinc Gluconate, Magnesium Sulfate, Paraffin, Tocopheryl Succinate, Niacin, Water, Beta-Carotene, Decyl Oleate, Aluminum Distearate, Octyldodecanol, Citric Acid, Cyanocobalamin, Magnesium Stearate, Panthenol, Limonene, Geraniol, Linalool, Hydroxycitronellal, Citronellol, Benzyl Salicylate, Citral, Sodium Benzoate, Alcohol Denat., Fragrance.'),
	('C3112772', 'C.E.O. C + E antiOXIDANT Protect + Repair Moisturizer', 922128, 1675, 4.400000, 24, '39cm L x 45cm W x 11cm H', '-', 'cosmetic', 'SUNDAY RILEY', 'Water, Squalane, Tetrahexyldecyl Ascorbate (Vitamin C), Dicaprylyl Carbonate, C10-18 Triglycerides, PEG-8 Beeswax, Hydrogenated Vegetable Oil, Tapioca Starch, PPG-12 SMDI Copolymer, Polyglyceryl-6 Distearate, Jojoba Esters, Cetyl Alcohol, Sodium Acrylates Copolymer, Polyglyceryl-3 Beeswax, Lecithin, Glycerin, Microcitrus Australasica Fruit (Lime Pearl) Extract, Butylene Glycol, Alteromonas Ferment Extract (Exopolysaccharides), Phenoxyethanol, Terminalia Ferdinandiana Fruit (Kakadu Plum) Extract, Bisabolol, Chlorphenesin, Caprylyl Glycol, Polymethylsilsesquioxane, Nylon-12, Citrus Reticulata (Tangerine) Peel Oil, Citric Acid, Sodium Phytate, Tocopherol, Sodium Hyaluronate, Fragrance, Rosa Centifolia Flower Wax, Rosa Damascena Flower Wax, Alcohol Denat (found in botanical extracts), Caprylic/Capric Triglyceride, Curcuma Longa (Turmeric) Root Extract, Citrus Junos Fruit (Yuzu) Extract, Lippia Citriodora Flower (Lemon Verbena) Extract, Euterpe Oleracea (Acai) Fruit, Butyrospermum Parkii (Shea) Butter Extract, Rosa Canina Fruit (Rosehips)Extract, Oenothera Biennis (Evening Primrose) Seed Extract, Camellia Sinensis Leaf (Oolong Tea).'),
	('C3115074', 'Pure One Step Camellia Cleansing Oil', 75487, 746, 4.400000, 35, '70cm L x 17cm W x 54cm H', '-', 'cosmetic', 'TATCHA', 'Cetyl Ethylhexanoate, Oryza Sativa (Rice) Bran Oil, Polyglyceryl-10 Dioleate, Polyglyceryl-2 Sesquicaprylate, Camellia Japonica Seed Oil, Camellia Sinensis (Green Tea) Leaf Extract, Algae Extract, Water, Glyceryl Behenate/Eicosadioate, Glycerin, Ethylhexylglycerin, Fragrance (Natural), Alcohol, Phenoxyethanol.'),
	('C3127414', 'Seaberry Moisturizing Face Oil', 709691, 1231, 4.200000, 83, '86cm L x 91cm W x 45cm H', '-', 'cosmetic', 'FRESH', 'Vitis Vinifera (Grape) Seed Oil, Camellia Oleifera Seed Oil, Prunus Amygdalus Dulcis (Sweet Almond) Oil, Hippophae Rhamnoides Oil, Ros- marinus Officinalis (Rosemary) Leaf Extract, Vaccinium Macrocarpon (Cran- berry) Seed Oil, Tocopheryl Acetate, Tocopherol, Ascorbyl Tetraisopalmitate, Parfum (Fragrance), BHT, Linalool, Limonene, Citral, Coumarin, Geraniol.'),
	('C3537063', 'Color Control Cushion Compact Broad Spectrum SPF 50+', 637641, 501, 4.200000, 51, '39cm L x 66cm W x 36cm H', '-', 'cosmetic', 'AMOREPACIFIC', 'Phyllostachis Bambusoides Juice, Cyclopentasiloxane, Cyclohexasiloxane, Peg-10 Dimethicone, Phenyl Trimethicone, Butylene Glycol, Butylene Glycol Dicaprylate/Dicaprate, Alcohol, Arbutin, Lauryl Peg-9 Polydimethylsiloxyethyl Dimethicone, Acrylates/Ethylhexyl Acrylate/Dimethicone Methacrylate Copolymer, Polyhydroxystearic Acid, Sodium Chloride, Polymethyl Methacrylate, Aluminium Hydroxide, Stearic Acid, Disteardimonium Hectorite, Triethoxycaprylylsilane, Ethylhexyl Palmitate, Lecithin, Isostearic Acid, Isopropyl Palmitate, Phenoxyethanol, Polyglyceryl-3 Polyricinoleate, Acrylates/Stearyl Acrylate/Dimethicone Methacrylate Copolymer, Dimethicone, Disodium Edta, Trimethylsiloxysilicate, Ethylhexyglycerin, Dimethicone/Vinyl Dimethicone Crosspolymer, Water, Silica, Camellia Japonica Seed Oil, Camillia Sinensis Leaf Extract, Caprylyl Glycol, 1,2-Hexanediol, Fragrance, Titanium Dioxide, Iron Oxides (Ci 77492, Ci 77491, Ci77499).'),
	('C3874683', 'The True Cream Aqua Bomb', 668862, 588, 4.400000, 14, '13cm L x 40cm W x 23cm H', '-', 'cosmetic', 'BELIF', 'Water, Dipropylene Glycol, Glycerin, Methl Trimethicone, Alcohol Denat, Dimethicone, Cyclopentasiloxane, 1,2-Hexanediol, Malakite Extract, Caprylic/Capric Triglyceride, Pentaerythrityl Tetraethylhexanoate, PEG/PPG/Polybutylene Glycol-8/5/3 Glycerin, Alchemilla Vulgaris Leaf Extract*, Equisetum Arvense Leaf Extract*, Stellaria Media (Chickweed) Extract*, Urtica Dioica (Nettle) Leaf Extract*, Plantago Lanceolata Leaf Extract*, Avena Sativa (Oat) Kernel Extract**, Calendula Officinalis Flower Extract**, Nepeta Cataria Extract**, Rubus Idaeus (Raspberry) Leaf Extract**, Baptisia Tinctoria Root Extract**, Dimethiconol, Polymethylsilsesquioxane, Sodium Acrylate/Acryloyldimethyltaurate/Dimethylacrylamide Crosspolymer, Isohexadecane, Polysorbate 60, Ceramide 3, Cholesterol, Butyrospermum Parkii (Shea) Butter, Phenl Trimethicone, Pentaerythrityl Tetraisostearate, Panthenol, Squalane, Triethylhexanoin, Macadamia Ternifolia Seed Oil, PEG-150, PEG-40 Hydrogenated Castor Oil, Acrylates/C10-30 Alkyl Acrylate Crosspolymer, C14-22 Alcohols, Arachidyl Glucoside, Hydrogenated Lecithin, PEG-100 Stearate, Stearic Acid, Glyceryl Stearate, Carbomer, Tromethamine, Trisodium EDTA, Fragrance+, Citronellol, Limonene, Citral, Geraniol, Linalool. *Napiers aqua formula. **Napiers original formula. +Fragrances of natural origin.'),
	('C3945961', 'COMPLEXION RESCUE Tinted Moisturizer Broad Spectrum SPF 30', 146253, 1515, 3.200000, 93, '91cm L x 37cm W x 90cm H', '-', 'cosmetic', 'BAREMINERALS', 'Water, Coconut Alkanes, Propanediol, Squalane, Trehalose, Isostearic Acid, Glycerin, Silica, Agar, Caprylic/Capric Triglyceride, Globularia Cordifolia Callus Culture Extract, Salicornia Herbacea Extract, Melilotus Officinalis Extract, Coco-Caprylate/Caprate, Butylene Glycol, Lauroyl Lysine, Sodium Hyaluronate, Succinoglycan, Polysorbate 60, Cellulose Gum, Polyglyceryl-4 Laurate/Succinate, Sorbitan Sesquiisostearate, Magnesium Stearate, Magnesium Hydroxide, Magnesium Chloride, Potassium Chloride, Calcium Chloride, Potassium Sorbate, Phenoxyethanol. May Contain: Titanium Dioxide, Iron Oxides.'),
	('C4300053', 'Crme Ancienne', 252235, 1009, 3.900000, 81, '48cm L x 28cm W x 10cm H', '-', 'cosmetic', 'FRESH', 'Limnanthes Alba (Meadowfoam) Seed Oil, Water, Cera Alba (Beeswax), Pentylene Glycol, Prunus Amygdalus Dulcis (Sweet Almond) Oil, Citrus Limon (Lemon) Peel Oil, Osmanthus Fragrans Flower Extract, Rosa Damascena Flower Water, Anthemis Nobilis Flower Oil, Ormenis Multicaulis Flower Wax, Tocopherol, Sodium Carbonate, Limonene, Citronellol, Geraniol, Citral.'),
	('C4309847', 'Goodnight Glow Retin-ALT Sleeping Crme', 323336, 1204, 4.100000, 14, '72cm L x 53cm W x 14cm H', '-', 'cosmetic', 'OLEHENRIKSEN', 'Water, Glycerin, Vitis Vinifera (Grape) Seed Oil, C12-15 Alkyl Benzoate, Dicaprylyl Carbonate, Butyrospermum Parkii (Shea) Butter, Cetearyl Alcohol, Lactic Acid, Glycolic Acid, Glyceryl Stearate, Potassium Hydroxide, Propanediol, Polysorbate 60, Panthenol, Dimethicone, Cetyl Alcohol, Parfum/Fragrance, Sodium Acrylate/Sodium Acryloyldimethyl Taurate Copolymer, Hydroxyacetophenone, Bakuchiol, Leontopodium Alpinum Callus Culture Extract, Isohexadecane, Linoleic Acid, Peg-75 Stearate, Phenoxyethanol, Cetearyl Glucoside, Polysorbate 80, Steareth-20, Ceteth-20, Linolenic Acid, Xanthan Gum, Citric Acid, Ethylhexylglycerin, Enteromorpha Compressa Extract, Sorbitan Oleate, Santalum Album (Sandalwood) Extract, Chamomilla Recutita (Matricaria) Flower Extract, Saccharum Officinarum (Sugar Cane) Extract, Citrus Limon (Lemon) Fruit Extract, Glycyrrhiza Glabra (Licorice) Root Extract, Leuconostoc/Radish Root Ferment Filtrate, Sodium Phytate, Silybum Marianum Fruit Extract, Ocimum Sanctum Leaf Extract, Tocopherol, Violet 2 (Ci 60730), Red 4 (Ci 14700), Limonene, Linalool, Citral.'),
	('C4385093', 'Rose Gold Elixir  24k Gold Infused Beauty Oil', 99205, 929, 2.900000, 56, '44cm L x 37cm W x 00cm H', '-', 'cosmetic', 'FARSLI', 'Rosa Rubiginosa (Rosehip) Seed Oil, Carthamus Tinctorius (Safflower) Seed Oil, Cucurbita Pepo (Pumpkin) Seed Oil, Gold, Cymbopogon Flexuosus (Lemongrass) Oil, Citrus Aurantium Dulcis (Orange) Peel Oil, Tocopheryl Acetate (Vitamin E).'),
	('C4400880', 'Charlotte\'s Magic Cream', 320166, 1821, 4.800000, 99, '05cm L x 58cm W x 25cm H', '-', 'cosmetic', 'CHARLOTTE TILBURY', 'Water, Homosalate , Glyceryl Stearate SE, Ethylhexyl Salicylate, Butylene Glycol, Glycerin, Butyl Methoxydibenzoylmethane, Octocrylene, Cetyl Alcohol, C12-15 Alkyl Benzoate, Cyclopentasiloxane, Dimethicone, Phenoxyethanol, Butyrospermum Parkii (Shea) Butter, Steareth-21, Avena Sativa (Oat) Kernel Extract, Carbomer, Dimethiconol, Potassium Cetyl Phosphate, Chlorphenesin, Caprylyl Glycol, Xanthan Gum, Hydrolyzed Viola Tricolor Extract, Allantoin, Aloe Barbadensis Leaf Juice, Disodium Edta, Tocopheryl Acetate, Camellia Oleifera Seed Oil, Rosa Canina Fruit Oil, Rosa Damascena Flower Water, Sodium Hydroxide, Helianthus Annuus (Sunflower) Seed Oil, Michelia Alba Leaf Oil, Sodium Lactate, Coco-Glucoside, PEG-8, Ethylhexylglycerin, Sodium Hyaluronate, Tocopherol, Palmitoyl Oligopeptide, Palmitoyl Tetrapeptide-7, Ascorbyl Palmitate, Plumeria Rubra Flower Extract, Ascorbic Acid, Citric Acid, Nicotiana Sylvestris Leaf Cell Culture, Linalool, Citronellol, Geraniol.'),
	('C4794436', 'Virgin Marula Luxury Facial Oil', 242730, 556, 4.200000, 5, '55cm L x 90cm W x 40cm H', '-', 'cosmetic', 'DRUNK ELEPHANT', '100% Unrefined Sclerocraya Birrea (Marula) Kernel Oil.'),
	('C5151886', 'Midnight Recovery Concentrate', 964444, 1863, 4.700000, 47, '52cm L x 80cm W x 88cm H', '-', 'cosmetic', 'KIEHL\'S SINCE 1851', 'Caprylic/Capric Triglyceride Dicaprylyl Carbonate Squalane Rosa Canina Fruit Oil Oenothera Biennis Oil, Evening Primrose Oil Simmondsia Chinensis Oil, Jojoba Seed Oil Coriandrum Sativum Oil, Coriander Seed Oil Tocopherol Lavandula Angustifolia Oil, Lavender Oil Pelargonium Graveolens Flower Oil Linalool Rosmarinus Officinalis Leaf Oil, Rosemary Leaf Oil Citronellol Geraniol Lavandula Hybrida Oil Cucumis Sativus Extract, Cucumber Fruit Extract Curcuma Longa Extract, Turmeric Root Extract Limonene Citral Sclareolide Rosa Spp, Rose Flower Oil Jasminum Officinale Extract, Jasmine Extract Helianthus Annuus Seed Oil, Sunflower Seed Oil.'),
	('C5237960', 'Vinosource Moisturizing Sorbet', 633186, 1785, 3.000000, 29, '56cm L x 12cm W x 70cm H', '-', 'cosmetic', 'CAUDALIE', 'Water, Vitis Vinifera (Grape) Fruit Water*, Dicaprylyl Ether*, Glycerin*, Butyrospermum Parkii (Shea Butter) Extract*, Hexyldecanol*, Hexyldecyl Laurate*, Behenyl Alcohol*, Glyceryl Stearate*, Erythritol, Acrylates/C10-30 Alkyl Acrylate Crosspolymer, Parfum (Fragrance), Tocopherol*, Lecithin*, Caprylyl Glycol, Mannitol*, Sodium Benzoate, Xanthan Gum, Palmitoyl Grape Seed Extract*, Vitis Vinifera (Grape) Juice*, Sodium Hydroxide, Glycine Soja (Soybean) Sterols*, Butylene Glycol, Sodium Citrate, Citric Acid, Chamomilla Recutita (Matricaria) Flower Extract*, Sodium Carboxymethyl Betaglucan, Sodium Phytate*, Potassium Sorbate, Biosaccharide Gum-1, Sodium Hyaluronate, Homarine Hcl, Glyceryl Caprylate*, Acetyl Tetrapeptide-15. *Plant origin.'),
	('C5361543', 'Tidal Brightening Enzyme Water Cream', 194293, 1043, 2.100000, 34, '74cm L x 09cm W x 83cm H', '-', 'cosmetic', 'SUNDAY RILEY', 'Water, Hydrolyzed Jojoba Esters, Glycerin, Caprylic/Capric Triglyceride,Propanediol, Sodium Hyaluronate Crosspolymer, Pentylene Glycol, Tamarindus Indica(Tamarind) Seed Gum, Ethyl Macadamiate, Sodium Acrylates Copolymer (and) Lecithin, Isododecane, Adipic Acid/Neopentyl Glycol Crosspolymer, Lauryl Dimethicone, Hydrogenated Polyisobutene, Strelitzia Nicolai (Bird of Paradise flower) Seed Aril Extract, Alpha-Arbutin, Aesculus Hippocastanum (Horse Chestnut) seed extract, Hydrolyzed Hyaluronic Acid, Allantoin, Papain (and) Carbomer 1 (and) 2-Hexanediol (and) Caprylyl Glycol (and) Algin, Cucumis Sativus (Cucumber) Extract, Melia Azadirachta (Neem) Leaf Extract (and) Melia Azadirachta Flower (Neem) Extract (and) Mimosa Terniflora Extract (and) Amber Extract (and) Coccinia Indica Fruit Extract (and) Solanum Melongena (Eggplant) Fruit Extract, Aloe Barbadensis Flower Extract (and) Lawsonia Inermis Extract (and) Ocimum Sanctum Leaf (Holy Basil) Extract, Pearl Powder, Synthetic Fluorphlogopite, Titanium Dioxide, Phenoxyethanol, Chlorphenesin.'),
	('C5403684', 'Confidence in a Cream Transforming Moisturizing Super Cream', 938493, 779, 3.900000, 25, '82cm L x 35cm W x 39cm H', '-', 'cosmetic', 'IT COSMETICS', 'Water, Butylene Glycol, Cyclopentasiloxane, Glycerin, Butylene Glycol Dicaprylate/Dicaprate, Ethylhexyl Isononanoate, Hydrogenated Polyisobutene, Caprylic/Capric/Myristic/Stearic Triglyceride, Glyceryl Stearate, Peg-100 Stearate, Polyglyceryl-3 Methylglucose Distearate, Stearyl Behenate, Dimethicone, Pentaerythrityl Tetraethylhexanoate, Biosaccharide Gum-1, Dimethicone/Vinyl Dimethicone Crosspolymer, Cetearyl Alcohol, Palmitic Acid, Stearic Acid, Polyethylene, Peg/Ppg-20/15 Dimethicone, Phenyl Methicone, Portulaca Oleracea Extract, Cocos Nucifera (Coconut) Oil, Aloe Barbadensis Leaf Extract, Butyrospermum Parkii (Shea) Butter, Hydroxyethyl Acrylate/Sodium Acryloyldimethyl Taurate Copolymer, Sodium Hyaluronate, Hydrogenated Lecithin, Polyquaternium-51, Niacinamide, Hydrolyzed Collagen, Camellia Sinensis Leaf Extract, Tocopheryl Acetate, Carbomer, Peg-150 Distearate, Ceramide Ap, Glycosphingolipids, Glyceryl Polymethacrylate, Meadowfoam Estolide, Sorbitan Isostearate, Squalane, Palmitoyl Pentapeptide-4, Polysorbate 20, Steareth-20, N-Hydroxysuccinimide, Chrysin, Palmitoyl Tripeptide-1, Palmitoyl Tetrapeptide-7, Polysorbate 60, Aleuritic Acid, Yeast Extract, Glycoproteins, Betaine, Hydrogenated Polydecene, Ceramide Np, Allantoin, Colloidal Oatmeal, Retinyl Retinoate, Polylactic Acid, Canola Oil, Cholesteryl Nonanoate, Ascorbyl Tetraisopalmitate, Glycyrrhiza Glabra (Licorice) Root Extract, Chamomilla Recutita (Matricaria) Flower Water, Curcuma Longa (Turmeric) Root Extract, Leuconostoc/Radish Root Ferment Filtrate, Eruca Sativa Leaf Extract, Glyceryl Citrate/Lactate/Linoleate/Oleate, Ceteareth-20, Hydroxypropyl Bispalmitamide Mea, Glycine Soja (Soybean) Sterols, Melaleuca Alternifolia (Tea Tree) Leaf Oil, Phytosteryl/Isostearyl/Cetyl/Stearyl/Behenyl Dimer Dilinoleate, Santalum Album (Sandalwood) Oil, Chamomilla Recutita (Matricaria) Flower Oil, Caprylhydroxamic Acid, Cetearyl Glucoside, Glucose, Stearyl Stearate, Tromethamine, Citric Acid, 1,2-Hexanediol, Chlorhexidine Digluconate, Potassium Sorbate, Dipropylene Glycol, Lavandula Angustifolia (Lavender) Oil, Citrus Paradisi (Grapefruit) Peel Oil, Cymbopogon Citratus Leaf Oil, Pelargonium Graveolens Oil, Citrus Aurantium Dulcis (Orange) Peel Oil, Pogostemon Cablin Oil, Citrus Aurantium Bergamia (Bergamot) Fruit Oil, Ethylhexylglycerin, Caramel, Disodium EDTA, Phenoxyethanol, Caprylyl Glycol, Limonene, Linalool.'),
	('C5575519', 'Honey Drop Lightweight Moisturizer with Echinacea GreenEnvy', 800581, 655, 2.900000, 44, '03cm L x 71cm W x 10cm H', '-', 'cosmetic', 'FARMACY', 'Water, Glycereth-26, Glycerin, C13-15 Alkane, Echinacea Purpurea Root Extract, Honey Extract, Propolis Extract, Royal Jelly Extract, Hydrolyzed Hyaluronic Acid, Hydrolyzed Sodium Hyaluronate, Sodium Hyaluronate, Theobroma Grandflorum Seed Butter, Limnanthes Alba (Meadowfoam) Seed Oil, Camellia Japonica Seed Oil, Paeonia Suffruticosa Root Extract, Scutellaria Baicalensis Root Extract, Allantoin, Melia Azadirachta Leaf Extract, Lactobacillus/Soybean Ferment Extract, Melia Azadirachta Flower Extract, Imperata Cylindrica Root Extract, Viscum Album (Mistletoe) Leaf Extract, Solanum Melongena (Eggplant) Fruit Extract, Ocimum Balsilicum (Basil) Flower/Leaf Extract, Coccinia Indica Fruit Extract, Adenosine, Betaine, Capryloyl Glycerin/Sebacic Acid Copolymer, Curcuma Longa (Turmeric) Root Extract, Aloe Barbadensis Flower Extract, Corallina Officinalis Extract, Ocimum Sanctum Leaf Extract, Eclipta Prostrata Extract, Flavor, Sorbitan Olivate, Sucrose Stearate, Acrylates/C10-30 Alkyl Acrylate Crosspolymer, Disodium Edta, Glyceryl Polyacrylate, Agar, Calcium Alginate, Mica, Iron Oxide (Ci 77492), Propanediol, 1,2-Hexanediol, Methyl Gluceth-20, Diheptyl Succinate, Butylene Glycol, Carbomer, Hydroxyacetophenone, Tromethamine, Cetearyl Olivate, Alcohol Denat., Caprylyl Glycol.'),
	('C5683504', 'The Water Cream', 676020, 1930, 4.500000, 50, '06cm L x 77cm W x 07cm H', '-', 'cosmetic', 'TATCHA', 'Water, Saccharomyces/Camellia Sinensis Leaf/Cladosiphon Okamuranus/Rice Ferment Filtrate*, Dimethicone, Propanediol, Glycerin, Diglycerin, Diphenylsiloxy Phenyl Trimethicone, Gold, Belamcanda Chinensis Root Extract, Rosa Multiflora Fruit Extract, Houttuynia Cordata Extract, Sophora Angustifolia Root Extract, Sodium Hyaluronate, Lecithin, Pistacia Lentiscus (Mastic) Gum, Sodium Chloride, Sodium Citrate, Mica, Peg-9 Polydimethylsiloxyethyl Dimethicone, Dimethicone/Peg-10/15 Crosspolymer, Dimethicone/Phenyl Vinyl Dimethicone Crosspolymer, Disodium Edta, Tin Oxide, Titanium Dioxide, Butylene Glycol, Ethylhexylglycerin, Parfum/Fragrance, Alcohol, Phenoxyethanol. *Hadasei-3.'),
	('C5685190', 'Ultra Facial Cream', 106838, 1331, 4.600000, 76, '07cm L x 42cm W x 60cm H', '-', 'cosmetic', 'KIEHL\'S SINCE 1851', 'Water, Glycerin, Cyclohexasiloxane, Squalane, Bis-Peg-18 Methyl Ether Dimethyl Silane, Sucrose Stearate, Stearyl Alcohol, Peg-8 Stearate, Urea, Myristyl Myristate, Pentaerythrityl Tetraethylhexanoate, Prunus Armeniaca Kernel Oil, Phenoxyethanol, Persea Gratissima Oil, Olea Europaea Oil, Oryza Sativa Bran Oil, Cetyl Alcohol, Glyceryl Stearate, Imperata Cylindrica Root Extract, Stearic Acid, Methylparaben, Chlorphenesin, Palmitic Acid, Disodium Edta, Acrylates/C10-30 Alkyl Acrylate Crosspolymer, Propylparaben, Carbomer, Triethanolamine, Prunus Amygdalus Dulcis Oil, Xanthan Gum, Sodium Hydroxide, Tocopherol, Pseudoalteromonas Ferment Extract, Hydroxypalmitoyl Sphinganine, Caprylyl Glycol.'),
	('C5765456', 'Renewed Hope in A Jar Refreshing & Refining Moisturizer', 635294, 1671, 3.600000, 52, '33cm L x 18cm W x 27cm H', '-', 'cosmetic', 'PHILOSOPHY', 'Water, Cyclopentasiloxane, Stearic Acid, Glycerin, Butylene Glycol, C12-15 Alkyl Benzoate, Glycolic Acid, Dimethicone, Polyacrylamide, Cetearyl Alcohol, Phenoxyethanol, Sodium Hydroxide, C13-14 Isoparaffin, Dimethicone Crosspolymer, Ceteareth-20, Ammonium Acryloyldimethyltaurate/Vp Copolymer, Polysilicone-11, Acrylates/C10-30 Alkyl Acrylate Crosspolymer, Laureth-7, Citric Acid, Chlorphenesin, Mandelic Acid, Tocopheryl Acetate, Synthetic Fluorphlogopite, Ethlhexyl Palmitate, Propanediol, Parfum/Fragrance, Disodium Edta, Adenosine, Evodia Rutaecarpa Fruit Extract, Limonene, Faex/Yeast Extract/Extrait De Levure, Magnesium Stearate, Opuntia Coccinellifera Flower Extract, Silica Dimethyl Silylate, Caprylyl Glycol, Bht, Ethylhexylglycerin, Hyaluronic Acid, Silanetriol, Sodium Hyaluronate, Sorbic Acid, Hexylene Glycol, Bismuth Oxychloride (Ci 77163).'),
	('C5811158', 'Honeymoon Glow AHA Resurfacing Night Serum with Echinacea GreenEnvy', 656618, 1638, 3.300000, 91, '65cm L x 64cm W x 54cm H', '-', 'cosmetic', 'FARMACY', 'Water, Lactic Acid, Propanediol, Jojoba Esters, Glycolic Acid, Potassium Hydroxide, Salix Alba (Willow) Bark Extract, Carthamus Tinctorius (Safflower) Oleosomes, Vitis Vinifera (Grape) Seed Oil, Hibiscus Sabdariffa Flower Extract, Citric Acid, Honey Extract, Echinacea Purpurea Root Extract, Propolis Extract, Royal Jelly Extract, Hydrolyzed Sodium Hyaluronate, Hydrolyzed Hyaluronic Acid, Curcuma Longa (Turmeric) Root Extract, Argania Spinosa Kernel Oil, Zingiber Officinale (Ginger) Root Extract, Amaranthus Caudatus Seed Oil, Limnanthes Alba (Meadowfoam) Seed Oil, Vaccinium Myrtillus Fruit/Leaf Extract, Saccharum Officinarum (Sugarcane) Extract, Citrus Aurantium Dulcis (Orange) Fruit Extract, Citrus Limon (Lemon) Fruit Extract, Acer Saccharum (Sugar Maple) Extract, Melia Azadirachta Leaf Extract, Helianthus Annuus (Sunflower) Seed Oil, Melia Azadirachta Flower Extract, Salvia Hispanica Seed Oil, Cetearyl Alcohol, Glycerin, Arachidyl Alcohol, Sclerotium Gum, Coco-Glucoside, Polyacrylate Crosspolymer-6, Behenyl Alcohol, Arachidyl Glucoside, Sodium Benzoate, Tocopherol, Potassium Sorbate, Corallina Officinalis Extract, Polyglyceryl-10 Stearate, Gluconolactone, 1,2-Hexanediol, Ocimum Basilicum (Basil) Flower/Leaf Extract, Ocimum Sanctum Leaf Extract, T-Butyl Alcohol, Glucose, Calcium Gluconate, Citral.'),
	('C5888863', 'Black Tea Kombucha Antioxidant Essence', 946669, 1818, 4.100000, 26, '69cm L x 31cm W x 21cm H', '-', 'cosmetic', 'FRESH', 'Water, Saccha-romyces Ferment Filtrate, Glycerin, Ca-mellia Sinensis Leaf Extract, PentyleneGlycol, Polyglycerin-3, Kigelia AfricanaFruit Extract, Citrus Unshiu Peel Extract,Sodium Hyaluronate, Adenosine, To-copheryl Acetate, Tocopherol, ButyleneGlycol, Diglycerin, PEG-60 Hydrogenat-ed Castor Oil, Sodium Benzoate, Fragrance, Disodium EDTA, Hy-droxyethylcellulose, Sodium Citrate,BHT, Citric Acid, Potassium Sorbate, Biotin, Phenoxyethanol, Linalool,Citronellol, Geraniol.'),
	('C6239499', 'C-Rush Brightening Gel Crme', 932935, 1297, 2.100000, 33, '89cm L x 33cm W x 92cm H', '-', 'cosmetic', 'OLEHENRIKSEN', 'Water, Glycerin, Dicaprylyl Carbonate, Propanediol, Caprylic/Capric Triglyceride, 3-O-Ethyl Ascorbic Acid, Glycereth-26, Ammonium Acryloyldimethyltaurate/Beheneth-25 Methacrylate Crosspolymer, Hydrolyzed Jojoba Esters, Cetearyl Alcohol, Polyacrylate Crosspolymer-6, Hydroxyacetophenone, Panthenol, Polyglyceryl-3 Methylglucose Distearate, Tetrahexyldecyl Ascorbate, Linoleic Acid, Citric Acid, Phenoxyethanol, Fragrance, Pentaerythrityl Tetra-Di-T-Butyl Hydroxyhydrocinnamate, Xanthan Gum, Cetearyl Glucoside, Linolenic Acid, Citrus Aurantium Dulcis (Orange) Fruit Extract, Citrus Limon (Lemon) Fruit Extract, Hippophae Rhamnoides Extract, Lycium Barbarum Fruit Extract, Rosa Canina Fruit Extract, Ethylhexylglycerin, Leuconostoc/Radish Root Ferment Filtrate, Sodium Citrate, Camellia Japonica Flower Extract, Aroma/Flavor, Sodium Hyaluronate, Sodium Polyacrylate, Sodium Phytate, Hyaluronic Acid, Vegetable Collagen, Ascorbic Acid, Tocopherol, Yellow 6 (Ci 15985), Yellow 5 (Ci 19140), Citral, Limonene, Linalool, Benzyl Alcohol.'),
	('C6524320', 'GinZing Energy-Boosting Gel Moisturizer', 110342, 1099, 2.100000, 21, '49cm L x 80cm W x 24cm H', '-', 'cosmetic', 'ORIGINS', 'Water, Methyl Trimethicone, Butylene Glycol, Glycerin, Jojoba Esters, Panthenol, Dicaprylyl Carbonate, Citrus Limon (Lemon) Peel Oil*, Citrus Grandis (Grapefruit) Peel Oil*, Mentha Viridis (Spearmint) Leaf Oil*, Limonene, Aloe Barbadensis Leaf Extract, Butyrospermum Parkii (Shea Butter), Simmondsia Chinensis (Jojoba) Butter, Castanea Sativa (Chestnut) Seed Extract, Rubus Idaeus (Raspberry) Leaf Wax, Dimethicone, Coleus Barbatus Extract, Hordeum Vulgare (Barley) Extract\\Extrait D\'Orge, Trehalose, Triticum Vulgare (Wheat) Germ Extract, Panax Ginseng (Ginseng) Root Extract, Ammonium Acryloyldimethyltaurate/Vp Copolymer, Salicylic Acid, Foeniculum Vulgare (Fennel) Seed Extract, Rosmarinus Officinalis (Rosemary) Leaf Extract, Phospholipids, Tocopheryl Acetate, Sodium Pca, Arginine, Caffeine, Cholesterol, Linoleic Acid, Biotin, Folic Acid, Tetrahexyldecyl Ascorbate, Polysilicone-11, Carbomer, Pantethine, Squalane, Sodium Hyaluronate, Hexylene Glycol, Lecithin, Calcium Carbonate, Caprylyl Glycol, Ethylhexylglycerin, Tromethamine, Phenoxyethanol. *Essential Oil.'),
	('C6544115', 'Grape Water', 113495, 1220, 4.800000, 51, '50cm L x 79cm W x 95cm H', '-', 'cosmetic', 'CAUDALIE', 'Vitis Vinifera (Grape) Fruit Water*, Vitis Vinifera (Grape) Juice*, Nitrogen. *Plant origin.'),
	('C6596146', 'Black Tea Firming Overnight Mask', 211002, 1188, 2.000000, 28, '88cm L x 17cm W x 91cm H', '-', 'cosmetic', 'FRESH', 'Water, Glycerin, Butylene Glycol, Jojoba Esters, Isohexadecane, Ammonium Acryloyldimethyltaurate/Vp Copolymer, Dicaprylyl Carbonate, Camellia Oleifera Seed Oil, Pentylene Glycol, Ethylhexyl Palmitate, Mirabilis Jalapa Extract, Glyceryl Stearate, Steareth-21, Caprylic/Capric Triglyceride, Dimethicone, Oxidized Corn Oil, Butyrospermum Parkii (Shea Butter), Cera Alba (Beeswax), Kigelia, Africana Fruit Extract, Saccharomyces Ferment Filtrate, Camellia Sinensis Leaf Extract, Rubus Fruticosus (Blackberry) Leaf Extract, Litichi Chinensis Seed Extract, Rosa Damascena Flower Oil, Sodium Hyaluronate, Adenosine, Tocopheryl Acetate, Tocopherol, Ceteareth-20, Behenyl Alcohol, Fragrance, Ceteareth-12, Cetearyl Alcohol, Sodium Citrate, Sodium Polyacrylate Starch, Sodium Polyacrylate, Sorbitan Laurate, Disodium Edta, Maltodextrin, Silica, Tetrasodium Edta, Hydroxyethylcellulose, Acetyl Dipeptide-1 Cetyl Ester, Citric Acid, Ci 77891 (Titanium Dioxide), BHT, Potassium Sorbate, Biotin, Phenoxyethanol, Linalool, Citronellol, Geraniol.'),
	('C6613812', 'The Silk Cream', 290948, 1044, 3.400000, 44, '30cm L x 94cm W x 56cm H', '-', 'cosmetic', 'TATCHA', 'Water, Saccharomyces/Camellia Sinensis Leaf/Cladosiphon Okamuranus/Rice Ferment Filtrate*, Glycerin, Propanediol, Cyclopentasiloxane, Squalane, Isononyl Isononanoate, Inositol, Sericin, Hydrolyzed Silk, Hydrolyzed Conchiolin Protein, Rubus Ellipticus Root Extract, Oryza Sativa (Rice) Germ Oil, Panax Ginseng Root Extract, Royal Jelly Extract, Thymus Serpyllum Extract, Caprylic/Capric Triglyceride, Sorbitan Stearate, Behenyl Alcohol, Stearic Acid, Hydrogenated Lecithin, Polyglyceryl-2 Triisostearate, Batyl Alcohol, Ethylhexylglycerin, Arginine, Bis-Behenyl/Isostearyl/Phytosteryl Dimer Dilinoleyl Dimer Dilinoleate, Carbomer, Xanthan Gum, Biosaccharide Gum-1, Sodium Hyaluronate, Parfum/Fragrance, Butylene Glycol, Alcohol, Phenoxyethanol. *Hadasei-3.'),
	('C6687949', 'Argan Daily Moisturizer SPF 47', 71354, 1786, 4.700000, 63, '79cm L x 35cm W x 98cm H', '-', 'cosmetic', 'JOSIE MARAN', '**Natural.'),
	('C6713384', 'Dramatically Different Moisturizing Lotion+', 948179, 988, 2.400000, 33, '51cm L x 51cm W x 70cm H', '-', 'cosmetic', 'CLINIQUE', 'Water , Mineral Oil/Paraffinum Liquidum/Huile Minerale , Glycerin , Petrolatum , Stearic Acid , Glyceryl Stearate , Sesamum Indicum (Sesame) Oil , Urea , Lanolin Alcohol , Triethanolamine , Hordeum Vulgare (Barley) Extract/Extrait D\'Orge , Cucumis Sativus (Cucumber) Fruit Extract , Helianthus Annuus (Sunflower) Seedcake , Propylene Glycol Dicaprate , Sodium Hyaluronate , Butylene Glycol , Pentylene Glycol , Trisodium Edta , Phenoxyethanol , Yellow 6 (Ci 15985) , Yellow 5 (Ci 19140) , Red 33 (Ci 17200)'),
	('C6909746', 'Vintage Single Extract Essence', 214304, 1136, 2.400000, 87, '83cm L x 42cm W x 28cm H', '-', 'cosmetic', 'AMOREPACIFIC', 'Water, Propanediol, Glycerin, Camellia Sinensis Leaf Extract, 1,2-Hexanediol, Ethylhexylglycerin.'),
	('C6959259', 'Benefiance WrinkleResist24 Night Cream', 688078, 1317, 4.900000, 49, '49cm L x 40cm W x 59cm H', '-', 'cosmetic', 'SHISEIDO', 'Water, Cetyl Ethylhexanoate, Glycerin, Butylene Glycol, Cetearyl Alcohol, Caprylic/Capric Triglyceride, Nylon-12, Phytosteryl Macadamiate, Glyceryl Stearate, Sd Alcohol 40-B (Alcohol Denat.), Isododecane, Dimethicone, Phenoxyethanol, Beheneth-20, Fragrance (Parfum), Peg/Ppg-17/4 Dimethyl Ether, Alcohol, Carbomer, Sodium Citrate, Trisodium Edta, Tocopheryl Acetate, Dipotassium Glycyrrhizate, Citric Acid, Potassium Hydroxide, Xanthan Gum, Butylphenyl Methylpropional, Sodium Metaphosphate, Limonene, Linalool, Citronellol, Sapindus Mukurossi Peel Extract (Sapindus Mukurossi), Alpha-Isomethyl Ionone, Geraniol, Benzyl Benzoate, Hexyl Cinnamal, Uncaria Gambir Extract (Uncaria Gambir), Sodium Acetylated Hyaluronate, Hydroxyproline, Iron Oxides (Ci 77491), Tocopherol, Hypericum Erectum Extract, Chlorella Vulgaris Extract.'),
	('C7013783', 'Facial Treatment Essence Mini', 665524, 1855, 2.000000, 55, '35cm L x 56cm W x 97cm H', '-', 'cosmetic', 'SK-II', 'Galactomyces Ferment Filtrate (Pitera), Butylene Glycol, Pentylene Glycol, Water, Sodium Benzoate, Methylparaben, Sorbic Acid.'),
	('C7022314', 'THIRSTYMUD Hydrating Treatment', 916010, 1314, 4.000000, 33, '56cm L x 79cm W x 99cm H', '-', 'cosmetic', 'GLAMGLOW', 'Water, Caprylic/Capric Triglyceride, Glycerin, Butylene Glycol, Cyclopentasiloxane, Glyceryl Polymethacrylate, Pyrus Malus (Apple) Fruit Extract, Peg-8, Glyceryl Stearate, Peg-100 Stearate, Cetearyl Alcohol, Sodium Polyacryloyldimethyl Taurate, Saccharide Isomerate, Caprylyl Glycol, Olea Europaea (Olive) Leaf Powder, Avena Sativa (Oat) Bran Extract, Hydrogenated Polydecene, Polysorbate 60, Cetyl Alcohol, Zingiber Officinale (Ginger) Root Extract, Menthoxypropanediol, Honey/Mel/Miel, Aminomethyl Propanol, Camellia Sinensis (Green Tea) Leaf Powder, Acrylates/C10-30 Alkyl Acrylate Crosspolymer, Ethylhexylglycerin, Tocopheryl Acetate, Allantoin, Kaolin, Hexylene Glycol, Buteth-3, Trideceth-10, Benzophenone-4, Sodium Benzotriazolyl Butylphenol Sulfonate, Cocos Nucifera (Coconut) Fruit Extract, Sodium Hyaluronate, Alcohol, Tris(Tetramethylhydroxypiperidinol) Citrate, Fragrance, Coumarin, Linalool, Tetrahexyldecyl Ascorbate, Disodium Edta, Sodium Benzoate, Potassium Sorbate, Phenoxyethanol'),
	('C7069298', 'Vitamin Enriched Face Base Priming Moisturizer', 710205, 644, 3.100000, 12, '47cm L x 59cm W x 59cm H', '-', 'cosmetic', 'BOBBI BROWN', 'Water, Cyclopentasiloxane, Bis-Diglyceryl Polyacyladipate-2, Butylene Glycol, Ppg-2 Myristyl Ether Propionate, Cetyl Alcohol, Peg-40 Stearate, Butyrospermum Parkii (Shea Butter), Squalane, Glyceryl Stearate, Sorbitan Stearate, Epilobium Angustifolium Extract, Yeast Extract/Faex/Extrait De Levure, Beta-Carotene, Sodium Hyaluronate, Citrus Grandis (Grapefruit) Peel Oil, Tocopheryl Acetate, Methyl Glucose Sesquistearate, Pelargonium Graveolens (Geranium) Flower Oil, Dimethicone Crosspolymer, Acrylates/C10-30 Alkyl Acrylate Crosspolymer, Carbomer, Peg-20 Methyl Glucose Sesquistearate, C12-15 Alkyl Ethylhexanoate, Tetrasodium Edta, Sodium Hydroxide, Panthenol, Magnesium Ascorbyl Phosphate, Limonene, Citronellol, Geraniol, Linalool, Chlorphenesin, Phenoxyethanol'),
	('C7113931', 'The Moisturizing Cool Gel Cream', 764706, 1425, 2.300000, 84, '19cm L x 87cm W x 41cm H', '-', 'cosmetic', 'LA MER', 'Visit the La Mer boutique'),
	('C7131637', 'Watermelon Pink Juice Moisturizer', 232349, 1235, 2.100000, 60, '61cm L x 20cm W x 80cm H', '-', 'cosmetic', 'GLOW RECIPE', 'Citrullus Lanatus (Watermelon) Fruit Extract, Citrullus Lanatus (Watermelon) Fruit, Hydrolyzed Wheat Protein, Hydrolyzed Soy Protein, Hydrolyzed Corn Protein, Glutamic Acid (Derived from Fermented Grains), Glycerin, Cetearyl Olivate (Derived from Olive), Sorbitan Olivate (Derived from Olive), Sodium Hyaluronate, Cetyl Alcohol, Cyamopsis Tetragonoloba (Guar) Gum, Xanthan Gum, Apricot Kernel Amino Acid, Alkanna Tinctoria Root Extract, Scutellaria Baicalensis Root Extract, Paeonia Suffruticosa (Peony) Root Extract, Glycyrrhiza Glabra (Licorice) Root Extract, Beta-Glucan, Jasminum Grandiflorum (Jasmine) Flower Wax, Acrylates/C10-30 Alkyl Acrylate Crosspolymer, Brassica Oleracea Capitata (Cabbage) Leaf Extract, Ipomoea Batatas (Sweet Potato) Root Extract, Fragrance.'),
	('C7190080', 'High-Potency Night-a-Mins Oil-Free Resurfacing Cream with Fruit-Derived AHA', 728356, 867, 5.000000, 6, '38cm L x 79cm W x 88cm H', '-', 'cosmetic', 'ORIGINS', '* Essential Oil'),
	('C7194679', 'The Littles', 265562, 830, 2.700000, 92, '28cm L x 55cm W x 71cm H', '-', 'cosmetic', 'DRUNK ELEPHANT', 'Beste No.9 Jelly Cleanser: Water, Sodium Lauroyl Methyl Isethionate, Glycerin, Cocamidopropyl Betaine, Cocamidopropyl Hydroxysultaine, Sodium Methyl Oleoyl Taurate, Propanediol, Aloe Barbadensis Leaf Extract, Coco-Glucoside, Lauryl Glucoside, Cucumis Melo Cantalupensis Fruit Extract, Sclerocarya Birrea Seed Oil, Dipotassium Glycyrrhizate, Citric Acid, Phenoxyethanol, Sodium Benzoate, Sodium Chloride. C-Firma Day Serum: Water, Ethoxydiglycol, Ascorbic Acid, Glycerin, Laureth-23, Lactobacillus/Pumpkin Ferment Extract, Sclerocarya Birrea Seed Oil, Ferulic Acid, Sodium Hyaluronate, Chondrus Crispus Extract, Camellia Sinensis Leaf Extract, Lactobacillus/Punica Granatum Fruit Ferment Extract, Glycyrrhiza Glabra (Licorice) Root Extract, Vitis Vinifera (Grape) Juice Extract, Phyllanthus Emblica Fruit Extract, Hydrolyzed Wheat Protein, Tocopherol, Caprylhydroxamic Acid, Acetyl Glucosamine, Hydrolyzed Quinoa, Glutamylamidoethyl Imidazole, Dipotassium Glycyrrhizate, Tetrahydrodiferuloylmethane, Tetrahydrodemethoxydiferuloylmethane, Tetrahydrobisdemethoxydiferuloylmethane, Sodium Hyaluronate Crosspolymer, Glycine, Sucrose, Maltodextrin, Propanediol, Caprylyl Glycol, Sodium Hydroxide, Xanthan gum, Hydroxyethyl Acrylate/Sodium Acryloyldimethyl Taurate Copolymer, Isohexadecane, Polysorbate 60. B-Hydra Intensive Hydration Serum: Water,Coconut Alkanes, Ammonium Acryloyldimethyltaurate/VP Copolymer, Glycerin, Pentylene Glycol, Sclerocarya Birrea Seed Oil, Wheat Amino Acids, Ananas Sativus (Pineapple) Fruit Extract, Berberis Vulgaris Root Extract, Citrullus Lanatus (Watermelon) Fruit Extract, Lens Esculenta (Lentil) Fruit Extract, Pyrus Malus (Apple) Fruit Extract, Coco-Caprylate/Caprate, Panthenol, Sodium PCA, Sodium Hyaluronate Crosspolymer, Dipotassium Glycyrrhizate, Niacinamide, Cyclodextrin, Sodium Hyaluronate, Sodium Lactate, Phenoxyethanol, Hydroxyproline, Trisodium Ethylenediamine Disuccinate, Citric Acid, Caprylyl Glycol, Chlorphenesin, Ethylhexylglycerin. T.L.C. Framboos Glycolic Night Serum: Water, Glycolic Acid, Butylene Glycol, Glycerin, Sodium Hydroxide, Salicylic Acid, Lactic Acid, Citric Acid, Vitis Vinifera (Grape) Juice Extract, Aloe Barbadensis Leaf Juice, Opuntia Ficus-Indica Extract, Aesculus Hippocastanum (Horse Chestnut) Seed Extract, Camellia Sinensis Leaf Extract, Rubus Idaeus (Raspberry) Fruit Extract, Saccharomyces Cerevisiae Extract, Buddleja Davidii Meristem Cell Culture, Sclerocarya Birrea Seed Oil, Sodium Hyaluronate Crosspolymer, Allantoin, Hydroxyethylcellulose, Galactoarabinan, Propanediol, Disodium EDTA, Xanthan Gum, Hexylene Glycol, Phenoxyethanol, Caprylyl Glycol, Ethylhexylglycerin, Sodium Nitrate, Potassium Sorbate, Pentylene Glycol, Sodium Benzoate. Virgin Marula Luxury Facial Oil: Sclerocarya Birrea Seed OilLala RetroWhipped CreamWater,Glycerin, Caprylic/ Capric Triglyceride, Isopropyl Isostearate, Pseudozyma Epicola/Camellia Sinensis Seed Oil/Glucose/Glycine Soja Meal/Malt Extract/Yeast Extract Ferment Filtrate (Pseudozyma Epicola/Camellia Sinensis Seed Oil/Glucose/Yeast Extract Ferment Filtrate), Stearic Acid, Glyceryl Stearate SE, Cetearyl Alcohol, Pentylene Glycol, Plantago Lanceolata Leaf Extract, Adansonia Digitata Seed Oil, Citrullus Lanatus (Watermelon) Seed Oil, Passiflora Edulis Seed Oil, Schinziophyton Rautanenii Kernel Oil, Sclerocarya Birrea Seed Oil, Polyglyceryl-6 Ximenia Americana Seedate, Sodium Hyaluronate Crosspolymer, Ceteareth-20, Trisodium Ethylenediamine Disuccinate, Sodium Hydroxide, Citric Acid, Carbomer, Xanthan Gum, Caprylyl Glycol, Chlorphenesin, Phenoxyethanol, Ethylhexylglycerin. Umbra Sheer Physical Daily Defense SPF 30: Zinc Oxide 20%, Water, Caprylic/Capric Triglyceride, Dicaprylyl Carbonate, Glycerin,Pentylene Glycol, Steareth-2, Propanediol, Steareth-21, Polyhydroxystearic Acid, Cetearyl Alcohol, Silica, Sclerocarya Birrea Seed Oil, Aloe Barbadensis Leaf Extract, Chondrus Crispus Extract, Haematococcus Pluvialis Extract, Helianthus Annuus (Sunflower) Sprout Extract, Vitis Vinifera (Grape) Juice Extract, Helianthus Annuus (Sunflower) Seed Oil, Simmondsia Chinensis (Jojoba) Seed Oil, Raspberry Seed Oil/Tocopheryl Succinate Aminopropanediol Esters, Hydrolyzed Wheat Protein,Tocopheryl Acetate, Tocopherol, Sea Water, Acetyl Glucosamine, Cetearyl Glucoside, Sodium Stearoyl Glutamate, Tetrahexyldecyl Ascorbate, Glycine, Sucrose, Lecithin, Triethoxycaprylylsilane, Xanthan Gum, Trisodium Ethylenediamine Disuccinate, Caprylhydroxamic Acid, Mica, Caprylyl Glycol, Phenoxyethanol, Titanium Dioxide (CI 77891), Iron Oxides (CI 77491). Shaba Complex Eye Serum: Water, Octyldodecanol, Glycerin, Boron Nitride, Saccharomyces/Xylinum/Black Tea Ferment, Coconut Alkanes, Cetyl Alcohol, Cetearyl Olivate, Sorbitan Olivate, Niacinamide, Copper Tripeptide-1, Leontopodium Alpinum Meristem Cell Culture, Dipeptide-2, Palmitoyl Tripeptide-1, Palmitoyl Tetrapeptide-7, Copper Lysinate/Prolinate, Hesperidin Methyl Chalcone, Chondrus Crispus (Carrageenan), Mangifera Indica (Mango) Seed Butter, Glycine Soja (Soybean) Oil, Hippophae Rhamnoides Oil, Sclerocarya Birrea Seed Oil, Sodium Hyaluronate Crosspolymer, Hydroxyethylcellulose, Coco-Caprylate/Caprate, Steareth-20, Lecithin, Panthenol, N-Hydroxysuccinimide, Ubiquinone, Citric Acid, Thioctic Acid, Tocopherol, Chrysin, Sclerotium Gum, Methylglucoside Phosphate, Xanthan Gum, Potassium Sorbate, Sodium Benzoate, Chlorphenesin, Caprylyl Glycol, Sodium Hydroxide, Phenoxyethanol, Pentylene Glycol, Ethylhexylglycerin.'),
	('C7197339', 'Dr. Andrew Weil For Origins Mega-Mushroom Relief & Resilience Soothing Trea', 459599, 908, 4.300000, 74, '86cm L x 41cm W x 21cm H', '-', 'cosmetic', 'ORIGINS', 'Water, Butylene Glycol, PEG-4, Citrus Aurantium Dulcis (Orange) Oil**, Lavandula Angustifolia (Lavender) Oil**, Pogostemon Cablin (Patchouli) Oil**, Citrus Nobilis (Mandarin Orange) Peel Oil**, Pelargonium Graveolens Flower Oil**, Boswellia Carterii (Olibanum) Oil***, Limonene, Linalool, Citronellol, Geraniol, Ganoderma Lucidum (Reishi Mushroom) Extract, Fuscoporia Obliqua Sclerotium Extract, Cordyceps Sinensis (Mushroom) Extract, Ergothioneine, Camelina Sativa Seed Oil, Lactobacillus Ferment, Hippophae Rhamnoides Extract*, Zingiber Officinale (Ginger) Root Extract*, Curcuma Longa (Turmeric) Root Extract*, Ocimum Sanctum (Holy Basil) Leaf Extract, Helianthus Annuus (Sunflower) Seed Oil*, Silybum Marianum Fruit Extract, Saccharomyces Lysate Extract, Centella Asiatica (Hydrocotyl) Extract, Hypnea Musciformis (Algae) Extract, Caffeine, Sucrose*, Salvia Sclarea (Clary) Extract, Saccharomyces Ferment Filtrate, PEG-40 Hydrogenated Castor Oil, Gellidiella Acerosa Extract, Trideceth-9, Glycerin, Glycereth-26, Polysorbate 20, Sodium Hyaluronate, Tocopheryl Acetate, Maltodextrin, Pentylene Glycol, Sodium Hydroxide, Citric Acid, Potassium Sorbate, Phenoxyethanol.'),
	('C7310671', 'Radiance Drops - Rainforest of the Sea Collection', 975613, 1830, 2.300000, 79, '12cm L x 97cm W x 70cm H', '-', 'cosmetic', 'TARTE', 'Neopentyl Glycol Diheptanoate, Isododecane, Jojoba Esters, Mica, Glyceryl Caprylate, Fragrance, Passiflora Edulis (Passion Fruit) Seed Oil, Jojoba Oil/Macadamia Seed Oil Esters, Limonene, Squalene, Tocopherol, Cocos Nucifera (Coconut) Oil, Phytosteryl Macadamiate, Phytosterols, Algae Extract, Gardenia Taitensis Flower, Titanium Dioxide (CI 77891), Iron Oxides (CI 77491), Carmine (CI 75470).'),
	('C7394924', 'Black Tea Corset Cream Firming Moisturizer', 65138, 640, 3.500000, 53, '38cm L x 64cm W x 32cm H', '-', 'cosmetic', 'FRESH', 'Water, Isononyl Isononanoate, CetearylIsononanoate, Hydrogenated Polyisobutene, Butylene Glycol,Glycerin, Pentylene Glycol, Steareth-21, Jojoba Esters, AlpiniaGalanga Leaf Extract, Algin, Saccharomyces Ferment Filtrate,Camellia Sinensis Leaf Extract, Lycium Chinense Fruit Extract,Rubus Fruticosus (Blackberry) Leaf Extract, Litchi Chinensis SeedExtract, Sorbitan Laurate, Sodium Hyaluronate, Hydroxyethylcellu-lose, Adenosine, Acetyl Dipeptide-1 Cetyl Ester, Tocopheryl Acetate,Tocopherol, Myristyl Myristate, Behenyl Alcohol, Cetyl Alcohol,Stearyl Alcohol, Glyceryl Stearate, Decyloxazolidinone, Dimethicone,Diphenylsiloxy Phenyl Trimethicone, Fragrance, Polyacryl-amide, Acrylates/C10-30 Alkyl Acrylate Crosspolymer, C13-14Isoparaffin, Xanthan Gum, Sorbitol, Tromethamine, Maltodextrin,Dimethicone/Phenyl Vinyl Dimethicone Crosspolymer, Laureth-7,Polyvinyl Alcohol, BHT, Cellulose Gum, Caprylic/CapricTriglyceride, Citric Acid, Sodium Benzoate, Sodium Citrate,Potassium Sorbate, Biotin, Phenoxyethanol, Linalool,Citronellol, Geraniol.'),
	('C7440803', 'Amazonian Clay BB Tinted Moisturizer Broad Spectrum SPF 20 Sunscreen', 708696, 1774, 2.400000, 41, '64cm L x 08cm W x 28cm H', '-', 'cosmetic', 'TARTE', '-Amazonian clay: Provides total balancing for better, longer, truer wear. -Vitamin E: Acts as an anti-inflammatory emollient and protects against free radical damage. -Vitamin A: Powerful antioxidant that minimizes the signs of aging while it supports collagen production and moisture retention in the skin. -Chamomile Extract: Rich in essential oils, this natural plant extract is anti-allergenic and anti-inflammatory, and it has been known to treat and heal dry or damaged skin.'),
	('C7475945', 'Watermelon Glow Sleeping Mask', 148306, 1011, 2.400000, 28, '92cm L x 45cm W x 03cm H', '-', 'cosmetic', 'GLOW RECIPE', 'Water, Sodium Hyaluronate, Glycerin, Caulerpa Lentillifera (Seaweed) Extract, Simethicone, Citrullus Lanatus (Watermelon) Fruit, Silica, Propanediol, Glycolic Acid, Lactic Acid, Cucurbita Pepo (Pumpkin) Fruit Extract, Punica Granatum (Pomegranate) Fruit Extract, Musa Sapientum (Banana) Fruit Extract , Paeonia Suffruticosa (Peony) Root Extract, Glycyrrhiza Glabra (Licorice) Root Extract, Brassica Oleracea Capitata (Cabbage) Leaf Extract, Ipomoea Batatas (Sweet Potato) Root Extract, Betaine, Beta Glucan, Hydroxyethylcellulose, Xanthan Gum, Alcohol, Fragrance.'),
	('C7603137', 'Squalane + Vitamin C Rose Oil', 522199, 1754, 2.700000, 78, '88cm L x 72cm W x 60cm H', '-', 'cosmetic', 'BIOSSANCE', 'Squalane, Pistacia Lentiscus (Mastic) Gum, Rosa Damascena Flower Extract, Tetrahexyldecyl Ascorbate, Caprylic/Capric Triglycerides.'),
	('C7645316', 'Your Skin But Better CC+ Cream Oil-Free Matte with SPF 40', 930070, 892, 2.600000, 82, '51cm L x 84cm W x 75cm H', '-', 'cosmetic', 'IT COSMETICS', 'Water, Dimethicone, Butylene Glycol Dicaprylate/Dicaprate, Butylene Glycol, Titanium Dioxide [Nano], Titanium Dioxide, Zinc Oxide, Cyclopentasiloxane, Dimethicone/Vinyl Dimethicone Crosspolymer, Butyloctyl Salicylate, Cetyl Peg/Ppg-10/1 Dimethicone, Snail Secretion Filtrate, Sodium Chloride, Bis-Diglyceryl Polyacyladipate-2, Aluminum Hydroxide, Stearic Acid, Disteardimonium Hectorite, Sorbitan Isostearate, Polyglyceryl-4 Isostearate, Hexyl Laurate, Triethoxycaprylylsilane, Triethyl Citrate, Ethyl Hexanediol, Sodium Benzoate, Potassium Sorbate, Polymethylsilsesquioxane, Tocopheryl Acetate, Phenoxyethanol, Disodium Edta, Canadian Colloidal Clay, Moroccan Lava Clay, Avena Sativa Kernel Extract, Oat Kernel Extract, Glycerin, Niacinamide, Curcuma Longa Root Extract, Turmeric Root Extract, Sulfur, Cholesterol, Anthemis Nobilis Flower Water, Perfluorohexane, Persea Gratissima Fruit Extract, Avocado Fruit Extract, Maltodextrin, 1,2-Hexanediol, Vitis Vinifera Seed Extract, Grape Seed Extract, Camellia Sinensis Leaf Extract, Salix Alba Bark Extract, Willow Bark Extract, Magnolia Kobus Bark Extract, Chrysanthemum Indicum Flower Extract, Pentaerythrityl Tetra-Di-T-Butyl Hydroxyhydrocinnamate, Glycine Soja Sprout Extract, Soybean Sprout Extract, Perfluorodecalin, Serica Extract, Silk Extract, Hydrolyzed Silk, Aloe Barbadensis Leaf Extract, Perfluoromethylcyclopentane, Citric Acid, Olea Europaea (Olive) Leaf Extract, Artemisia Princeps Leaf Extract, Cinnamomum Cassia Bark Extract, Pueraria Lobata Root Extract, Diospyros Kaki Leaf Extract, Morus Alba Fruit Extract, Steareth-20, Melaleuca Alternifolia Flower/Leaf/Stem Extract - Tea Tree Flower/Leaf/Stem Extract, Punica Granatum Fruit Juice, Hydrolyzed Collagen, Ethylhexylglycerin, Charcoal Powder, Lactobacillus/Honeysuckle Flower/Licorice Root/Morus Alba Root/Pueraria Lobata Root/Schisandra Chinensis Fruit/Scutellaria Baicalensis Root/Sophora Japonica Flower Extract Ferment Filtrate, Chlorhexidine Digluconate, N-Hydroxysuccinimide, Palmitoyl Tripeptide-1, Hydrolyzed Hyaluronic Acid, Chrysin, Palmitoyl Tetrapeptide-7, [+/- May Contain: Ci 77491, Ci 77492, Ci 77499, Iron Oxides, Ci 77891, Titanium Dioxide].'),
	('C7898319', 'Premium Beauty Balm SPF 45', 981713, 1014, 4.400000, 60, '77cm L x 56cm W x 01cm H', '-', 'cosmetic', 'DR. JART+', '#NAME?'),
	('C7898395', 'Dramatically Different Moisturizing Gel', 739620, 1252, 4.800000, 48, '02cm L x 40cm W x 14cm H', '-', 'cosmetic', 'CLINIQUE', 'Water , Dimethicone , Isododecane , Butylene Glycol , Bis-Peg-18 Methyl Ether Dimethyl Silane , Glycerin , Laminaria Saccharina Extract , Polygonum Cuspidatum Root Extract , Saccharomyces Lysate Extract , Cucumis Sativus (Cucumber) Fruit Extract , Hordeum Vulgare (Barley) Extract/Extrait D\'Orge , Helianthus Annuus (Sunflower) Seedcake , Caffeine , Trehalose , Sodium Hyaluronate , Tocopheryl Acetate , Chamomilla Recutita (Matricaria) , Polysilicone-11 , Silica , Propylene Glycol Dicaprate , Oleth-10 , Lactobacillus Ferment , Laureth-23 , Laureth-4 , Ammonium Acryloyldimethyltaurate/Vp Copolymer , Carbomer , Caprylyl Glycol , Hexylene Glycol , Tromethamine , Disodium Edta , Phenoxyethanol , Potassium Sorbate , Yellow 5 (Ci 19140) , Red 4 (Ci 14700) , Yellow 6 (Ci 15985)'),
	('C8058755', 'BB Cushion Hydra Radiance SPF 50', 434629, 1234, 4.800000, 28, '30cm L x 66cm W x 62cm H', '-', 'cosmetic', 'LANEIGE', 'Water, Cyclopentasiloxane, Zinc Oxide (CI 77947), Ethylhexyl Methoxycinnamate, PEG-10 Dimethicone, Cyclohexasiloxane, Phenyl Trimethicone, Iron Oxides (CI 77492), Butylene Glycol Dicaprylate/Dicaprate, Niacinamide, Lauryl PEG-9 Polydimethylsiloxyethyl Dimethicone, Acrylates/Ethylhexyl Acrylate/Dimethicone Methacrylate Copolymer, Titanium Dioxide (CI 77891 , Iron Oxides (CI 77491), Butylene Glycol, Sodium Chloride, Iron Oxides (CI 77499), Aluminum Hydroxide, HDI/Trimethylol Hexyllactone Crosspolymer, Stearic Acid, Methyl Methacrylate Crosspolymer, Triethoxycaprylylsilane, Phenoxyethanol, Fragrance, Disteardimonium Hectorite, Caprylyl Glycol, Yeast Extract, Acrylates/Stearyl Acrylate/Dimethicone Methacrylate Copolymer, Dimethicone, Trimethylsiloxysilicate, Polysorbate 80, Disodium EDTA, Hydrogenated Lecithin, Dimethicone/Vinyl Dimethicone Crosspolymer, Mica (CI 77019), Silica, 1,2-Hexanediol, Polypropylsilsesquioxane, Chenopodium Quinoa Seed Extract, Magnesium Sulfate, Calcium Chloride, Camellia Sinensis Leaf Extract, Manganese Sulfate, Zinc Sulfate, Ascorbyl Glucoside.'),
	('C8079903', 'Protini Polypeptide Cream', 340261, 1154, 3.300000, 54, '28cm L x 08cm W x 80cm H', '-', 'cosmetic', 'DRUNK ELEPHANT', 'Water, Dicaprylyl Carbonate, Glycerin, Cetearyl Alcohol, Cetearyl Olivate, Sorbitan Olivate, Sclerocarya Birrea Seed Oil, Bacillus/Soybean/ Folic Acid Ferment Extract, Nymphaea Alba Root Extract, sh-Oligopeptide-1, sh-Oligopeptide-2, sh-Polypeptide-1, sh-Polypeptide-9, sh-Polypeptide-11, Copper Palmitoyl Heptapeptide-14, Heptapeptide-15 Palmitate, Palmitoyl Tetrapeptide-7, Palmitoyl Tripeptide-1, Alanine, Arginine, Glycine, Histidine, Isoleucine, Phenylalanine, Proline, Serine, Threonine, Valine, Acetyl Glutamine, Coconut Alkanes , Coco-Caprylate/Caprate, Sodium Hyaluronate, Aspartic Acid, Linoleic Acid, Linolenic Acid, Lecithin, Butylene Glycol, Polyvinyl Alcohol, Sodium Lactate, Sodium PCA, PCA, Sorbitan Isostearate, Carbomer, Polysorbate 20, Polysorbate 60, Lactic Acid/Glycolic Acid Copolymer, Hydroxyethyl Acrylate/Sodium Acryloyldimethyl Taurate Copolymer, Xanthan Gum, Isomalt, 1,2-Hexanediol, Caprylyl Glycol, Chlorphenesin, Phenoxyethanol, Tocopherol, Sodium Benzoate, Phenylpropanol, Glyceryl Caprylate, Symphytum Officinale Callus Culture Extract.'),
	('C8174704', 'Benefiance WrinkleResist24 Day Cream Broad Spectrum SPF 18', 685300, 1858, 2.800000, 78, '23cm L x 50cm W x 87cm H', '-', 'cosmetic', 'SHISEIDO', 'Water, Glycerin, Dipropylene Glycol, Butylene Glycol, Phenyl Trimethicone, Hydrogenated Polydecene, Sorbitol, Myristyl Myristate, Dimethicone, Sd Alcohol 40-B, Polybutylene Glycol/Ppg-9/1 Copolymer, Petrolatum, Stearyl Alcohol, Stearic Acid, Silica, Bentonite, Palmitic Acid, Xanthan Gum, Peg/Ppg-17/4 Dimethyl Ether, Phytosteryl Macadamiate, Tocopheryl Acetate, Sapindus Mukurossi Peel Extract, Uncaria Gambir Extract, Sodium Acetylated Hyaluronate, Hydroxyproline, Thymus Serpillum Extract, Chlorella Vulgaris Extract, Peg-5 Glyceryl Stearate, Glyceryl Stearate Se, Trisodium Edta, Potassium Hydroxide, Sodium Metaphosphate, Ammonium Acryloyldimethyltaurate/Vp Copolymer, Alcohol, Sodium Metabisulfite, Bht, Tocopherol, Phenoxyethanol, Fragrance, Iron Oxides.'),
	('C8277473', 'Rose Floral Toner', 845481, 1458, 2.800000, 88, '75cm L x 36cm W x 69cm H', '-', 'cosmetic', 'FRESH', 'Water, Glycerin, Pentylene Glycol, Rosa Dama-scena Flower Water, Anthemis NobilisFlower Oil, Sodium Citrate, CitricAcid, Citronellol, Geraniol, Pheno-xyethanol.'),
	('C8787709', 'Luna Sleeping Night Oil', 835383, 1101, 3.200000, 26, '70cm L x 37cm W x 98cm H', '-', 'cosmetic', 'SUNDAY RILEY', 'Persea Gratissima (Extra Virgin, Cold Pressed Avocado) Oil, Vitis Vinifera (Organic, Cold Pressed Concord Grape) Seed Oil, Rubus Fruticosus (Cold Pressed Blackberry) Seed Oil, Salvia Hispanica (Cold Pressed Chia) Oil, Dimethyl Isosorbide (and) Hydroxypinacolone Retinoate, Chamomilla Recutita (Matricaria) Flower Oil, Tanecetum annuum (Blue Tansy) oil, Anthemis nobilis (English Chamomile) oil, Eriocephalus punctulatus (Cape Chamomile) oil, Citrus Aurantium Amara (Neroli) Oil, Citrus Aurantium Dulcis (Blood Orange) oil, Cananga Odorata Flower (Ylang Ylang) Oil, Vetivera zizanoides (Vetiver) oil, Helianthus Annuus (Sunflower) Seed Oil (and) Rosmarinus officinalis (Rosemary) Leaf Extract, CI 61565 (Green 6), CI 60725 (Violet 2).'),
	('C8826431', 'U.F.O. Ultra-Clarifying Face Oil', 819125, 1715, 3.000000, 15, '17cm L x 64cm W x 02cm H', '-', 'cosmetic', 'SUNDAY RILEY', 'Silybum Marianum (Milk Thistle) Seed Oil, Nigella Sativa (Black Cumin) Seed Oil, Cucumis Sativus (Cucumber) Seed Oil, Diisopropyl Sebacate, Punica Granatum (Pomegranate) Seed Oil, Vaccinium Macrocarpon (Cranberry) Seed Oil, Dimethyl Isosorbide, Linum Usitatissimum (Flax) Seed Oil, Caprylic/Capric Triglycerides, Ethyl Linoleate, Hexylresorcinol, Glycyrrhiza Glabra (Licorice) Root Extract, Salicylic Acid, Prunus Armeniaca (Apricot) Kernel Oil, Chamomilla Recutita Flower Oil, Citrus Aurantium Amara (Neroli) Flower Oil, Melaleuca Alternifolia (Tea Tree) Leaf Oil, Helianthus Annuus Seed Oil, Rosmarinus Officinalis (Rosemary) Leaf Extract, Citrus Paradisii (Grapefruit) Peel Oil, Melia Azadirachta (Neem) Leaf Extract, Melia Azadirachta (Neem) Flower Extract, Coccinia Indica Fruit Extract, Amino Esters-1, Amber Leaf Extract, Solanum Melongena (Eggplant) Fruit Extract, Aloe Barbadensis Flower Extract, Lawsonia Inermis (Henna) Extract, Ocimum Sanctum Leaf Extract, Ocimum Basilicum (Basil) Leaf Extract, Curcuma Longa (Turmeric) Root Extract, Corallina Officinalis Extract, Simmondsia Chinensis (Jojoba) Seed Oil, Pearl Powder, Moringa Pterygosperma Seed Oil.'),
	('C8864080', 'Lotus Youth Preserve Moisturizer', 798082, 1834, 4.100000, 23, '65cm L x 67cm W x 99cm H', '-', 'cosmetic', 'FRESH', 'Water, Glycerin, Propylene Glycol Dicaprylate/Dicaprate, Pentylene Glycol, Cetearyl Alcohol, Caprylic/Capric Triglyceride, Cetearyl Isononanoate, Betaine, Polymethyl Methacrylate, Steareth-21, Ficus Carica (Fig) Fruit Extract, Lepidium Meyenii Root Extract, Citrus Limon (Lemon) Peel Oil, Cucumis Sativus (Cucumber) Fruit Extract, Algae Extract, Nelumbo Nucifera Flower Extract, Hibiscus Esculentus Fruit Extract, Sodium Hyaluronate, Tocopheryl Acetate, Ascorbyl Tetraisopalmitate, Tocopherol, Behenyl Alcohol, Cetearyl Glucoside, Sorbitol, Dimethicone, Sodium PCA, Caprylyl Glycol, Carbomer, Tromethamine, Cetyl Alcohol, Stearyl Alcohol, Butylene Glycol, Xanthan Gum, Caramel, Citric Acid, Potassium Sorbate, Sorbic Acid, Phenoxyethanol, Limonene, Citral.'),
	('C9095620', 'Cicapair  Tiger Grass Color Correcting Treatment SPF 30', 408862, 543, 3.200000, 92, '75cm L x 61cm W x 21cm H', '-', 'cosmetic', 'DR. JART+', 'Water, Centella Asiatica Leaf Water, Isononyl Isononanoate, Cyclopentasiloxane, Butylene Glycol, Dimethicone, Phenyl Trimethicone, Methyl Methacrylate Crosspolymer, Beeswax/Cire D\'abeille, Glycerin, Diethylhexyl Carbonate, Polyglyceryl-3 Polyricinoleate, Niacinamide, Polymethylsilsesquioxane, Cyclohexasiloxane, Pan-Thenol, Diglycerin, Iron Oxides, Polyglyceryl-4 Diisostearate/Polyhydroxystearate/Sebacate, Dimethicone/Vinyl Dimethi- Cone Crosspolymer, Isododecane, Ethylene/Methacrylate Copolymer, Cetearyl Alcohol, Polyglyceryl-2 Triisostearate, Aluminum Hydroxide, Stearic Acid, Disteardimonium Hectorite, Acrylates/Ammonium Methacrylate Copolymer, Sclerotium Gum, Sodium Benzoate, Acrylates/Dimethicone Copolymer, Hydrogen Dimethicone, Chromium Oxide Greens, Triethyl Citrate, Potassium Sorbate, Fragaria Vesca (Strawberry) Leaf Extract, Disodium EDTA, BHT, Alcohol, Asiaticoside, Aden- Osine, Triethoxycaprylylsilane, Lavandula Angustifolia (Lavender) Oil, Boron Nitride, Asiatic Acid, Madecassic Acid, Citrus Grandis (Grapefruit) Peel Oil, Rosmarinus Officinalis (Rosemary) Leaf Oil, 1,2- Hexanediol, Anthemis Nobilis Flower Oil, Houttuynia Cordata Extract, Propanediol, Centella Asiatica Extract, Gentiana Lutea Root Extract, Artemisia Absinthium Extract, Achillea Millefolium Extract, Arnica Montana Flower Extract, Polysorbate 20, Aniba Rosodora (Rosewood) Wood Oil, Sodium Glycerophosphate, Selaginella Lepidophylla Extract, Potassium Magnesium Aspartate, Citric Acid, Calcium Gluconate, Madecassoside, Magnesium Gluconate, Centella Asiatica Meristem Cell Culture, Xanthan Gum, Titanium Dioxide, Zinc Oxide.'),
	('C9123993', 'Ultra Repair Cream Intense Hydration', 348554, 1015, 3.200000, 71, '56cm L x 55cm W x 28cm H', '-', 'cosmetic', 'FIRST AID BEAUTY', 'Water, Stearic Acid, Glycerin, C12-15 Alkyl Benzoate, Caprylic/Capric Triglyceride, Glyceryl Stearate Se, Glyceryl Stearate, Cetearyl Alcohol, Butyrospermum Parkii Butter, Dimethicone, Squalane, Allantoin, Camellia Sinensis Leaf Extract, Caprylyl Glycol, Ceramide 3, Chrysanthemum Parthenium Extract, Colloidal Oatmeal, Disodium EDTA, Eucalyptus Globulus Leaf Oil, Glycyrrhiza Glabra Root Extract, Sodium Hydroxide, Xanthan Gum, Phenoxyethanol.'),
	('C9133220', 'Camera Ready BB Cream SPF 35', 343528, 797, 3.800000, 86, '42cm L x 59cm W x 33cm H', '-', 'cosmetic', 'SMASHBOX', 'Water, Dimethicone, Butylene Glycol, Phenyl Trimethicone, Pentylene Glycol, Glyceryl Stearate, Behenyl Alcohol, Trioctyldodecyl Citrate, Polymethylsilsesquioxane, Octyldodecyl Stearoyl Stearate, PEG-40 Stearate, Polyglyceryl-10 Pentastearate, Ammonium Acryloyldimethyltaurate/VP Copolymer, Triticum Vulgare (Wheat) Germ Extract, Hordeum Vulgare (Barley) Extract, Cucumis Sativus (Cucumber) Fruit Extract, Laminaria Saccharina Extract, Pyrus Malus (Apple) Fruit Extract, Scutellaria Baicalensis Root Extract, Polyquaternium-51, Acetyl Hexapeptide-8, Trehalose, Oryzanol, Octyldodecyl Neopentanoate, Urea, Polyglyceryl-6 Polyricinoleate, Propylene Glycol Laurate, Glycyrrhetinic Acid, Tocopheryl Acetate, Sucrose, Glycerin, Sodium Stearoyl Lactylate, Caffeine, Linoleic Acid, Cholesterol, Lecithin, Squalane, Sodium PCA, Isopropyl Titanium Triisostearate, Propylene Glycol Stearate, Stearic Acid, Polysorbate 20, Sorbitan Laurate, Xanthan Gum, Aluminum Hydroxide, Sodium Hyaluronate, Silica, Disodium EDTA, Pentaerythrityl Tetra-Di-T-Butyl Hydroxyhydrocinnamate, Sodium Dehydroacetate, Chlorphenesin, Phenoxyethanol. May Contain (+/-): Titanium Dioxide (Ci 77891), Zinc Oxide (Ci 77947), Iron Oxides (Ci 77491, Ci 77492, Ci 77499), Mica.'),
	('C9162549', 'Pink Cloud Rosewater Moisture Crme', 656486, 790, 4.200000, 100, '45cm L x 94cm W x 41cm H', '-', 'cosmetic', 'HERBIVORE', 'Water, Aloe Barbadensis (Aloe Vera) Leaf Juice, Helianthus Annuus (Sunflower) Seed Oil, Isoamyl Laurate, Rosa Damascena (Rose) Flower Water, Glyceryl Stearate Citrate, Cetearyl Alcohol, Glyceryl Caprylate, Populus Tremuloides (Aspen) Bark Extract, Aleurites Moluccana (Kukui) Nut Oil, Propanediol, Myrothamnus Flabellifolia Extract, Ascorbic Acid, Citric Acid, Glycerin, Cetearyl Alcohol, Cocos Nucifera (Coconut) Extract, Butyrospermum Parkii (Shea) Nut Butter, Oryza Sativa (Rice) Seed Extract, Camellia Sinensis (White Tea) Leaf Extract, Sodium Hyaluronate, Melia Azadirachta Flower Extract, Corallina Officinalis Extract, Coccinia Indica Fruit Extract, Melia Azadirachta Leaf Extract, Solanum Melongena (Eggplant) Fruit Extract, Aloe Barbadensis Flower Extract, Ocimum Sanctum Leaf Extract, Curcuma Longa (Turmeric) Root Extract, Rosmarinus Officinalis (Rosemary) Leaf Extract, Sclerotium Gum, Rosa Damascena (Rose) Flower Oil, Xanthan Gum, Sodium Phytate, Alcohol, Sodium Anisate.'),
	('C9178263', 'Double-Duty Face Moisturizer Broad Spectrum SPF 20', 592862, 1984, 2.000000, 28, '04cm L x 12cm W x 22cm H', '-', 'cosmetic', 'JACK BLACK', 'Visit the Jack Black boutique'),
	('C9186907', 'Bio-Performance Advanced Super Revitalizing Cream', 599144, 1255, 3.400000, 86, '97cm L x 93cm W x 25cm H', '-', 'cosmetic', 'SHISEIDO', 'Water, Glycerin, Cyclomethicone, Butylene Glycol, Dimethicone, Cetyl Octanoate, Squalane, Dimethicone Copolyol, Disteardimonium Hectorite, Hydrogenated C6-14 Olefin Polymers, PEG-150, Mortierella Oil, Phytosteryl Macadamiate, Tocopheryl Acetate, Stearyl Glycyrrhetinate, Arginine HCI, PEG-60 Hydrogenated Castor Oil, Sodium Glutamate, Disodium Adenosine Triphosphate, Saccharomyces Lysate Extract, Sodium Acetylated Hyaluronate, Rosa Roxburghii Extract, Octyl Methoxycinnamate, Agar, Sodium Hexametaphosphate, Trisodium EDTA, Tocopherol, BHT, Ethylparaben, Butylparaben, Methylparaben, Fragrance, Iron Oxides.'),
	('C9232974', 'Water Sleeping Mask', 494591, 507, 3.900000, 77, '96cm L x 98cm W x 79cm H', '-', 'cosmetic', 'LANEIGE', 'Water, Butylene Glycol, Cyclopentasiloxane, Glycerin, Cyclohexasiloxane, Trehalose, Sodium Hyaluronate, Oenothera Biennis (Evening Primrose) Root Extract, Prunus Armeniaca (Apricot) Fruit Extract, Beta-Glucan, Chenopodium Quinoa Seed Extract, Ascorbyl Glucoside, Magnesium Sulfate, Zinc Sulfate, Manganese Sulfate, Calcium Chloride, Potassium Alginate, Ammonium Acryloyldimethyltaurate, VP Copolymer, Polysorbate 20, Dimethicone, Dimethiconol, Dimethicone, Vinyl Dimethicone Crosspolymer, Propanediol, Ethylhexylglycerin, Stearyl Behenate, Polyglyceryl-3 Methylglucose Distearate, Hydroxypropyl Bispalmitamide MEA, Inulin Lauryl Carbamate, Alcohol, 1,2-Hexanediol, Caprylyl Glycol, Carbomer, Tromethamine, Disodium EDTA, Phenoxyethanol, Fragrance, Blue 1 (Ci 42090).'),
	('C9340847', 'Moisture Surge Intense Skin Fortifying Hydrator', 389427, 710, 3.500000, 31, '74cm L x 83cm W x 30cm H', '-', 'cosmetic', 'CLINIQUE', 'Water , Cyclopentasiloxane , Glycerin , Butylene Glycol , Dimethicone , Cetyl Ethylhexanoate , Squalane , Disteardimonium Hectorite , Peg/Ppg-18/18 Dimethicone , Lauryl Peg-9 Polydimethylsiloxyethyl Dimethicone , Ahnfeltia Concinna Extract , Olea Europaea (Olive) Fruit Extract , Caffeine , Whey Protein/Lactis Protein/Proteine Du Petit-Lait , Cholesterol , Sodium Hyaluronate , Petrolatum , Peg-150 , Sucrose , Pyridoxine Dipalmitate , Linoleic Acid , Tocopheryl Acetate , Citric Acid , Polysilicone-11 , Propylene Carbonate , Glyceryl Polymethacrylate , Peg-8 , Aloe Barbadensis Leaf Extract , Triticum Vulgare (Wheat) Bran Extract , Pentaerythrityl Tetra-Di-T-Butyl Hydroxyhydrocinnamate , Palmitoyl Hexapeptide-12 , Sodium Citrate , Sodium Hexametaphosphate , Chlorphenesin , Phenoxyethanol'),
	('C9348699', 'Facial Treatment Essence', 229747, 892, 4.400000, 63, '43cm L x 22cm W x 71cm H', '-', 'cosmetic', 'SK-II', 'Galactomyces Ferment Filtrate (Pitera), Butylene Glycol, Pentylene Glycol, Water, Sodium Benzoate, Methylparaben, Sorbic Acid.'),
	('C9348778', 'Eudermine Revitalizing Essence', 283060, 1255, 4.900000, 97, '94cm L x 28cm W x 48cm H', '-', 'cosmetic', 'SHISEIDO', 'Visit the Shiseido boutique'),
	('C9353155', 'Juno Antioxidant + Superfood Face Oil', 511399, 1862, 2.500000, 55, '71cm L x 13cm W x 31cm H', '-', 'cosmetic', 'SUNDAY RILEY', 'Rubus Fruticosus (Cold Pressed Blackberry) Seed Oil, Vaccinium Corymbosum (Cold Pressed Blueberry) Seed Oil, Vitis Vinifera (Cold Pressed Chardonnay Grape Seed Oil) Seed Oil, Vaccinium Macrocarpon (Cold Pressed Cranberry) Seed Oil, Rubus Idaeus (Cold Pressed Red Raspberry) Seed Oil, Daucus Carota Sativa (Cold Pressed Wild Carrot) Seed Oil, Nigella Sativa (Cold Pressed Black Cumin) Seed Oil, Brassica Oleracea Italic (Cold Pressed Broccoli) Seed Oil, Limnanthes Alba (Meadowfoam) Seed Oil.'),
	('C9362290', 'Micro Essence Skin Activating Treatment Lotion', 867452, 1183, 4.600000, 81, '87cm L x 49cm W x 99cm H', '-', 'cosmetic', 'ESTE LAUD', 'Micro Essence Skin Act Treat Lot Division: El (Estee Lauder)Ingredients: Water , Bifida Ferment Lysate , Peg-75 , Propanediol , Butylene Glycol , Betaine , Pentylene Glycol , Lactobacillus Ferment , Acetyl Hexapeptide-8 , Acetyl Glucosamine , Trehalose , Caffeine , Sodium Hyaluronate , Anthemis Nobilis (Chamomile) , Caprylyl Glycol , Carbomer , Ppg-5-Ceteth-20 , Citric Acid , Potassium Sorbate , Sodium Citrate , Tromethamine , Disodium Edta , Phenoxyethanol'),
	('C9379571', 'Your Skin But Better CC+ Cream with SPF 50+', 200273, 1854, 2.300000, 85, '48cm L x 94cm W x 20cm H', '-', 'cosmetic', 'IT COSMETICS', 'Water, Snail Secretion Filtrate, Phenyl Trimethicone, Dimethicone, Butylene Glycol, Butylene Glycol Dicaprylate/Dicaprate, Orbignya Oleifera Seed Oil, Butyloctyl Salicylate, Cetyl Peg/Ppg-10/1 Dimethicone, Cyclopentasiloxane, Cyclohexasiloxane, Magnesium Sulfate, Polyglyceryl-4 Isostearate, Dimethicone/Vinyl Dimethicone Crosspolymer, Aluminum Hydroxide, Hexyl Laurate, Stearic Acid, Calcium Stearate, Caprylyl Glycol, Triethoxycaprylylsilane, Ethylhexylglycerin, Citrus Medica Limonum (Lemon) Peel Oil, Tocopheryl Acetate, Sorbitan Isostearate, Phenoxyethanol, Citrus Aurantium Bergamia (Bergamot) Fruit Oil, 1,2-Hexanediol, Disodium Edta, Citrus Aurantium Dulcis (Orange) Peel Oil, Citrus Aurantifolia (Lime) Oil, Vitis Vinifera (Grape) Seed Oil, Punica Granatum Seed Oil, Pinus Sylvestris Leaf Oil, Persea Gratissima (Avocado) Oil, Niacinamide, Citrus Grandis (Grapefruit) Peel Oil, Cholesterol, Anthemis Nobilis Flower Water, Lactobacillus/Honeysuckle Flower/Licorice Root/Morus Alba Root/Pueraria Lobata Root/Schizandra Chinensis Fruit/Scutellaria Baicalensis Root/Sophora Japonica Flower Extract Ferment Filtrate, Perfluorohexane, Olea Europaea (Olive) Leaf Extract, Glycerin, Eucalyptus Globulus Leaf Oil, Camellia Sinensis Leaf Extract, Chrysanthemum Indicum Flower Extract, Pueraria Lobata Root Extract, Perfluorodecalin, Morus Alba Fruit Extract, Magnolia Kobus Bark Extract, Glycine Soja (Soybean) Sprout Extract, Diospyros Kaki Leaf Extract, Cinnamomum Cassia Bark Extract, Artemisia Princeps Leaf Extract, Pentafluoropropane, Curcuma Longa (Turmeric) Root Extract, Steareth-20, Hydrolyzed Hyaluronic Acid, Colloidal Oatmeal, Hydrolyzed Silk, Citric Acid, Sodium Benzoate, Potassium Sorbate, Aloe Barbadensis Leaf Extract, N-Hydroxysuccinimide, Hydrolyzed Collagen, Caprylhydroxamic Acid, Tocopherol, Thiamine Hcl, Riboflavin, Retinyl Palmitate, Pantothenic Acid, Palmitoyl Oligopeptide, Niacin, Folic Acid, Chrysin, Carnitine Hcl, Biotin, Ascorbic Acid, Palmitoyl Tetrapeptide-7, Chlorhexidine Digluconate. May Contain: Iron Oxides (Ci 77492, Ci 77491, Ci 77499).'),
	('C9416571', 'Unicorn Essence Antioxidant Primer Serum', 322018, 793, 4.300000, 46, '46cm L x 04cm W x 31cm H', '-', 'cosmetic', 'FARSLI', 'Water, Propanediol, Glycerin, Polysorbate 20, Glyceryl Polyacrylate, Euterpe Oleracea (Aa) Fruit Extract, Vaccinium Angustifolium (Blueberry) Fruit Extract, Lycium Barbarum (Goji) Fruit Extract, Sambucus Nigra (Elder Berry) Fruit Extract, Tamarindus Indica Seed Polysaccharide, Phenoxyethanol, Ethylhexylglycerin, Hydroxyethyl Acrylate/Sodium Acryloyldimethyl Taurate Copolymer, Vanilla Planifolia Fruit Extract, Citrus Aurantium Bergamia (Bergamot) Fruit Oil, Citrus Paradisi (Grapefruit) Peel Oil, Red 33, Red 4, Blue 1, Mica, Titanium Dioxide.'),
	('C9450793', 'Hello FAB Coconut Skin Smoothie Priming Moisturizer', 954872, 1751, 3.700000, 75, '53cm L x 13cm W x 24cm H', '-', 'cosmetic', 'FIRST AID BEAUTY', 'Cocos Nucifera (Coconut) Fruit Juice, Glucose, C12-15 Alkyl Benzoate, Maltodextrin, Water, Cyclopentasiloxane, Butylene Glycol, Glycerin, Caprylic/Capric Triglyceride, Mica, Sodium Acrylate/Sodium Acryloyldimethyl Taurate Copolymer, Cocos Nucifera (Coconut) Fruit Extract, Selaginella Lepidophylla Extract, Prunus Armeniaca (Apricot) Fruit Extract, Pyrus Malus (Apple) Fruit Extract, Vanilla Planifolia Fruit Extract, Hydrolyzed Quinoa, Coffea Arabica (Coffee) Seed Extract, Dipteryx Odorata Seed Extract, Saccharomyces/Copper Ferment, Saccharomyces/Iron Ferment, Saccharomyces/Magnesium Ferment, Saccharomyces/Silicon Ferment, Saccharomyces/Zinc Ferment, Camellia Sinensis Leaf Extract, Chrysanthemum Parthenium (Feverfew) Extract, Glycyrrhiza Glabra (Licorice) Root Extract, Ethylhexylglycerin, Sorbitan Oleate, Dimethicone Crosspolymer, Isohexadecane, Acrylates/C10-30 Alkyl Acrylate Crosspolymer, Polysorbate 80, Lactobacillus Ferment, Leuconostoc/Radish Root Ferment Filtrate, Phenoxyethanol, Disodium EDTA, Tin Oxide, Benzyl Alcohol, Potassium Sorbate, Sodium Benzoate, Sodium Hydroxide, CI 77891 (Titanium Dioxide), CI 77491 (Iron Oxides).'),
	('C9455819', 'Luminous Dewy Skin Mist', 759829, 1042, 3.400000, 62, '49cm L x 81cm W x 42cm H', '-', 'cosmetic', 'TATCHA', 'Water, Glycerin, Squalane (Olive Origin), Cyclopentasiloxane, Propanediol, Triethylhexanoin, Camellia Japonica Seed Oil, Inositol (Rice Extract), Algae Extract, Sericin (Silk Extract), Glycyrrhiza glabra (Licorice) Root Extract, Oryza Sativa (Rice) Germ Oil, Camellia Sinensis (Green Tea) Leaf Extract, Chondrus Crispus (Red algae) Extract, Panax Ginseng Root Extract, Royal Jelly Extract, Zizyphus Jujuba Fruit Extract, Thymus Serpillum (Thyme) Extract, Scutellaria Baicalensis Root Extract, Polyglyceryl-2 diisostearate, Ppg-5-Ceteth-10 Phosphate, Trideceth-12, Sodiumlauroyl Lactylate, Sorbitan Stearate, Ethylhexylglycerin, Behenyl Alcohol, Glyceryl Stearate Se, Fragrance, Sodium Hyaluronate, Alcohol, Phenoxyethanol.'),
	('C9503884', 'Luminous Dewy Skin Night Concentrate', 549988, 1663, 2.700000, 47, '07cm L x 37cm W x 10cm H', '-', 'cosmetic', 'TATCHA', 'Water, Glycerin, Propanediol, Squalane, Cyclopentasiloxane, Triethylhexanoin, Panax Ginseng Root Extract, Origanum Majorana Leaf Extract, Ziziphus Jujuba Fruit Extract, Thymus Serpyllum Extract, Royal Jelly Extract, Stearyl Glycyrrhetinate, Camellia Sinensis Leaf Extract, Algae Extract, Scutellaria Baicalensis Root Extract, Oryza Sativa (Rice) Germ Oil, Camellia Japonica Seed Oil, Sericin, Inositol, Glyceryl Stearate Se, Polyglyceryl-2 Diisostearate, Ppg-5-Ceteth-10 Phosphate, Sodium Lauroyl Lactylate, Sorbitan Stearate, Trideceth-12, Ethylhexylglycerin, Peg-240/Hdi Copolymer Bis-Decyltetradeceth-20 Ether, Butylene Glycol, Behenyl Alcohol, Parfum/Fragrance, Alcohol, Phenoxyethanol.'),
	('C9597072', 'Beauty Elixir', 523084, 710, 2.600000, 94, '77cm L x 74cm W x 01cm H', '-', 'cosmetic', 'CAUDALIE', 'Water, Alcohol*, Citrus Aurantium Amara (Bitter Orange) Flower Water*, Parfum (Fragrance)*, Rosmarinus Officinalis (Rosemary) Leaf Oil*, Potassium Alum, Glycerin*, Mentha Piperita (Peppermint) Oil*, Styrax Tonkinensis Resin Extract*, Commiphora Myrrha Resin Extract*, Melissa Officinalis (Balm Mint) Leaf Oil*, Rosa Damascena Flower Oil*, Vitis Vinifera (Grape) Fruit Extract*, Tocopherol*, Citral*, Limonene*, Linalool*, Citronellol*, Geraniol*, Farnesol*, Benzyl Benzoate*, Eugenol*. *Plant origin.'),
	('C9782508', 'The Concentrate Mini', 243558, 1414, 5.000000, 52, '65cm L x 54cm W x 72cm H', '-', 'cosmetic', 'LA MER', 'Cyclopentasiloxane, Algae (Seaweed) Extract, Glycerin, Dimethicone, Polysilicone-11, Isononyl Isononanoate, Dimethicone/Peg-10/15 Crosspolymer, Sesamum Indicum (Sesame) Seed Oil, Medicago Sativa (Alfalfa) Seed Powder, Helianthus Annuus (Sunflower) Seedcake, Prunus Amygdalus Dulcis (Sweet Almond) Seed Meal, Eucalyptus Globulus (Eucalyptus) Leaf Oil, Sodium Gluconate, Copper Gluconate, Calcium Gluconate, Magnesium Gluconate, Zinc Gluconate, Tocopheryl Succinate, Niacin, Sesamum Indicum (Sesame) Seed Powder, Water, Dimethicone Crosspolymer, Helichrysum Arenarium (Everlasting) Extract, Laminaria Ochroleuca Extract, Triticum Vulgare (Wheat) Flour Lipids, Citrus Aurantifolia (Lime) Peel Extract, Crithmum Maritimum Extract, Alteromonas Ferment Extract, Chlorella Vulgaris Extract, Yeast Extract/Faex/Extrait De Levure, Cholesterol, Linoleic Acid, Tetraacetylphytosphingosine, Caprylic/Capric Triglyceride, Rosmarinus Officinalis (Rosemary) Leaf Oil, Ocimum Basilicum (Basil) Oil, Lavandula Angustifolia (Lavender) Oil, Lavandula Hybrida (Lavandin) Oil, Dipropylene Glycol, Sodium Citrate, Limonene, Linalool, Phenoxyethanol'),
	('C9802251', 'Beauty Water', 391723, 1194, 3.500000, 32, '38cm L x 25cm W x 24cm H', '-', 'cosmetic', 'SON & PARK', 'Water, Rosa Damascena Flower Water, Hamamelis Virginiana (Witch Hazel) Water, Butylene Glycol, Propanediol, PEG-7 Caprylic/Capric Glycerides, Pentylene Glycol, Citrus Aurantium Dulcis (Orange) Fruit Extract, Xylitol, Citrus Aurantium Bergamia (Bergamot) Fruit Oil, Olea Europaea (Olive) Fruit Oil, Citrus Aurantium Dulcis (Orange) Oil, Citrus Grandis (Grapefruit) Peel Oil, Lavandula Angustifolia (Lavender) Oil, Cedrus Atlantica Bark Oil, Pelargonium Graveolens Flower Oil, Carica Papaya (Papaya) Fruit Water, Jasminum Officinale (Jasmine) Oil, Illicium Verum (Anise) Fruit/Seed Oil, Artemisia Absinthium Extract, Rose Flower Oil, Ferula Galbaniflua (Galbanum) Resin Oil, Thuja Occidentalis Leaf Extract, Eucalyptus Globulus Leaf Extract, Lavandula Angustifolia (Lavender) Flower/Leaf/Stem Extract, Melaleuca Alternifolia (Tea Tree) Leaf Extract, Melissa Officinalis Leaf (Green Tea) Extract , Mentha Piperita(Peppermint) Leaf Extract, Mentha Rotundifolia Leaf Extract, Mentha Spicata Flower/Leaf/Stem Extract, Origanum Majorana Leaf Extract, Origanum Vulgare Leaf Extract, Pelargonium Graveolens Extract, Rosmarinus Officinalis (Rosemary) Leaf Extract, Thymus Vulgaris (Thyme) Leaf Extract, Glycerin, Decyl Glucoside, 1,2-Hexanediol, PEG-40 Hydrogenated Castor Oil, PPG-26-Buteth-26, Sodium Chloride, Ethylhexylglycerin, Sodium Citrate, Citric Acid, Octanediol, Copaifera Officinalis (Balsam Copaiba) Resin, Protease, Alcohol Denat., Alcohol, Phenoxyethanol.');

-- Dumping structure for procedure dbsellerlumiere.spGetAllProducts
DELIMITER //
CREATE PROCEDURE `spGetAllProducts`()
BEGIN
SELECT * FROM product_cosmetic;
END//
DELIMITER ;


-- Dumping database structure for dbsellerzalya
CREATE DATABASE IF NOT EXISTS `dbsellerzalya` /*!40100 DEFAULT CHARACTER SET utf8mb4 COLLATE utf8mb4_0900_ai_ci */ /*!80016 DEFAULT ENCRYPTION='N' */;
USE `dbsellerzalya`;

-- Dumping structure for table dbsellerzalya.product_fashion
CREATE TABLE IF NOT EXISTS `product_fashion` (
  `product_id` varchar(10) NOT NULL,
  `product_name` varchar(90) NOT NULL,
  `price` mediumint NOT NULL,
  `stock` smallint NOT NULL,
  `rating` decimal(20,6) NOT NULL,
  `weight` tinyint NOT NULL,
  `dimensions` varchar(30) NOT NULL,
  `color` varchar(10) NOT NULL,
  `category` varchar(10) NOT NULL,
  `brand` varchar(30) NOT NULL,
  `description` text NOT NULL,
  PRIMARY KEY (`product_id`)
) ENGINE=InnoDB DEFAULT CHARSET=utf8mb4 COLLATE=utf8mb4_0900_ai_ci;

-- Dumping data for table dbsellerzalya.product_fashion: ~100 rows (approximately)
DELETE FROM `product_fashion`;
INSERT INTO `product_fashion` (`product_id`, `product_name`, `price`, `stock`, `rating`, `weight`, `dimensions`, `color`, `category`, `brand`, `description`) VALUES
	('F0027981', 'DKNY Unisex Black & Grey Printed Medium Trolley Bag', 927404, 1995, 4.700000, 41, '24cm L x 87cm W x 25cm H', 'Blue', 'clothing', 'DKNY', 'Black and grey printed medium trolley bag, secured with a TSA lockOne handle on the top and one on the side, has a trolley with a retractable handle on the top and four corner mounted inline skate wheelsOne main zip compartment, zip lining, two compression straps with click clasps, one zip compartment on the flap with three zip pocketsWarranty: 5 yearsWarranty provided by Brand Owner / Manufacturer'),
	('F0056250', 'Kazo Women Yellow Floral Print Shirt Dress', 478457, 1151, 2.700000, 64, '20cm L x 04cm W x 06cm H', 'Green', 'clothing', 'Kazo', 'Yellow printed woven shirt dress, has a mandarin collar, long sleeves, button closure,, tulip hem'),
	('F0063865', 'Michael Kors Extreme Blue For Men Edt 70 ml', 998260, 1521, 3.200000, 69, '28cm L x 99cm W x 76cm H', 'Purple', 'clothing', 'Michael Kors', 'What it is:Extreme Blue For Men EdWhat it does:Masculine and sensuous at the same time is this \'Blue Eau De Toilette\' from Michael Kors. Exuding unmatched freshness, this EDT is a must-have in your collection of fragrances. Available in a 70 ml pack, this EDT has top notes of bergamot, spicy pink pepper and invigorating cardamom. The heart notes are of juniper, cypress, nutty sesame and herbaceous sage, while the base notes include warm ambrox, musk and patchouli.'),
	('F0285512', 'Parx Men Blue Slim Fit Checked Casual Shirt', 788196, 1544, 4.700000, 47, '14cm L x 67cm W x 29cm H', 'Goldenrod', 'clothing', 'Parx', 'Blue checked casual shirt, has a spread collar, long sleeves, button placket,  curved hem, one patch pocket'),
	('F0343271', 'SPYKAR Women Blue Adora Skinny Fit Mid-Rise Clean Look Stretchable Cropped Jeans', 690320, 1914, 3.100000, 20, '26cm L x 72cm W x 55cm H', 'Yellow', 'clothing', 'SPYKAR', 'Blue dark wash 5-pocket mid-rise cropped jeans, clean look, no fade, has a button and zip closure, and waistband with belt loops'),
	('F0470949', 'Gini and Jony Girls Peach-Coloured Floral Embroidered Fit & Flare Dress', 316676, 1545, 4.500000, 52, '55cm L x 87cm W x 12cm H', 'Purple', 'clothing', 'Gini and Jony', 'Peach-Coloured net embroidered woven fit and flare dress with embellished detail, has a round neck, short sleeves, concealed zip closure, tie-up on the back, attached lining and flared hem'),
	('F0561466', 'SPYKAR Women Pink Alexa Super Skinny Fit High-Rise Clean Look Stretchable Cropped Jeans', 603040, 1982, 4.800000, 53, '98cm L x 92cm W x 00cm H', 'Indigo', 'clothing', 'SPYKAR', 'Pink coloured wash 5-pocket high-rise cropped jeans, clean look, no fade, has a button and zip closure, and waistband with belt loops'),
	('F0608658', 'Urban Dog Men Grey Solid Regular Fit Sports Shorts', 309760, 642, 3.900000, 49, '77cm L x 67cm W x 92cm H', 'Fuscia', 'clothing', 'Urban Dog', 'Grey solid mid-rise sports shorts, has two pockets, a drawstring closure'),
	('F0643925', 'Vishudh Women Maroon Printed Kurta with Palazzos', 564660, 1570, 3.200000, 92, '47cm L x 80cm W x 93cm H', 'Purple', 'clothing', 'Vishudh', 'Maroon printed kurta with palazzos Maroon straight calf length kurta, has a round neck, three-quarter sleeves, straight hem, side slitsMaroon  Printed palazzos, has elasticated waistband, slip-on closure'),
	('F0664000', 'Difference of Opinion Men Grey Melange Printed Round Neck T-shirt', 114474, 1489, 3.100000, 14, '88cm L x 29cm W x 64cm H', 'Turquoise', 'clothing', 'Difference of Opinion', 'Grey printed T-shirt, has round neck, long sleeves'),
	('F0965627', 'Roadster Women Black Textured Open Toe Flats', 305976, 1467, 5.000000, 20, '59cm L x 88cm W x 55cm H', 'Khaki', 'clothing', 'Roadster', 'A pair of black open-toed flats, has regular styling, no back strap detailSynthetic upperCushioned footbedTextured and patterned outsoleWarranty: 1 monthWarranty provided by brand/manufacturer'),
	('F1213182', 'Raymond Men Blue Slim Fit Printed Formal Shirt', 249331, 1259, 4.600000, 97, '84cm L x 68cm W x 63cm H', 'Crimson', 'clothing', 'Raymond', 'Blue printed formal shirt, has a spread collar, long sleeves, button placket,  straight hem, one patch pocket'),
	('F1339400', 'her by invictus Women Tan Brown Cushioned Slip-on Shoes', 930668, 821, 2.400000, 29, '41cm L x 49cm W x 41cm H', 'Purple', 'clothing', 'her by invictus', 'A pair of pointed closed toe tan brown slip-on shoes with cushioned footbed and comfortable lining, has regular styling, and closed backSynthetic upperFoam Cushioned footbedTextured and patterned outsole'),
	('F1380229', 'Parx Men Brown & Off-White Slim Fit Printed Casual Shirt', 682759, 723, 4.900000, 8, '11cm L x 97cm W x 44cm H', 'Goldenrod', 'clothing', 'Parx', 'Brown and off-white printed casual shirt, has a spread collar, long sleeves, button placket,  curved hem, one patch pocket'),
	('F1440753', 'ID Men Beige Leather Derbys', 579345, 655, 4.100000, 98, '59cm L x 53cm W x 38cm H', 'Khaki', 'clothing', 'ID', 'A pair of round-toe beige derbys, has regular styling, lace-up detailLeather upperCushioned footbedTextured and patterned outsoleWarranty: 3 monthsWarranty provided by brand/manufacturer'),
	('F1515677', 'Parx Men Red Slim Fit Checked Casual Shirt', 447331, 1358, 2.600000, 61, '90cm L x 20cm W x 49cm H', 'Green', 'clothing', 'Parx', 'Red checked casual shirt, has a spread collar, long sleeves, button placket,  curved hem, one patch pocket'),
	('F1678275', 'SEJ by Nisha Gupta Blue & Green Printed Wooden Open Dry Bin', 863783, 1190, 2.900000, 100, '48cm L x 08cm W x 20cm H', 'Fuscia', 'clothing', 'SEJ by Nisha Gupta', 'Set content: 1 open dry binColour: Blue and greenPattern: Floral printShape: Rectangular'),
	('F1757705', 'PARFAIT Plus Size Black Solid Non-Wired Non Padded Sports Bra P5542', 866073, 1380, 2.300000, 92, '60cm L x 74cm W x 54cm H', 'Blue', 'clothing', 'PARFAIT', 'Black solid full-coverage Sports bra with mesh detailNon Padded and Non-Wired cut and sew cupsRegular straps and back closureBack style: RegularFeature: All Day Comfort'),
	('F1939816', 'SPYKAR Women Blue Adora Skinny Fit Mid-Rise Clean Look Ankle-Length Stretchable Jeans', 464657, 805, 3.200000, 69, '39cm L x 87cm W x 59cm H', 'Orange', 'clothing', 'SPYKAR', 'Blue dark wash 5-pocket mid-rise ankle-length jeans, clean look, light fade, has a button and zip closure, and waistband with belt loops'),
	('F2156098', 'her by invictus Women Green Cushioned Slip-Ons', 466377, 1123, 3.300000, 13, '93cm L x 05cm W x 16cm H', 'Orange', 'clothing', 'her by invictus', 'A pair of pointed toe green slip-ons with cushioned footbed, has regular styling, slip-on detailSynthetic Suede upperFoam cushioned footbedTextured and patterned outsole'),
	('F2252156', 'Difference of Opinion Men Navy Blue Solid Round Neck T-shirt With Side Strip Detail', 238434, 1494, 2.900000, 24, '41cm L x 47cm W x 46cm H', 'Goldenrod', 'clothing', 'Difference of Opinion', 'Navy Blue Solid T-shirt, has a round neck, long sleeves, has side stripes in the sleeves'),
	('F2404604', 'Tokyo Talkies Women Off-White & Pink Floral Print Fit and Flare Dress', 193766, 1875, 4.800000, 5, '77cm L x 34cm W x 30cm H', 'Teal', 'clothing', 'Tokyo Talkies', 'Off-White and pink printed woven fit and flare dress, has a round neck, three-quarter sleeves, concealed zip closure,, flared hem'),
	('F2617733', 'Lara Karen Women Black Solid Maxi Satin Skirt', 387286, 1054, 4.900000, 19, '77cm L x 26cm W x 84cm H', 'Crimson', 'clothing', 'Lara Karen', 'Black solid woven maxi skirt, has a slip-on closure, flared hem'),
	('F3074413', 'JEWEL JUNCTION Gold-Toned & Black Round Cufflinks', 376774, 1434, 3.700000, 32, '81cm L x 15cm W x 74cm H', 'Crimson', 'clothing', 'JEWEL JUNCTION', 'A pair of gold-toned and black round solid cufflinks'),
	('F3115617', 'Raymond Men Blue Regular Fit Self Design Formal Shirt', 839173, 1223, 3.200000, 7, '49cm L x 62cm W x 21cm H', 'Orange', 'clothing', 'Raymond', 'Blue self-design formal shirt, has a spread collar, long sleeves, button placket,  straight hem, one patch pocket'),
	('F3243929', 'Michael Kors Women Sexy Amber Eau de Parfum 100ml', 248040, 1965, 3.300000, 96, '11cm L x 15cm W x 85cm H', 'Indigo', 'clothing', 'Michael Kors', 'Michael Kors Sexy Amber Eau de ParfumFragrance Notes:Top notes - amberHeart notes - sandalwoodBase - white flowers'),
	('F3263912', 'her by invictus Women Brown Solid Cushioned Mules', 532422, 1516, 4.800000, 85, '72cm L x 47cm W x 23cm H', 'Goldenrod', 'clothing', 'her by invictus', 'A pair of pointed closed toe brown mules with comfort lining and foam cushioned footbed for your work-from-home needs. It has regular styling, and closed backSynthetic upperFoam Cushioned footbedTextured and patterned outsole'),
	('F3388932', 'AIGNER Men Platinum Eau De Toilette Perfume 100 ml', 754816, 1928, 4.200000, 86, '08cm L x 45cm W x 47cm H', 'Purple', 'clothing', 'AIGNER', 'NotesTop notes: Mandarin, bergamot, ozonic, orange, tamarind, cardamom, black pepper, clove tones and crisp mint leavesHeart notes: Spicy woody notesBase notes: Crystal amber, vanilla guaiacwood, olibanum, patchouli, sandalwood, moos'),
	('F3482819', 'her by invictus Women Black Textured Cushioned Flats', 528018, 1927, 4.700000, 18, '68cm L x 40cm W x 23cm H', 'Purple', 'clothing', 'her by invictus', 'A pair of black pointed toe cushioned flats, has regular styling, slip-on detailSynthetic upperCushioned footbedTextured and patterned outsole'),
	('F3534332', 'AccessHer Women Gold-Toned & Pink Gold-Plated AD-Studded Maang Tikka', 691226, 1409, 3.400000, 33, '20cm L x 10cm W x 47cm H', 'Violet', 'clothing', 'AccessHer', 'Gold-toned and pink gold-plated maang tikka with arificial stoned and beads studded, gold-platedSecured with a fish-hook ear wire'),
	('F3536760', 'Parx Men Blue Slim Fit Checked Casual Shirt', 655160, 894, 4.100000, 53, '08cm L x 58cm W x 48cm H', 'Aquamarine', 'clothing', 'Parx', 'Blue checked casual shirt, has a spread collar, short sleeves, button placket,  curved hem, one patch pocket'),
	('F3623994', 'DKNY Unisex Black Medium Trolley Bag', 436619, 647, 4.800000, 94, '75cm L x 85cm W x 60cm H', 'Pink', 'clothing', 'DKNY', 'Black solid medium trolley bag, secured with a TSA lockOne handle on the top and one on the side, has a trolley with a retractable handle on the top and four corner mounted inline skate wheelsOne main zip compartment, zip lining, two compression straps with click clasps and one zip pocketOne exterior zip pocketWarranty: 5 yearsWarranty provided by Brand Owner / Manufacturer'),
	('F3719957', 'YAK YAK Men Camel Brown Solid Polo Collar T-shirt', 221346, 1855, 2.600000, 65, '50cm L x 70cm W x 31cm H', 'Green', 'clothing', 'YAK YAK', 'Camel brown solid T-shirt, has polo collar, short sleeves'),
	('F3842409', 'VASTRAMAY Boys Navy Blue & Maroon Solid Kurta with Dhoti Pants & Jacket', 986011, 1384, 4.400000, 94, '68cm L x 24cm W x 60cm H', 'Yellow', 'clothing', 'VASTRAMAY', 'Navy Blue and maroon solid kurta with dhoti pantsNavy Blue straight above knee kurta, has a mandarin collar, long sleeves, curved hemGold-toned solid dhoti pants, slip-on closureMaroon woven design nehru jacket, has a mandarin collar, sleeveless, one welt pocket'),
	('F3902306', 'SEJ by Nisha Gupta Set of 6 Printed Table Placemats', 640766, 1664, 3.100000, 27, '79cm L x 37cm W x 92cm H', 'Red', 'clothing', 'SEJ by Nisha Gupta', 'Set content: 6 table mats Shape: Rectangle Colour: Pink and blue Pattern: Printed Suitable For: 6 seater table Material: Cotton '),
	('F3943190', 'MIAH Decor Set of 3 Blue & Off-White Handpainted Kitchen Storage Jars with Lids', 442156, 1228, 3.000000, 9, '69cm L x 73cm W x 00cm H', 'Mauv', 'clothing', 'MIAH Decor', 'Type:  Set of 3 Blue & Off-White Handpainted Kitchen Storage Jars with LidsPattern: PrintedFinish: GlossyMaterial: Ceramic'),
	('F4122143', 'EthnoVogue Women Beige & Grey Made to Measure Custom Made Kurta Set with Jacket', 954164, 1479, 4.500000, 31, '85cm L x 03cm W x 13cm H', 'Yellow', 'clothing', 'EthnoVogue', 'Beige & Grey made to measure kurta with churidar anddupattaBeige made to measure calflength kurta, has a V-neck, three-quarter sleeves, lightly padded on bust, flared hem, concealed zip closureGrey solid made to measure churidar, drawstring closureGrey net sequined dupatta, has printed tapingWhat is Made to Measure?Customised Kurta Set according to your Bust and Length. So please refer to the Size Chart to pick your perfect size.How to measure bust?Measure under your arms and around your chest to find your bust size in inchesHow to measure Kurta length?Measure from shoulder till barefoot to find kurta length in'),
	('F4341151', 'JEWEL JUNCTION Gold-Toned Square Cufflinks', 331178, 964, 2.500000, 55, '68cm L x 79cm W x 98cm H', 'Purple', 'clothing', 'JEWEL JUNCTION', 'A pair of gold-toned square solid cufflinks'),
	('F4422058', 'ID Men Brown Leather Loafers', 838882, 936, 3.700000, 92, '96cm L x 42cm W x 60cm H', 'Fuscia', 'clothing', 'ID', 'A pair of square toe brown loafers, has regular styling, slip-on detailLeather upperCushioned footbedTextured and patterned outsoleWarranty: 3 monthsWarranty provided by brand/manufacturer'),
	('F4470268', 'Homesake Gold-Toned Solid Handcrafted Table Lamp with Shade', 757365, 711, 2.300000, 95, '84cm L x 52cm W x 24cm H', 'Maroon', 'clothing', 'Homesake', 'Type: Handcrafted Table Lamp with ShadeColour: Gold-TonedPattern: SolidShape: FrustumShade material: FabricBase material: AluminiumSwitch Type: Toggle Button'),
	('F4527533', 'Police Men To Be The King Eau De Toilette 125 ml', 359746, 1440, 4.500000, 75, '46cm L x 67cm W x 40cm H', 'Aquamarine', 'clothing', 'Police', 'To Be The King Eau De Toilette'),
	('F4535223', 'Urban Dog Men Grey Printed Regular Fit Sports Shorts', 104323, 963, 3.100000, 94, '50cm L x 21cm W x 09cm H', 'Violet', 'clothing', 'Urban Dog', 'Grey printed mid-rise sports shorts, has two pockets, a drawstring closure'),
	('F4612655', 'Gini and Jony Boys Navy Blue Regular Fit Solid Casual Shirt', 453742, 1939, 4.400000, 25, '79cm L x 61cm W x 82cm H', 'Green', 'clothing', 'Gini and Jony', 'Navy Blue solid casual shirt, has a spread collar, long sleeves, button placket, and curved hem'),
	('F4663301', 'Homesake Gold-Toned & White Solid Handcrafted Table Lamp with Shade', 806681, 1374, 2.700000, 58, '01cm L x 89cm W x 97cm H', 'Turquoise', 'clothing', 'Homesake', 'Type: Handcrafted Table Lamp with ShadeColour: Gold-Toned and whitePattern: SolidShape: FrustumShade material: FabricBase material: AluminiumBulb Holder Type: E27Switch Type: Toggle ButtonComes with bulb'),
	('F4682635', 'Parx Men Brown Tapered Fit Solid Regular Trousers', 755277, 881, 4.000000, 55, '45cm L x 22cm W x 45cm H', 'Turquoise', 'clothing', 'Parx', 'Brown solid regular trousers regular trousers'),
	('F4713449', 'HIGHLANDER Men Navy Blue & Maroon Slim Fit Checked Casual Shirt', 764277, 1037, 2.900000, 35, '42cm L x 27cm W x 84cm H', 'Blue', 'clothing', 'HIGHLANDER', 'Navy Blue and maroon checked casual shirt, has a spread collar, long sleeves, button placket,  curved hem, one patch pocket'),
	('F4827313', 'Park Avenue Women Blue Skinny Fit Mid-Rise Clean Look Jeans', 280919, 696, 4.600000, 12, '50cm L x 00cm W x 11cm H', 'Turquoise', 'clothing', 'Park Avenue', 'Blue dark wash five-pocket mid-rise jeans, clean look with light fade, has a button and zip closure, waistband with belt loops'),
	('F4862423', 'U.S. Polo Assn. Denim Co. Men Navy Blue Solid Bomber Jacket', 183232, 994, 3.400000, 66, '55cm L x 49cm W x 79cm H', 'Teal', 'clothing', 'U.S. Polo Assn. Denim Co.', 'Navy solid bomber jacket, has a stand collar, 2 pockets, zip closure, long sleeves, straight hem, and attached lining with 3 inner pockets'),
	('F4935081', 'Kenneth Cole Women Navy Blue Solid Backpack', 178576, 1921, 2.100000, 75, '86cm L x 45cm W x 19cm H', 'Khaki', 'clothing', 'Kenneth Cole', 'Navy Blue backpackNon-Padded haul loop1 main compartment with zip closurePadded backZip PocketPadded shoulder strap: PaddedWater-resistance: No'),
	('F4939547', 'Parx Men Green Printed Polo Collar T-shirt', 558759, 1001, 3.200000, 48, '98cm L x 27cm W x 44cm H', 'Green', 'clothing', 'Parx', 'Green printed T-shirt, has a polo collar, and short sleeves'),
	('F5098210', 'Soie Nude-Coloured Solid Non-Wired Non Padded Maternity Bra CB-331NUDE', 495899, 1515, 2.400000, 96, '96cm L x 80cm W x 05cm H', 'Fuscia', 'clothing', 'Soie', 'Nude-Coloured solid full-coverage Maternity bra Non Padded and Non-Wired seamless cups Regular straps and back closure Back style: Regular Feature: All Day Comfort'),
	('F5169515', 'HIGHLANDER Men Mustard & Black Slim Fit Checked Casual Shirt', 254315, 599, 4.400000, 62, '88cm L x 85cm W x 95cm H', 'Aquamarine', 'clothing', 'HIGHLANDER', 'Mustard and black checked casual shirt, has a spread collar, long sleeves, button placket,  curved hem, one patch pocket'),
	('F5828744', 'ANNA SUI Women La Vie De Boheme EDT 75ml', 475836, 932, 4.400000, 80, '99cm L x 26cm W x 57cm H', 'Mauv', 'clothing', 'ANNA SUI', 'ANNA SUI La Vie De Boheme Eau De ToiletteStrong perfumeLasts 2 to 3 hoursFresh FragranceTop notes: Turkish rose, sparkling pear, berries and pitahaya accordHeart notes: Red magnolia, peony, pink freesiaBase notes: dry woods, sandalwood, musk and black vanillaIt comes in a 75 ml bottle.'),
	('F6081062', 'Peter England Men Black Briefs PIWBK9146012', 679039, 506, 2.200000, 82, '54cm L x 44cm W x 52cm H', 'Purple', 'clothing', 'Peter England', 'A pair of black briefs, has an elasticated waistband and a panelled front with a double-layered contoured pouch'),
	('F6165387', 'Raymond Men Blue Self-Design Single-Breasted Bandhgala Suit', 499534, 1355, 4.700000, 83, '38cm L x 97cm W x 91cm H', 'Puce', 'clothing', 'Raymond', 'Blue self-design bandhgala suitBlue self-design bandhgala blazer, has a mandarin collar, single breasted with full button placket, long sleeves, three pockets, an attached lining and a double-vented back hemBlue self-design mid-rise trousers, has a zip fly with a button and a hook-and-bar closure, four pockets, a waistband with belt loops'),
	('F6372360', 'Sera Women Blue Printed Kurta with Palazzos', 555994, 1732, 3.000000, 100, '91cm L x 19cm W x 76cm H', 'Maroon', 'clothing', 'Sera', 'Blue printed kurta with palazzos Blue A-line calf length kurta, has a round neck, short sleeves, flared hem Blue solid palazzos, button closure'),
	('F6539529', 'BuckleUp Women Multicoloured Printed Belt', 722031, 1219, 2.300000, 24, '72cm L x 22cm W x 17cm H', 'Yellow', 'clothing', 'BuckleUp', 'Multicoloured printed beltReversible: NoStretchable: NoSecured with a tangWarranty: 1 monthWarranty provided by brand/manufacturer'),
	('F6612840', 'Gini and Jony Girls Blue Solid Jacket', 465507, 1310, 4.100000, 21, '22cm L x 92cm W x 22cm H', 'Blue', 'clothing', 'Gini and Jony', 'Blue solid jacket, has a spread collar, 4 pockets, button closure, long sleeves, straight hem'),
	('F6619206', 'ID Men Tan Brown Fisherman Leather Sandals', 243059, 591, 3.500000, 41, '26cm L x 74cm W x 94cm H', 'Indigo', 'clothing', 'ID', 'A pair of tan brown fisherman sandalsLeather upper with velcro closureCushioned footbedPatterned synthetic outsoleWarranty: 3 monthsWarranty provided by brand/manufacturer'),
	('F6877089', 'Alcis Women Yellow & Blue Colorblocked Tights', 756413, 954, 2.400000, 61, '24cm L x 08cm W x 66cm H', 'Aquamarine', 'clothing', 'Alcis', 'Alcis Women  Yellow & Blue Colorblocked Tights, three-fouth length, elasticated waist'),
	('F6945608', 'SHOWOFF Men Brown Solid Slim Fit Regular Shorts', 510270, 1670, 5.000000, 12, '33cm L x 09cm W x 87cm H', 'Orange', 'clothing', 'SHOWOFF', 'Brown solid low-rise regular shorts, has four pockets, a button closure'),
	('F7003570', 'Story@home Multicoloured Geometric 210TC Cotton 1 King Bedsheet with 2 Pillow Covers', 725635, 1991, 4.900000, 8, '40cm L x 01cm W x 08cm H', 'Purple', 'clothing', 'Story@home', 'Set content: 1 King bedsheet with 2 pillow coversQuality: Fine Thread count: 210Colour: MulticolouredPattern: Geometric'),
	('F7098593', 'ID Men Brown Leather Formal Slip-Ons', 409648, 1496, 4.500000, 97, '87cm L x 20cm W x 06cm H', 'Teal', 'clothing', 'ID', 'A pair of brown square-toed formal slip-on shoes, has elasticated gussets on both sidesLeather upper, has a textured detailCushioned footbedTextured TPR outsoleWarranty: 3 months against manufacturing defect onlyWarranty provided by the brand owner / manufacturer'),
	('F7100984', 'SPYKAR Women Blue Adora Skinny Fit Mid-Rise Clean Look Stretchable Ankle Jeans', 614435, 859, 4.400000, 45, '35cm L x 99cm W x 99cm H', 'Teal', 'clothing', 'SPYKAR', 'Blue medium wash 5-pocket mid-rise jeans, clean look, heavy fade, has a button and zip closure, and waistband with belt loops'),
	('F7221836', 'Lady Lyka Women Pack of 2 Beginners Bras TEENAGER-WHT-BLK', 319716, 1592, 4.600000, 8, '66cm L x 07cm W x 84cm H', 'Orange', 'clothing', 'Lady Lyka', 'Black and white solid medium-coverage beginners brasNon Padded and Non-Wired cut and sew cupsRegular straps and back closureBack style: RegularFeature: All Day Comfort'),
	('F7230204', 'Sweet Dreams Men Navy Blue Solid Straight-Fit Trackpants', 917244, 1697, 2.200000, 91, '24cm L x 59cm W x 01cm H', 'Pink', 'clothing', 'Sweet Dreams', 'Navy blue solid straight-fit trackpant, has an elasticated waistband with a drawstring fastening, two pockets'),
	('F7275050', 'MIAH Decor Beige & Black Indian Art Printed Set of 4 Ceramic Bowls', 703024, 648, 3.600000, 72, '73cm L x 99cm W x 70cm H', 'Purple', 'clothing', 'MIAH Decor', 'Type: BowlsPattern: PrintedFinish: Matte Material: Ceramic'),
	('F7370848', 'PARFAIT Plus Size Black Striped Non-Wired Lightly Padded T-shirt Bra P5252', 740817, 1303, 2.900000, 94, '44cm L x 45cm W x 13cm H', 'Crimson', 'clothing', 'PARFAIT', 'Black striped medium-coverage T-shirt braLightly Padded and Non-Wired seamless cupsRegular straps and back closureBack style: RegularFeature: All Day Comfort'),
	('F7393199', 'Gini and Jony Girls Navy Blue Washed Denim Jacket', 233500, 1092, 3.100000, 85, '51cm L x 47cm W x 74cm H', 'Turquoise', 'clothing', 'Gini and Jony', 'Navy Blue washed denim jacket, has a spread collar, 4 pockets, button closure, long sleeves, straight hem, and unlined'),
	('F7451970', 'Gini and Jony Boys Red & Grey Melange Solid Varsity Jacket with Applique Detail', 826423, 1319, 4.900000, 8, '52cm L x 24cm W x 84cm H', 'Pink', 'clothing', 'Gini and Jony', 'Red and Grey Melange solid varsity jacket, has a stand collar, snap button closure, long sleeves, straight hem, unlined'),
	('F7532489', 'PARFAIT Plus Size Blue Solid Underwired Lightly Padded T-shirt Bra P5441', 710888, 1212, 3.300000, 5, '59cm L x 77cm W x 15cm H', 'Goldenrod', 'clothing', 'PARFAIT', 'Blue solid medium-coverage T-shirt braLightly padded and underwired seamless cupsRegular straps and back closureBack style: RegularFeature: All Day Comfort'),
	('F7535636', 'Vishudh Women Off-White & Green Floral Print A-Line Dress', 506787, 686, 3.800000, 16, '95cm L x 53cm W x 67cm H', 'Fuscia', 'clothing', 'Vishudh', 'Off-White and green printed woven A-line dress, has a mandarin collar, three-quarter sleeves, button closure,, flared hem'),
	('F7811527', 'Story@home Mauve & Grey Geometric 210 TC Cotton 1 King Bedsheet with 2 Pillow Covers', 483428, 1671, 2.400000, 17, '68cm L x 15cm W x 49cm H', 'Fuscia', 'clothing', 'Story@home', 'Set content: 1 King bedsheet with 2 pillow coversQuality: FineThread count: 210Colour: Mauve and GreyPattern: Geometric'),
	('F7849452', 'FIDO DIDO Men White Printed Round Neck T-shirt', 151580, 1593, 4.600000, 15, '44cm L x 56cm W x 43cm H', 'Violet', 'clothing', 'FIDO DIDO', 'White and black printed T-shirt,has round neck,short sleeves'),
	('F7850938', 'PARFAIT Plus Size Blue Solid Underwired Lightly Padded Plunge Bra 2801', 146510, 763, 2.200000, 39, '77cm L x 37cm W x 63cm H', 'Aquamarine', 'clothing', 'PARFAIT', 'Blue solid medium-coverage plunge bra with lace detailLightly padded and underwired seamless cupsRegular straps and back closureBack style: RegularFeature: All Day Comfort'),
	('F7887645', 'PARFAIT Plus Size Women Navy Blue  White Solid Low-Rise Bikini Brief PP303', 251578, 771, 3.300000, 19, '53cm L x 94cm W x 14cm H', 'Red', 'clothing', 'PARFAIT', 'Navy blue and white solid low rise bikini briefs, has an inner elasticated waistband with lace detail, double layered gusset'),
	('F7890291', 'PARFAIT Plus Size Red Solid Underwired Lightly Padded T-shirt Bra P5391', 306068, 645, 4.000000, 54, '88cm L x 04cm W x 48cm H', 'Violet', 'clothing', 'PARFAIT', 'Red solid medium-coverage T-shirt bra Lightly Padded and Underwired seamless cups Regular straps and back closure Back style: Regular Feature: All Day Comfort'),
	('F7963924', 'SEJ by Nisha Gupta Set of 6 Mustard & Blue Printed Table Placemats', 796812, 1441, 2.400000, 52, '80cm L x 26cm W x 14cm H', 'Crimson', 'clothing', 'SEJ by Nisha Gupta', 'Set content: 6 table mats Shape: Rectangle Colour: Mustard and blue Pattern: Printed Suitable For: 6 seater table Material: Cotton '),
	('F7964464', 'SPYKAR Women Blue Adora Skinny Fit Mid-Rise Low Distress Ankle-length Stretchable Jeans', 767439, 874, 2.300000, 65, '86cm L x 47cm W x 16cm H', 'Turquoise', 'clothing', 'SPYKAR', 'Blue medium wash 5-pocket mid-rise ankle-length jeans, low distress, heavy fade, has a button and zip closure, and waistband with belt loops'),
	('F7986007', 'Campus Sutra Men Black Solid Round Neck Faux Leather T-shirt', 996310, 924, 4.100000, 86, '95cm L x 80cm W x 61cm H', 'Blue', 'clothing', 'Campus Sutra', 'Black solid T-shirt, has a round neck, and long sleeves with faux leather detail'),
	('F8077074', 'Parx Men Blue & Off-White Slim Fit Printed Casual Shirt', 954951, 648, 3.400000, 7, '04cm L x 09cm W x 53cm H', 'Purple', 'clothing', 'Parx', 'Blue and off-white printed casual shirt, has a spread collar, long sleeves, button placket,  curved hem, one patch pocket'),
	('F8117547', 'Campus Sutra Men White & Blue Regular Fit Colourblocked Casual Shirt', 409017, 1425, 3.100000, 25, '82cm L x 34cm W x 86cm H', 'Fuscia', 'clothing', 'Campus Sutra', 'White and blue colourblocked casual shirt, has a spread collar, long sleeves, button placket,  curved hem, one patch pocket'),
	('F8124688', 'Gini and Jony Girls Yellow Fit and Flare Embellished Dress', 803689, 1766, 2.300000, 54, '64cm L x 50cm W x 82cm H', 'Fuscia', 'clothing', 'Gini and Jony', 'Yellow embellished woven fit and flare dress, has a round neck, short sleeves, zip closure, an attached lining, and flared hem'),
	('F8169626', 'Parx Men Blue Slim Fit Checked Casual Shirt', 188118, 1946, 2.800000, 38, '54cm L x 06cm W x 56cm H', 'Violet', 'clothing', 'Parx', 'Blue checked casual shirt, has a spread collar, long sleeves, button placket,  curved hem, one patch pocket'),
	('F8199936', 'SEJ by Nisha Gupta Set of 6 Yellow & Blue Printed Table Placemats', 735005, 1968, 3.900000, 35, '57cm L x 11cm W x 25cm H', 'Turquoise', 'clothing', 'SEJ by Nisha Gupta', 'Set content: 6 table mats Shape: Rectangle Colour: Yellow and bluePattern: Printed Suitable For: 6 seater table Material: Cotton '),
	('F8252341', 'Parx Men Yellow & Off-White Slim Fit Checked Casual Shirt', 139964, 729, 2.400000, 13, '74cm L x 21cm W x 37cm H', 'Blue', 'clothing', 'Parx', 'Yellow and off-white checked casual shirt, has a spread collar, long sleeves, button placket,  curved hem, one patch pocket'),
	('F8362697', 'PARFAIT Plus Size Black Lace Non-Wired Non Padded Everyday Bra P5482', 679113, 933, 3.000000, 89, '02cm L x 49cm W x 46cm H', 'Blue', 'clothing', 'PARFAIT', 'Black lace full-coverage everyday braNon padded and non-wired cut and sew cupsRegular straps and back closureBack style: RegularFeature: Side Bone'),
	('F8407147', 'SEJ by Nisha Gupta Set of 6 Pink Printed Table Placemats', 448783, 1635, 2.600000, 7, '98cm L x 66cm W x 47cm H', 'Goldenrod', 'clothing', 'SEJ by Nisha Gupta', 'Set content: 6 table mats Shape: Rectangle Colour: Pink and multicoloured Pattern: Printed Suitable For: 6 seater table Material: Cotton '),
	('F8563635', 'SEJ by Nisha Gupta Set of 4 Multicoloured Printed Table Placemats', 330765, 1679, 3.200000, 6, '85cm L x 42cm W x 02cm H', 'Mauv', 'clothing', 'SEJ by Nisha Gupta', 'Set content: 4 table matsShape: RectangleColour:multicolouredPattern: PrintedSuitable For: 4 seater tableMaterial: Cotton'),
	('F8999931', 'SPYKAR Women Burgundy Alexa Super Skinny Fit High-Rise Clean Look Stretchable Ankle Jeans', 915086, 1321, 2.000000, 79, '06cm L x 41cm W x 29cm H', 'Orange', 'clothing', 'SPYKAR', 'Burgundy coloured wash 5-pocket high-rise jeans, clean look, no fade, has a button and zip closure, and waistband with belt loops'),
	('F9061754', 'ahilya Sterling Silver Textured Bangle', 973214, 1132, 2.700000, 84, '09cm L x 71cm W x 31cm H', 'Turquoise', 'clothing', 'ahilya', 'Sterling silver textured bangle, has animal-shaped detail on the endsNote: This jewellery is handcrafted, therefore there might be slight variations from the image.'),
	('F9145351', 'DKNY Unisex Black Large Trolley Bag', 914614, 1845, 2.300000, 85, '68cm L x 78cm W x 16cm H', 'Goldenrod', 'clothing', 'DKNY', 'Black solid large trolley bag, secured with a TSA lockOne handle on the top and one on the side, has a trolley with a retractable handle on the top and four corner mounted inline skate wheelsOne main zip compartment, zip lining, two compression straps with click clasps and one zip pocketOne exterior zip pocketWarranty: 5 yearsWarranty provided by Brand Owner / Manufacturer'),
	('F9258545', 'her by invictus Women Red Cushioned Loafers', 478518, 554, 3.400000, 58, '52cm L x 44cm W x 74cm H', 'Teal', 'clothing', 'her by invictus', 'A pair of round closed toe red loafers with comfort lining and foam cushioned footbed for your work-from-home needs. It has regular styling, and closed backSynthetic upperFoam Cushioned footbedTextured and patterned outsole'),
	('F9519340', 'Parx Men Blue Slim Fit Checked Casual Shirt', 910428, 1867, 3.400000, 97, '27cm L x 93cm W x 59cm H', 'Fuscia', 'clothing', 'Parx', 'Blue checked casual shirt, has a spread collar, long sleeves, button placket,  curved hem, one pocket'),
	('F9546153', 'JEWEL JUNCTION Gold-Toned Geometric Cufflinks', 713966, 873, 3.800000, 83, '61cm L x 22cm W x 61cm H', 'Violet', 'clothing', 'JEWEL JUNCTION', 'A pair of gold-toned and blue geometric printed cufflinksComes in a signature JEWEL JUNCTION case'),
	('F9601220', 'Parx Men Blue Slim Fit Printed Casual Shirt', 733580, 1225, 3.100000, 63, '83cm L x 03cm W x 90cm H', 'Indigo', 'clothing', 'Parx', 'Blue printed casual shirt, has a spread collar, long sleeves, button placket,  curved hem, one patch pocket'),
	('F9666558', 'Story@home Off-White & Blue Geometric 210TC Cotton 1 King Bedsheet with 2 Pillow Covers', 831873, 1980, 2.800000, 56, '52cm L x 66cm W x 41cm H', 'Mauv', 'clothing', 'Story@home', 'Set content: 1 King bedsheet with 2 pillow coversQuality: FineThread count: 210Colour: Off-White and bluePattern: Geometric'),
	('F9768961', 'SPYKAR Women Blue Adora Skinny Fit Mid-Rise Mildly Distressed Stretchable Cropped Jeans', 599245, 993, 3.700000, 99, '52cm L x 99cm W x 15cm H', 'Red', 'clothing', 'SPYKAR', 'Blue medium wash 5-pocket mid-rise cropped jeans, mildly distressed, light fade, has a button and zip closure, and waistband with belt loops'),
	('F9821817', 'Being Human Clothing Navy Printed Casual Slim Shirt', 585657, 1054, 3.200000, 55, '49cm L x 84cm W x 22cm H', 'Yellow', 'clothing', 'Being Human', 'Navy blue printedcasual shirt, has a spread collar, a full button placket, two pockets,long sleeves, a curved hem'),
	('F9864189', 'SEJ by Nisha Gupta Set of 6 Multicoloured Printed Table Placemats', 203991, 783, 4.500000, 62, '34cm L x 67cm W x 29cm H', 'Violet', 'clothing', 'SEJ by Nisha Gupta', 'Set content: 6 table matsShape: RectangleColour: MulticolouredPattern: PrintedSuitable For: 6 seater tableMaterial: Cotton');

-- Dumping structure for procedure dbsellerzalya.spGetAllProducts
DELIMITER //
CREATE PROCEDURE `spGetAllProducts`()
BEGIN
SELECT * FROM product_fashion;
END//
DELIMITER ;

-- Dumping structure for table dbsellerzalya.zalya_transaction
CREATE TABLE IF NOT EXISTS `zalya_transaction` (
  `id` varchar(10) NOT NULL,
  `payment_type` varchar(10) NOT NULL,
  `cust_id` varchar(10) NOT NULL,
  `product_id` varchar(10) NOT NULL,
  `date` varchar(20) NOT NULL,
  `quantity` tinyint NOT NULL,
  `unit_price` mediumint NOT NULL,
  `total_price` mediumint NOT NULL,
  KEY `FK_zalya_transaction_dbbankgopay.gopay_transaction` (`id`),
  KEY `FK_zalya_transaction_dbcustomer.customer` (`cust_id`),
  KEY `FK_zalya_transaction_dbsellerzalya.product_fashion` (`product_id`),
  CONSTRAINT `FK_zalya_transaction_dbbankbni.bni_transaction` FOREIGN KEY (`id`) REFERENCES `dbbankbni`.`bni_transaction` (`transaction_id`),
  CONSTRAINT `FK_zalya_transaction_dbbankgopay.gopay_transaction` FOREIGN KEY (`id`) REFERENCES `dbbankgopay`.`gopay_transaction` (`transaction_id`),
  CONSTRAINT `FK_zalya_transaction_dbcustomer.customer` FOREIGN KEY (`cust_id`) REFERENCES `dbcustomer`.`customer` (`cust_id`),
  CONSTRAINT `FK_zalya_transaction_dbsellereffe.product_perfume` FOREIGN KEY (`product_id`) REFERENCES `dbsellereffe`.`product_perfume` (`product_id`),
  CONSTRAINT `FK_zalya_transaction_dbsellerlumiere.product_cosmetic` FOREIGN KEY (`product_id`) REFERENCES `dbsellerlumiere`.`product_cosmetic` (`product_id`),
  CONSTRAINT `FK_zalya_transaction_dbsellerzalya.product_fashion` FOREIGN KEY (`product_id`) REFERENCES `product_fashion` (`product_id`)
) ENGINE=InnoDB DEFAULT CHARSET=utf8mb4 COLLATE=utf8mb4_0900_ai_ci;

-- Dumping data for table dbsellerzalya.zalya_transaction: ~200 rows (approximately)
DELETE FROM `zalya_transaction`;
INSERT INTO `zalya_transaction` (`id`, `payment_type`, `cust_id`, `product_id`, `date`, `quantity`, `unit_price`, `total_price`) VALUES
	('BPY66249', 'BNI', 'CT361836', 'F3388932', '2023-04-04 10:15:13', 1, 754816, 754816),
	('GPY49173', 'GoPay', 'CT960439', 'F8169626', '2022-07-31 15:10:36', 1, 188118, 188118),
	('GPY53134', 'GoPay', 'CT934132', 'F6081062', '2022-12-04 23:26:22', 5, 679039, 3395195),
	('GPY25591', 'GoPay', 'CT874237', 'F0561466', '2023-04-05 1:02:28', 5, 603040, 3015200),
	('BPY53969', 'BNI', 'CT447944', 'F4612655', '2022-10-29 7:38:52', 2, 453742, 907484),
	('GPY78001', 'GoPay', 'CT768955', 'F9546153', '2022-08-19 18:55:02', 1, 713966, 713966),
	('BPY75657', 'BNI', 'CT216589', 'F8563635', '2023-05-22 10:43:42', 1, 330765, 330765),
	('BPY53969', 'BNI', 'CT447944', 'F4862423', '2022-10-29 7:38:52', 5, 183232, 916160),
	('GPY01935', 'GoPay', 'CT731466', 'F1380229', '2022-07-26 20:50:23', 4, 682759, 2731036),
	('BPY98158', 'BNI', 'CT444004', 'F3536760', '2022-11-14 5:10:29', 2, 655160, 1310320),
	('GPY66096', 'GoPay', 'CT276034', 'F4827313', '2022-11-05 18:45:53', 1, 280919, 280919),
	('GPY86826', 'GoPay', 'CT798121', 'F0664000', '2023-04-02 22:58:31', 5, 114474, 572370),
	('BPY77984', 'BNI', 'CT044984', 'F3943190', '2023-03-17 15:12:48', 3, 442156, 1326468),
	('GPY31102', 'GoPay', 'CT768955', 'F7890291', '2022-07-26 18:19:25', 4, 306068, 1224272),
	('BPY02434', 'BNI', 'CT487961', 'F0285512', '2022-11-15 7:12:17', 3, 788196, 2364588),
	('GPY38172', 'GoPay', 'CT176558', 'F8199936', '2023-01-29 7:33:41', 1, 735005, 735005),
	('GPY74191', 'GoPay', 'CT602067', 'F9546153', '2022-12-28 8:17:50', 1, 713966, 713966),
	('GPY78001', 'GoPay', 'CT768955', 'F8124688', '2022-08-19 18:55:02', 4, 803689, 3214756),
	('BPY98158', 'BNI', 'CT444004', 'F3902306', '2022-11-14 5:10:29', 2, 640766, 1281532),
	('GPY87898', 'GoPay', 'CT658935', 'F4663301', '2023-03-12 6:54:30', 2, 806681, 1613362),
	('GPY87898', 'GoPay', 'CT658935', 'F5098210', '2023-03-12 6:54:30', 4, 495899, 1983596),
	('BPY56518', 'BNI', 'CT460639', 'F1380229', '2022-11-21 16:21:26', 3, 682759, 2048277),
	('GPY61680', 'GoPay', 'CT653859', 'F7003570', '2022-08-03 7:46:21', 2, 725635, 1451270),
	('BPY62567', 'BNI', 'CT883825', 'F1939816', '2022-06-21 14:19:38', 3, 464657, 1393971),
	('BPY65404', 'BNI', 'CT776323', 'F3388932', '2023-03-05 2:44:05', 2, 754816, 1509632),
	('BPY53969', 'BNI', 'CT447944', 'F9821817', '2022-10-29 7:38:52', 3, 585657, 1756971),
	('BPY44868', 'BNI', 'CT460639', 'F8199936', '2022-09-20 11:58:32', 1, 735005, 735005),
	('GPY47466', 'GoPay', 'CT413066', 'F8999931', '2022-07-22 11:25:18', 2, 915086, 1830172),
	('BPY55795', 'BNI', 'CT958846', 'F8169626', '2022-11-17 18:03:00', 1, 188118, 188118),
	('BPY65404', 'BNI', 'CT776323', 'F3842409', '2023-03-05 2:44:05', 2, 986011, 1972022),
	('GPY33078', 'GoPay', 'CT514389', 'F8252341', '2022-06-27 11:16:50', 5, 139964, 699820),
	('BPY29390', 'BNI', 'CT133675', 'F3534332', '2023-04-10 10:55:07', 1, 691226, 691226),
	('GPY51827', 'GoPay', 'CT513358', 'F3074413', '2022-07-20 13:18:29', 1, 376774, 376774),
	('GPY24421', 'GoPay', 'CT159666', 'F3536760', '2022-11-10 9:25:08', 2, 655160, 1310320),
	('BPY36884', 'BNI', 'CT368224', 'F7986007', '2023-04-04 12:13:40', 4, 996310, 3985240),
	('BPY89288', 'BNI', 'CT487961', 'F0056250', '2023-01-08 14:57:06', 2, 478457, 956914),
	('GPY31058', 'GoPay', 'CT482887', 'F3115617', '2023-02-06 12:34:20', 1, 839173, 839173),
	('GPY00662', 'GoPay', 'CT979936', 'F1213182', '2023-02-28 13:02:52', 2, 249331, 498662),
	('GPY38524', 'GoPay', 'CT999828', 'F7963924', '2022-12-23 13:52:42', 5, 796812, 3984060),
	('GPY37119', 'GoPay', 'CT815958', 'F7811527', '2022-07-11 21:54:06', 1, 483428, 483428),
	('GPY67274', 'GoPay', 'CT437060', 'F7275050', '2023-02-21 6:19:31', 2, 703024, 1406048),
	('GPY40040', 'GoPay', 'CT153309', 'F8362697', '2022-08-11 21:46:58', 3, 679113, 2037339),
	('GPY63128', 'GoPay', 'CT241320', 'F9061754', '2022-12-16 23:57:51', 5, 973214, 4866070),
	('BPY35439', 'BNI', 'CT816479', 'F5098210', '2023-01-13 0:24:19', 4, 495899, 1983596),
	('GPY24421', 'GoPay', 'CT159666', 'F3115617', '2022-11-10 9:25:08', 4, 839173, 3356692),
	('BPY44021', 'BNI', 'CT590459', 'F1515677', '2022-09-19 5:05:00', 3, 447331, 1341993),
	('BPY52147', 'BNI', 'CT041554', 'F7887645', '2022-06-22 8:17:49', 3, 251578, 754734),
	('GPY19744', 'GoPay', 'CT207216', 'F8117547', '2022-06-04 6:20:44', 2, 409017, 818034),
	('GPY55942', 'GoPay', 'CT979936', 'F7849452', '2023-04-20 10:31:11', 3, 151580, 454740),
	('BPY98158', 'BNI', 'CT444004', 'F4422058', '2022-11-14 5:10:29', 4, 838882, 3355528),
	('GPY77081', 'GoPay', 'CT948394', 'F1440753', '2023-02-09 14:17:37', 5, 579345, 2896725),
	('BPY83770', 'BNI', 'CT884530', 'F9061754', '2023-04-07 12:38:30', 5, 973214, 4866070),
	('GPY90586', 'GoPay', 'CT727229', 'F8077074', '2023-04-07 23:03:50', 2, 954951, 1909902),
	('GPY10201', 'GoPay', 'CT321738', 'F1939816', '2022-08-28 3:18:39', 3, 464657, 1393971),
	('GPY01935', 'GoPay', 'CT731466', 'F4862423', '2022-07-26 20:50:23', 5, 183232, 916160),
	('GPY12120', 'GoPay', 'CT057935', 'F0664000', '2022-12-08 5:54:39', 5, 114474, 572370),
	('GPY48478', 'GoPay', 'CT287501', 'F8117547', '2022-12-31 0:48:54', 5, 409017, 2045085),
	('GPY38172', 'GoPay', 'CT176558', 'F7890291', '2023-01-29 7:33:41', 2, 306068, 612136),
	('GPY03491', 'GoPay', 'CT408374', 'F6165387', '2023-04-19 5:07:00', 3, 499534, 1498602),
	('GPY33654', 'GoPay', 'CT200995', 'F4663301', '2022-10-29 5:43:52', 2, 806681, 1613362),
	('GPY27081', 'GoPay', 'CT287501', 'F3115617', '2023-03-23 5:36:18', 1, 839173, 839173),
	('GPY10201', 'GoPay', 'CT321738', 'F7393199', '2022-08-28 3:18:39', 3, 233500, 700500),
	('BPY55418', 'BNI', 'CT813581', 'F6372360', '2022-06-02 16:34:05', 1, 555994, 555994),
	('GPY74357', 'GoPay', 'CT954122', 'F0965627', '2023-02-03 6:12:49', 5, 305976, 1529880),
	('GPY86826', 'GoPay', 'CT798121', 'F7451970', '2023-04-02 22:58:31', 5, 826423, 4132115),
	('GPY75619', 'GoPay', 'CT716089', 'F0608658', '2023-03-04 4:14:19', 2, 309760, 619520),
	('BPY52232', 'BNI', 'CT219723', 'F9821817', '2022-11-06 18:07:11', 3, 585657, 1756971),
	('BPY68886', 'BNI', 'CT232291', 'F7221836', '2022-12-03 4:45:49', 3, 319716, 959148),
	('GPY14011', 'GoPay', 'CT276034', 'F7986007', '2023-05-12 8:50:42', 5, 996310, 4981550),
	('BPY75181', 'BNI', 'CT595257', 'F1440753', '2023-03-07 10:52:08', 2, 579345, 1158690),
	('GPY65547', 'GoPay', 'CT934132', 'F7370848', '2022-09-06 22:44:52', 4, 740817, 2963268),
	('GPY99364', 'GoPay', 'CT658935', 'F6372360', '2022-11-26 16:56:41', 1, 555994, 555994),
	('BPY99104', 'BNI', 'CT216589', 'F2156098', '2023-03-31 3:32:13', 5, 466377, 2331885),
	('GPY94304', 'GoPay', 'CT727229', 'F3623994', '2023-02-09 6:01:37', 1, 436619, 436619),
	('BPY83770', 'BNI', 'CT884530', 'F1440753', '2023-04-07 12:38:30', 2, 579345, 1158690),
	('GPY51827', 'GoPay', 'CT513358', 'F7221836', '2022-07-20 13:18:29', 3, 319716, 959148),
	('GPY32518', 'GoPay', 'CT091686', 'F4535223', '2022-06-18 10:15:10', 1, 104323, 104323),
	('GPY66127', 'GoPay', 'CT653859', 'F3115617', '2023-04-11 6:00:53', 1, 839173, 839173),
	('GPY56247', 'GoPay', 'CT057935', 'F5828744', '2022-06-24 12:19:09', 3, 475836, 1427508),
	('GPY94304', 'GoPay', 'CT727229', 'F0063865', '2023-02-09 6:01:37', 2, 998260, 1996520),
	('BPY70686', 'BNI', 'CT084553', 'F0343271', '2023-02-13 10:17:25', 1, 690320, 690320),
	('GPY98310', 'GoPay', 'CT176558', 'F4470268', '2022-10-27 0:46:40', 4, 757365, 3029460),
	('GPY01450', 'GoPay', 'CT999828', 'F3534332', '2023-01-20 17:50:42', 3, 691226, 2073678),
	('GPY23609', 'GoPay', 'CT815958', 'F3115617', '2023-02-27 7:41:57', 4, 839173, 3356692),
	('GPY78799', 'GoPay', 'CT413066', 'F9601220', '2023-05-09 16:47:08', 4, 733580, 2934320),
	('BPY44021', 'BNI', 'CT590459', 'F4682635', '2022-09-19 5:05:00', 5, 755277, 3776385),
	('GPY57927', 'GoPay', 'CT002026', 'F0063865', '2022-10-04 18:04:29', 2, 998260, 1996520),
	('BPY37174', 'BNI', 'CT307718', 'F1380229', '2022-09-20 12:35:07', 3, 682759, 2048277),
	('BPY54088', 'BNI', 'CT335033', 'F7535636', '2023-01-07 7:56:03', 3, 506787, 1520361),
	('BPY37031', 'BNI', 'CT595257', 'F3902306', '2023-01-11 20:26:29', 2, 640766, 1281532),
	('BPY65404', 'BNI', 'CT776323', 'F2252156', '2023-03-05 2:44:05', 1, 238434, 238434),
	('BPY55418', 'BNI', 'CT813581', 'F9546153', '2022-06-02 16:34:05', 1, 713966, 713966),
	('BPY03025', 'BNI', 'CT841001', 'F6372360', '2023-03-10 23:34:38', 1, 555994, 555994),
	('BPY31915', 'BNI', 'CT057905', 'F4862423', '2023-02-26 10:07:53', 5, 183232, 916160),
	('GPY62257', 'GoPay', 'CT200995', 'F6877089', '2023-02-07 19:53:01', 5, 756413, 3782065),
	('GPY38524', 'GoPay', 'CT999828', 'F4682635', '2022-12-23 13:52:42', 4, 755277, 3021108),
	('GPY78799', 'GoPay', 'CT413066', 'F1515677', '2023-05-09 16:47:08', 1, 447331, 447331),
	('GPY99735', 'GoPay', 'CT417103', 'F0965627', '2022-09-20 13:04:00', 5, 305976, 1529880),
	('GPY57927', 'GoPay', 'CT002026', 'F1440753', '2022-10-04 18:04:29', 2, 579345, 1158690),
	('BPY73471', 'BNI', 'CT336162', 'F7451970', '2023-02-02 11:22:08', 5, 826423, 4132115),
	('GPY19744', 'GoPay', 'CT207216', 'F9864189', '2022-06-04 6:20:44', 2, 203991, 407982),
	('BPY18155', 'BNI', 'CT058064', 'F5098210', '2023-01-16 1:17:42', 4, 495899, 1983596),
	('GPY29839', 'GoPay', 'CT513358', 'F9768961', '2023-05-25 2:21:23', 5, 599245, 2996225),
	('BPY70686', 'BNI', 'CT084553', 'F1678275', '2023-02-13 10:17:25', 1, 863783, 863783),
	('BPY37031', 'BNI', 'CT595257', 'F6081062', '2023-01-11 20:26:29', 5, 679039, 3395195),
	('GPY89519', 'GoPay', 'CT341751', 'F0343271', '2022-08-25 20:58:44', 3, 690320, 2070960),
	('GPY49173', 'GoPay', 'CT960439', 'F1339400', '2022-07-31 15:10:36', 2, 930668, 1861336),
	('GPY66127', 'GoPay', 'CT653859', 'F4122143', '2023-04-11 6:00:53', 4, 954164, 3816656),
	('BPY56932', 'BNI', 'CT018895', 'F5828744', '2023-04-04 18:28:40', 3, 475836, 1427508),
	('BPY52232', 'BNI', 'CT219723', 'F6619206', '2022-11-06 18:07:11', 4, 243059, 972236),
	('GPY74064', 'GoPay', 'CT146976', 'F9666558', '2022-10-27 23:15:11', 1, 831873, 831873),
	('BPY24836', 'BNI', 'CT499467', 'F7221836', '2022-06-30 9:22:18', 3, 319716, 959148),
	('BPY54088', 'BNI', 'CT335033', 'F9601220', '2023-01-07 7:56:03', 1, 733580, 733580),
	('BPY59334', 'BNI', 'CT017401', 'F7963924', '2022-06-29 0:06:25', 1, 796812, 796812),
	('BPY85659', 'BNI', 'CT883825', 'F3719957', '2023-04-23 6:39:59', 4, 221346, 885384),
	('GPY41902', 'GoPay', 'CT854110', 'F7535636', '2022-10-29 8:04:56', 5, 506787, 2533935),
	('GPY00662', 'GoPay', 'CT979936', 'F8999931', '2023-02-28 13:02:52', 2, 915086, 1830172),
	('BPY12526', 'BNI', 'CT365166', 'F0643925', '2022-09-29 13:22:28', 3, 564660, 1693980),
	('GPY57226', 'GoPay', 'CT731466', 'F9546153', '2022-10-27 17:38:58', 5, 713966, 3569830),
	('BPY59523', 'BNI', 'CT058064', 'F7370848', '2022-11-25 21:16:43', 2, 740817, 1481634),
	('BPY19307', 'BNI', 'CT018895', 'F3482819', '2022-06-24 19:54:19', 5, 528018, 2640090),
	('BPY44540', 'BNI', 'CT044984', 'F4527533', '2022-11-03 23:22:10', 3, 359746, 1079238),
	('BPY29728', 'BNI', 'CT692261', 'F4827313', '2022-09-19 23:24:40', 1, 280919, 280919),
	('GPY57927', 'GoPay', 'CT002026', 'F4122143', '2022-10-04 18:04:29', 4, 954164, 3816656),
	('GPY51827', 'GoPay', 'CT513358', 'F8252341', '2022-07-20 13:18:29', 5, 139964, 699820),
	('BPY59334', 'BNI', 'CT017401', 'F8117547', '2022-06-29 0:06:25', 5, 409017, 2045085),
	('GPY37006', 'GoPay', 'CT205086', 'F0965627', '2023-05-21 5:57:58', 1, 305976, 305976),
	('BPY18674', 'BNI', 'CT958846', 'F7890291', '2022-06-03 21:41:58', 4, 306068, 1224272),
	('BPY30677', 'BNI', 'CT755571', 'F9864189', '2022-12-11 2:44:05', 2, 203991, 407982),
	('BPY86719', 'BNI', 'CT395048', 'F1939816', '2023-05-24 21:14:26', 3, 464657, 1393971),
	('GPY37119', 'GoPay', 'CT815958', 'F9061754', '2022-07-11 21:54:06', 5, 973214, 4866070),
	('GPY46976', 'GoPay', 'CT768855', 'F8124688', '2022-06-03 14:15:00', 2, 803689, 1607378),
	('GPY75619', 'GoPay', 'CT716089', 'F7535636', '2023-03-04 4:14:19', 5, 506787, 2533935),
	('GPY74191', 'GoPay', 'CT602067', 'F3902306', '2022-12-28 8:17:50', 2, 640766, 1281532),
	('GPY48478', 'GoPay', 'CT287501', 'F3243929', '2022-12-31 0:48:54', 5, 248040, 1240200),
	('GPY71686', 'GoPay', 'CT338133', 'F9601220', '2022-07-13 16:16:14', 4, 733580, 2934320),
	('GPY55942', 'GoPay', 'CT979936', 'F1440753', '2023-04-20 10:31:11', 5, 579345, 2896725),
	('GPY85342', 'GoPay', 'CT999001', 'F0664000', '2022-12-22 14:05:51', 5, 114474, 572370),
	('BPY34746', 'BNI', 'CT041554', 'F7221836', '2023-03-04 11:58:43', 3, 319716, 959148),
	('BPY06925', 'BNI', 'CT447944', 'F6877089', '2023-03-15 14:07:58', 1, 756413, 756413),
	('GPY90586', 'GoPay', 'CT727229', 'F7393199', '2023-04-07 23:03:50', 3, 233500, 700500),
	('BPY78802', 'BNI', 'CT590459', 'F0285512', '2022-08-24 11:29:26', 3, 788196, 2364588),
	('BPY44540', 'BNI', 'CT044984', 'F4827313', '2022-11-03 23:22:10', 1, 280919, 280919),
	('BPY86719', 'BNI', 'CT395048', 'F4122143', '2023-05-24 21:14:26', 4, 954164, 3816656),
	('GPY97713', 'GoPay', 'CT514389', 'F2252156', '2022-08-18 1:53:15', 1, 238434, 238434),
	('BPY58594', 'BNI', 'CT395048', 'F0027981', '2023-02-11 13:31:23', 1, 927404, 927404),
	('GPY91971', 'GoPay', 'CT217412', 'F0643925', '2022-12-22 14:15:26', 3, 564660, 1693980),
	('BPY02648', 'BNI', 'CT336162', 'F1213182', '2022-12-03 5:21:43', 2, 249331, 498662),
	('GPY44660', 'GoPay', 'CT744478', 'F4612655', '2022-08-13 18:54:53', 2, 453742, 907484),
	('BPY59334', 'BNI', 'CT017401', 'F5828744', '2022-06-29 0:06:25', 3, 475836, 1427508),
	('BPY46479', 'BNI', 'CT841001', 'F8077074', '2022-09-22 9:42:49', 2, 954951, 1909902),
	('BPY03025', 'BNI', 'CT841001', 'F1380229', '2023-03-10 23:34:38', 3, 682759, 2048277),
	('BPY08268', 'BNI', 'CT365819', 'F7850938', '2022-08-26 1:19:42', 4, 146510, 586040),
	('GPY85300', 'GoPay', 'CT106978', 'F9519340', '2022-09-10 11:37:37', 2, 910428, 1820856),
	('GPY31058', 'GoPay', 'CT482887', 'F4122143', '2023-02-06 12:34:20', 4, 954164, 3816656),
	('GPY14908', 'GoPay', 'CT408374', 'F7098593', '2022-06-25 0:55:51', 2, 409648, 819296),
	('BPY52263', 'BNI', 'CT017401', 'F3719957', '2023-01-17 9:24:23', 2, 221346, 442692),
	('BPY77984', 'BNI', 'CT044984', 'F7887645', '2023-03-17 15:12:48', 3, 251578, 754734),
	('GPY46976', 'GoPay', 'CT768855', 'F3943190', '2022-06-03 14:15:00', 3, 442156, 1326468),
	('BPY88869', 'BNI', 'CT124325', 'F3902306', '2023-02-19 14:03:42', 2, 640766, 1281532),
	('GPY85300', 'GoPay', 'CT106978', 'F9519340', '2022-09-10 11:37:37', 2, 910428, 1820856),
	('GPY29183', 'GoPay', 'CT153309', 'F3842409', '2022-12-20 16:57:44', 3, 986011, 2958033),
	('GPY57927', 'GoPay', 'CT002026', 'F1678275', '2022-10-04 18:04:29', 1, 863783, 863783),
	('GPY85342', 'GoPay', 'CT999001', 'F0343271', '2022-12-22 14:05:51', 1, 690320, 690320),
	('GPY72255', 'GoPay', 'CT159666', 'F3536760', '2022-06-26 19:25:52', 2, 655160, 1310320),
	('GPY96662', 'GoPay', 'CT948394', 'F6612840', '2023-04-09 0:38:15', 3, 465507, 1396521),
	('BPY54088', 'BNI', 'CT335033', 'F6081062', '2023-01-07 7:56:03', 5, 679039, 3395195),
	('BPY32974', 'BNI', 'CT600025', 'F3943190', '2022-12-09 4:35:40', 3, 442156, 1326468),
	('BPY34746', 'BNI', 'CT041554', 'F5169515', '2023-03-04 11:58:43', 1, 254315, 254315),
	('BPY88869', 'BNI', 'CT124325', 'F5828744', '2023-02-19 14:03:42', 3, 475836, 1427508),
	('GPY92141', 'GoPay', 'CT205086', 'F3074413', '2023-03-12 7:54:44', 1, 376774, 376774),
	('GPY48478', 'GoPay', 'CT287501', 'F3623994', '2022-12-31 0:48:54', 1, 436619, 436619),
	('BPY32974', 'BNI', 'CT600025', 'F4470268', '2022-12-09 4:35:40', 4, 757365, 3029460),
	('BPY68886', 'BNI', 'CT232291', 'F9061754', '2022-12-03 4:45:49', 2, 973214, 1946428),
	('GPY74357', 'GoPay', 'CT954122', 'F7890291', '2023-02-03 6:12:49', 2, 306068, 612136),
	('BPY89288', 'BNI', 'CT487961', 'F9519340', '2023-01-08 14:57:06', 2, 910428, 1820856),
	('GPY55942', 'GoPay', 'CT979936', 'F8252341', '2023-04-20 10:31:11', 5, 139964, 699820),
	('GPY85300', 'GoPay', 'CT106978', 'F3902306', '2022-09-10 11:37:37', 2, 640766, 1281532),
	('BPY14664', 'BNI', 'CT338072', 'F1678275', '2023-04-23 9:10:04', 1, 863783, 863783),
	('BPY02250', 'BNI', 'CT816479', 'F5169515', '2023-04-22 4:24:02', 1, 254315, 254315),
	('GPY23609', 'GoPay', 'CT815958', 'F6539529', '2023-02-27 7:41:57', 4, 722031, 2888124),
	('GPY41902', 'GoPay', 'CT854110', 'F3388932', '2022-10-29 8:04:56', 2, 754816, 1509632),
	('BPY00176', 'BNI', 'CT219723', 'F9821817', '2022-08-24 14:48:53', 3, 585657, 1756971),
	('BPY54226', 'BNI', 'CT484892', 'F4827313', '2022-05-29 9:20:57', 1, 280919, 280919),
	('BPY10081', 'BNI', 'CT197967', 'F1380229', '2022-11-05 0:05:00', 4, 682759, 2731036),
	('GPY14908', 'GoPay', 'CT408374', 'F8999931', '2022-06-25 0:55:51', 2, 915086, 1830172),
	('BPY09597', 'BNI', 'CT307718', 'F7535636', '2022-07-21 12:01:33', 3, 506787, 1520361),
	('GPY97713', 'GoPay', 'CT514389', 'F2156098', '2022-08-18 1:53:15', 2, 466377, 932754),
	('BPY91180', 'BNI', 'CT871838', 'F9601220', '2022-10-20 6:14:51', 1, 733580, 733580),
	('GPY03491', 'GoPay', 'CT408374', 'F8407147', '2023-04-19 5:07:00', 2, 448783, 897566),
	('GPY74357', 'GoPay', 'CT954122', 'F1213182', '2023-02-03 6:12:49', 2, 249331, 498662),
	('BPY59334', 'BNI', 'CT017401', 'F3263912', '2022-06-29 0:06:25', 1, 532422, 532422),
	('BPY09597', 'BNI', 'CT307718', 'F1380229', '2022-07-21 12:01:33', 3, 682759, 2048277),
	('GPY63054', 'GoPay', 'CT140834', 'F9519340', '2023-04-01 6:19:35', 3, 910428, 2731284),
	('GPY44660', 'GoPay', 'CT744478', 'F7275050', '2022-08-13 18:54:53', 2, 703024, 1406048),
	('BPY94819', 'BNI', 'CT365819', 'F0561466', '2022-06-17 0:08:30', 5, 603040, 3015200),
	('GPY32518', 'GoPay', 'CT091686', 'F6539529', '2022-06-18 10:15:10', 4, 722031, 2888124),
	('BPY52232', 'BNI', 'CT219723', 'F3388932', '2022-11-06 18:07:11', 2, 754816, 1509632),
	('GPY40426', 'GoPay', 'CT002026', 'F0285512', '2022-07-15 21:56:06', 3, 788196, 2364588),
	('BPY82987', 'BNI', 'CT232291', 'F8362697', '2022-11-17 22:04:32', 3, 679113, 2037339);


-- Dumping database structure for dbshipperjne
CREATE DATABASE IF NOT EXISTS `dbshipperjne` /*!40100 DEFAULT CHARACTER SET utf8mb4 COLLATE utf8mb4_0900_ai_ci */ /*!80016 DEFAULT ENCRYPTION='N' */;
USE `dbshipperjne`;

-- Dumping structure for table dbshipperjne.jne_shipping
CREATE TABLE IF NOT EXISTS `jne_shipping` (
  `shipping_number` varchar(10) NOT NULL,
  `sender_name` varchar(10) DEFAULT NULL,
  `receiver_name` varchar(20) DEFAULT NULL,
  `sender_address` varchar(30) DEFAULT NULL,
  `receiver_address` varchar(30) DEFAULT NULL,
  `shipping_date` varchar(120) NOT NULL,
  `shipping_type` varchar(10) NOT NULL,
  `product_type` varchar(10) NOT NULL,
  `product_weight` tinyint DEFAULT NULL,
  `shipping_fee` mediumint DEFAULT NULL,
  PRIMARY KEY (`shipping_number`)
) ENGINE=InnoDB DEFAULT CHARSET=utf8mb4 COLLATE=utf8mb4_0900_ai_ci;

-- Dumping data for table dbshipperjne.jne_shipping: ~250 rows (approximately)
DELETE FROM `jne_shipping`;
INSERT INTO `jne_shipping` (`shipping_number`, `sender_name`, `receiver_name`, `sender_address`, `receiver_address`, `shipping_date`, `shipping_type`, `product_type`, `product_weight`, `shipping_fee`) VALUES
	('JSH00128', 'Zalya', 'Lisette Carrack', '80074 Maywood Point', '5222 Maywood Pass', '2022-10-11 14:46:20', 'express', 'fashion', 13, 19500),
	('JSH00442', 'Lumiere', 'Tim McKeever', '0614 Southridge Parkway', '26 Northwestern Park', '2022-10-30 07:38:52', 'express', 'cosmetics', 14, 21000),
	('JSH00482', 'Lumiere', 'Smith Oddie', '0614 Southridge Parkway', '3034 Monument Crossing', '2023-04-24 09:10:04', 'express', 'cosmetics', 56, 84000),
	('JSH00849', 'Zalya', 'Les Sandeman', '80074 Maywood Point', '842 Lighthouse Bay Road', '2022-06-15 09:43:57', 'economic', 'fashion', 84, 126000),
	('JSH01747', 'Lumiere', 'Dalia Cunah', '0614 Southridge Parkway', '554 Dorton Way', '2023-04-08 12:38:30', 'express', 'cosmetics', 5, 7500),
	('JSH01801', 'Lumiere', 'Marilin Carverhill', '0614 Southridge Parkway', '3 Bonner Lane', '2022-12-04 04:45:49', 'express', 'cosmetics', 77, 115500),
	('JSH02866', 'Lumiere', 'Chicky Flattman', '0614 Southridge Parkway', '9 Eastlawn Trail', '2023-03-25 03:51:52', 'regular', 'cosmetics', 92, 138000),
	('JSH03066', 'Zalya', 'Michelina Rintoul', '80074 Maywood Point', '761 Crownhardt Crossing', '2023-03-06 02:44:05', 'regular', 'fashion', 8, 12000),
	('JSH03252', 'Lumiere', 'Olivero Pestell', '0614 Southridge Parkway', '52534 Blackbird Drive', '2023-01-09 14:57:06', 'regular', 'cosmetics', 72, 108000),
	('JSH03618', 'Effe', 'Les Sandeman', '5 Lakewood Gardens Center', '842 Lighthouse Bay Road', '2022-06-15 09:43:57', 'express', 'perfume', 68, 102000),
	('JSH04121', 'Lumiere', 'Dorotea Cortes', '0614 Southridge Parkway', '1 Haas Junction', '2022-08-25 14:48:53', 'express', 'cosmetics', 83, 124500),
	('JSH04405', 'Lumiere', 'Dell Lambard', '0614 Southridge Parkway', '87151 Gale Court', '2023-03-11 23:34:38', 'regular', 'cosmetics', 38, 57000),
	('JSH04493', 'Lumiere', 'Thomasa Romanet', '0614 Southridge Parkway', '8 Kings Parkway', '2022-10-08 08:35:37', 'regular', 'cosmetics', 28, 42000),
	('JSH04747', 'Zalya', 'Jackquelin Glancy', '80074 Maywood Point', '02 Superior Lane', '2023-02-12 13:31:23', 'express', 'fashion', 85, 127500),
	('JSH04839', 'Effe', 'Olivero Pestell', '5 Lakewood Gardens Center', '52534 Blackbird Drive', '2022-11-16 07:12:17', 'express', 'perfume', 72, 108000),
	('JSH04973', 'Zalya', 'Chicky Flattman', '80074 Maywood Point', '9 Eastlawn Trail', '2023-01-16 11:53:01', 'regular', 'fashion', 92, 138000),
	('JSH05001', 'Zalya', 'Harold Andriolli', '80074 Maywood Point', '259 Homewood Drive', '2022-11-04 23:22:10', 'economic', 'fashion', 10, 15000),
	('JSH05283', 'Lumiere', 'Celina Clowley', '0614 Southridge Parkway', '2 Reindahl Way', '2022-05-30 09:20:57', 'economic', 'cosmetics', 13, 19500),
	('JSH05983', 'Lumiere', 'Alma Hedney', '0614 Southridge Parkway', '531 Red Cloud Court', '2022-09-05 18:35:10', 'regular', 'cosmetics', 29, 43500),
	('JSH06112', 'Zalya', 'Hersch Ferrario', '80074 Maywood Point', '109 Vernon Pass', '2022-10-21 06:14:51', 'regular', 'fashion', 88, 132000),
	('JSH06156', 'Lumiere', 'Zollie Timperley', '0614 Southridge Parkway', '91 Union Plaza', '2023-02-27 10:07:53', 'economic', 'cosmetics', 92, 138000),
	('JSH07763', 'Lumiere', 'Tim McKeever', '0614 Southridge Parkway', '26 Northwestern Park', '2023-03-16 14:07:58', 'economic', 'cosmetics', 85, 127500),
	('JSH07771', 'Zalya', 'Celina Clowley', '80074 Maywood Point', '2 Reindahl Way', '2022-10-31 09:31:00', 'express', 'fashion', 42, 63000),
	('JSH07998', 'Zalya', 'Gradey Grabiec', '80074 Maywood Point', '29 Lillian Street', '2022-08-25 11:29:26', 'regular', 'fashion', 25, 37500),
	('JSH08343', 'Lumiere', 'Dorena Thamelt', '0614 Southridge Parkway', '488 Hoepker Parkway', '2023-04-05 12:13:40', 'regular', 'cosmetics', 41, 61500),
	('JSH09185', 'Effe', 'Colette Filchagin', '5 Lakewood Gardens Center', '79 Morning Road', '2023-03-08 10:52:08', 'regular', 'perfume', 63, 94500),
	('JSH09646', 'Effe', 'Michelina Rintoul', '5 Lakewood Gardens Center', '761 Crownhardt Crossing', '2022-11-15 07:44:13', 'economic', 'perfume', 52, 78000),
	('JSH09785', 'Zalya', 'Dell Lambard', '80074 Maywood Point', '87151 Gale Court', '2023-03-11 23:34:38', 'regular', 'fashion', 99, 148500),
	('JSH10035', 'Lumiere', 'Tudor Large', '0614 Southridge Parkway', '69335 Brickson Park Point', '2023-02-22 00:36:24', 'economic', 'cosmetics', 55, 82500),
	('JSH10144', 'Zalya', 'Marilin Carverhill', '80074 Maywood Point', '3 Bonner Lane', '2022-11-18 22:04:32', 'express', 'fashion', 92, 138000),
	('JSH10171', 'Effe', 'Smith Oddie', '5 Lakewood Gardens Center', '3034 Monument Crossing', '2023-04-24 09:10:04', 'economic', 'perfume', 47, 70500),
	('JSH10877', 'Lumiere', 'Les Sandeman', '0614 Southridge Parkway', '842 Lighthouse Bay Road', '2022-06-15 09:43:57', 'economic', 'cosmetics', 84, 126000),
	('JSH11394', 'Zalya', 'Olivero Pestell', '80074 Maywood Point', '52534 Blackbird Drive', '2023-01-09 14:57:06', 'economic', 'fashion', 81, 121500),
	('JSH11923', 'Lumiere', 'Maureen Ivankov', '0614 Southridge Parkway', '01239 Schiller Place', '2023-05-13 20:31:45', 'regular', 'cosmetics', 16, 24000),
	('JSH12333', 'Zalya', 'Lisette Carrack', '80074 Maywood Point', '5222 Maywood Pass', '2023-04-11 10:55:07', 'economic', 'fashion', 39, 58500),
	('JSH13266', 'Zalya', 'Chicky Flattman', '80074 Maywood Point', '9 Eastlawn Trail', '2023-03-25 03:51:52', 'express', 'fashion', 92, 138000),
	('JSH14097', 'Effe', 'Tim McKeever', '5 Lakewood Gardens Center', '26 Northwestern Park', '2023-03-16 14:07:58', 'regular', 'perfume', 65, 97500),
	('JSH14750', 'Zalya', 'Ive Biesinger', '80074 Maywood Point', '50 Bowman Circle', '2022-10-30 05:33:29', 'express', 'fashion', 33, 49500),
	('JSH15017', 'Lumiere', 'Jackquelin Glancy', '0614 Southridge Parkway', '02 Superior Lane', '2023-05-25 21:14:26', 'economic', 'cosmetics', 85, 127500),
	('JSH15059', 'Zalya', 'Pip Gladman', '80074 Maywood Point', '30 Stephen Street', '2022-12-10 04:35:40', 'express', 'fashion', 54, 81000),
	('JSH15171', 'Zalya', 'Tudor Large', '80074 Maywood Point', '69335 Brickson Park Point', '2022-06-03 16:34:05', 'regular', 'fashion', 18, 27000),
	('JSH15579', 'Zalya', 'Johny Duckit', '80074 Maywood Point', '184 Fair Oaks Pass', '2023-01-17 01:17:42', 'economic', 'fashion', 62, 93000),
	('JSH15780', 'Zalya', 'Philippe Ebben', '80074 Maywood Point', '395 Lukken Lane', '2022-11-18 18:03:00', 'economic', 'fashion', 74, 111000),
	('JSH15883', 'Effe', 'Lisette Carrack', '5 Lakewood Gardens Center', '5222 Maywood Pass', '2022-10-11 14:46:20', 'express', 'perfume', 13, 19500),
	('JSH16033', 'Effe', 'Vivi Tweedie', '5 Lakewood Gardens Center', '688 Rowland Circle', '2023-04-11 09:46:08', 'regular', 'perfume', 28, 42000),
	('JSH16124', 'Effe', 'Euell Igo', '5 Lakewood Gardens Center', '33 Southridge Trail', '2022-10-16 01:04:51', 'regular', 'perfume', 62, 93000),
	('JSH16224', 'Zalya', 'Hersch Ferrario', '80074 Maywood Point', '109 Vernon Pass', '2023-02-28 08:40:00', 'express', 'fashion', 7, 10500),
	('JSH16356', 'Lumiere', 'Kippy Meyer', '0614 Southridge Parkway', '19 Dwight Circle', '2023-05-23 10:43:42', 'economic', 'cosmetics', 31, 46500),
	('JSH16803', 'Zalya', 'Anestassia Realy', '80074 Maywood Point', '3770 Packers Drive', '2022-09-20 23:24:40', 'express', 'fashion', 46, 69000),
	('JSH17006', 'Effe', 'Tudor Large', '5 Lakewood Gardens Center', '69335 Brickson Park Point', '2022-06-03 16:34:05', 'economic', 'perfume', 52, 78000),
	('JSH18135', 'Effe', 'Alma Hedney', '5 Lakewood Gardens Center', '531 Red Cloud Court', '2022-11-15 05:10:29', 'economic', 'perfume', 29, 43500),
	('JSH18609', 'Lumiere', 'Dorotea Cortes', '0614 Southridge Parkway', '1 Haas Junction', '2022-11-07 18:07:11', 'express', 'cosmetics', 94, 141000),
	('JSH18994', 'Lumiere', 'Les Sandeman', '0614 Southridge Parkway', '842 Lighthouse Bay Road', '2023-02-14 10:17:25', 'regular', 'cosmetics', 77, 115500),
	('JSH19738', 'Lumiere', 'Brod Oak', '0614 Southridge Parkway', '29 Sutteridge Way', '2023-03-05 11:58:43', 'express', 'cosmetics', 38, 57000),
	('JSH19898', 'Zalya', 'Tim McKeever', '80074 Maywood Point', '26 Northwestern Park', '2023-03-16 14:07:58', 'express', 'fashion', 14, 21000),
	('JSH19930', 'Lumiere', 'Chicky Flattman', '0614 Southridge Parkway', '9 Eastlawn Trail', '2023-01-16 11:53:01', 'economic', 'cosmetics', 92, 138000),
	('JSH20196', 'Zalya', 'Dalia Cunah', '80074 Maywood Point', '554 Dorton Way', '2023-03-13 20:07:24', 'express', 'fashion', 5, 7500),
	('JSH20344', 'Lumiere', 'Kippy Meyer', '0614 Southridge Parkway', '19 Dwight Circle', '2023-04-01 03:32:13', 'express', 'cosmetics', 42, 63000),
	('JSH20917', 'Lumiere', 'Willey Kingett', '0614 Southridge Parkway', '03171 Daystar Alley', '2022-06-18 00:08:30', 'regular', 'cosmetics', 78, 117000),
	('JSH20968', 'Lumiere', 'Hersch Ferrario', '0614 Southridge Parkway', '109 Vernon Pass', '2023-02-28 08:40:00', 'economic', 'cosmetics', 88, 132000),
	('JSH21122', 'Lumiere', 'Allyson Cottu', '0614 Southridge Parkway', '01 Clyde Gallagher Park', '2023-01-14 00:24:19', 'express', 'cosmetics', 65, 97500),
	('JSH22269', 'Lumiere', 'Antonio Gladwin', '0614 Southridge Parkway', '030 Golf Trail', '2022-08-17 18:30:20', 'express', 'cosmetics', 99, 148500),
	('JSH22453', 'Zalya', 'Michelina Rintoul', '80074 Maywood Point', '761 Crownhardt Crossing', '2022-11-15 07:44:13', 'express', 'fashion', 8, 12000),
	('JSH22813', 'Zalya', 'Clare Degnen', '80074 Maywood Point', '5 Claremont Crossing', '2022-09-21 11:58:32', 'economic', 'fashion', 7, 10500),
	('JSH23331', 'Lumiere', 'Lin Padly', '0614 Southridge Parkway', '12475 Carioca Circle', '2023-04-24 06:39:59', 'economic', 'cosmetics', 82, 123000),
	('JSH23685', 'Effe', 'Hersch Ferrario', '5 Lakewood Gardens Center', '109 Vernon Pass', '2023-02-28 08:40:00', 'economic', 'perfume', 90, 135000),
	('JSH23696', 'Zalya', 'Robinett Canon', '80074 Maywood Point', '46598 Burning Wood Street', '2023-03-10 23:19:05', 'express', 'fashion', 12, 18000),
	('JSH23715', 'Zalya', 'Dell Lambard', '80074 Maywood Point', '87151 Gale Court', '2022-09-23 09:42:49', 'express', 'fashion', 38, 57000),
	('JSH24101', 'Lumiere', 'Alma Hedney', '0614 Southridge Parkway', '531 Red Cloud Court', '2022-11-15 05:10:29', 'regular', 'cosmetics', 29, 43500),
	('JSH24599', 'Zalya', 'Pip Gladman', '80074 Maywood Point', '30 Stephen Street', '2022-08-30 18:48:37', 'regular', 'fashion', 42, 63000),
	('JSH24611', 'Lumiere', 'Maureen Ivankov', '0614 Southridge Parkway', '01239 Schiller Place', '2023-03-26 23:36:50', 'regular', 'cosmetics', 44, 66000),
	('JSH24819', 'Effe', 'Clare Degnen', '5 Lakewood Gardens Center', '5 Claremont Crossing', '2022-11-22 16:21:26', 'regular', 'perfume', 86, 129000),
	('JSH26026', 'Effe', 'Antonio Gladwin', '5 Lakewood Gardens Center', '030 Golf Trail', '2022-08-17 18:30:20', 'express', 'perfume', 41, 61500),
	('JSH26778', 'Zalya', 'Audy Pearcy', '80074 Maywood Point', '99331 Brentwood Drive', '2023-02-03 11:22:08', 'economic', 'fashion', 28, 42000),
	('JSH27098', 'Zalya', 'Aggie Delamere', '80074 Maywood Point', '016 Merry Way', '2022-10-15 22:03:56', 'regular', 'fashion', 73, 109500),
	('JSH27145', 'Zalya', 'Darrelle Hamlen', '80074 Maywood Point', '70651 Hagan Alley', '2022-11-06 23:08:26', 'express', 'fashion', 7, 10500),
	('JSH27500', 'Zalya', 'Janeta Goare', '80074 Maywood Point', '33 Rowland Point', '2022-07-22 12:01:33', 'regular', 'fashion', 86, 129000),
	('JSH27686', 'Effe', 'Morse McSperron', '5 Lakewood Gardens Center', '25 Fremont Junction', '2023-04-05 18:28:40', 'express', 'perfume', 82, 123000),
	('JSH28052', 'Effe', 'Marilin Carverhill', '5 Lakewood Gardens Center', '3 Bonner Lane', '2022-12-04 04:45:49', 'economic', 'perfume', 77, 115500),
	('JSH28561', 'Lumiere', 'Anestassia Realy', '0614 Southridge Parkway', '3770 Packers Drive', '2022-09-16 04:31:58', 'economic', 'cosmetics', 70, 105000),
	('JSH28581', 'Lumiere', 'Norry Mushrow', '0614 Southridge Parkway', '24870 Ramsey Hill', '2022-12-12 19:08:58', 'express', 'cosmetics', 69, 103500),
	('JSH28582', 'Zalya', 'Euell Igo', '80074 Maywood Point', '33 Southridge Trail', '2023-01-30 21:30:46', 'express', 'fashion', 62, 93000),
	('JSH28742', 'Zalya', 'Olivero Pestell', '80074 Maywood Point', '52534 Blackbird Drive', '2022-11-16 07:12:17', 'express', 'fashion', 81, 121500),
	('JSH29003', 'Zalya', 'Willey Kingett', '80074 Maywood Point', '03171 Daystar Alley', '2022-06-18 00:08:30', 'regular', 'fashion', 78, 117000),
	('JSH29301', 'Zalya', 'Nicolina Balharry', '80074 Maywood Point', '355 Karstens Alley', '2022-12-12 02:44:05', 'economic', 'fashion', 58, 87000),
	('JSH29559', 'Effe', 'Philippe Ebben', '5 Lakewood Gardens Center', '395 Lukken Lane', '2022-06-04 21:41:58', 'regular', 'perfume', 74, 111000),
	('JSH30172', 'Lumiere', 'Celina Clowley', '0614 Southridge Parkway', '2 Reindahl Way', '2022-10-31 09:31:00', 'regular', 'cosmetics', 54, 81000),
	('JSH30469', 'Zalya', 'Harold Andriolli', '80074 Maywood Point', '259 Homewood Drive', '2023-03-18 15:12:48', 'regular', 'fashion', 13, 19500),
	('JSH31289', 'Lumiere', 'Sergio Drews', '0614 Southridge Parkway', '65 Crownhardt Junction', '2022-08-18 06:14:21', 'express', 'cosmetics', 80, 120000),
	('JSH32801', 'Zalya', 'Audy Pearcy', '80074 Maywood Point', '99331 Brentwood Drive', '2022-12-04 05:21:43', 'regular', 'fashion', 96, 144000),
	('JSH33056', 'Effe', 'Gradey Grabiec', '5 Lakewood Gardens Center', '29 Lillian Street', '2022-09-20 05:05:00', 'regular', 'perfume', 36, 54000),
	('JSH34538', 'Lumiere', 'Morse McSperron', '0614 Southridge Parkway', '25 Fremont Junction', '2022-06-25 19:54:19', 'economic', 'cosmetics', 32, 48000),
	('JSH36388', 'Lumiere', 'Dell Lambard', '0614 Southridge Parkway', '87151 Gale Court', '2022-09-23 09:42:49', 'regular', 'cosmetics', 99, 148500),
	('JSH36577', 'Lumiere', 'Pip Gladman', '0614 Southridge Parkway', '30 Stephen Street', '2022-08-30 18:48:37', 'regular', 'cosmetics', 79, 118500),
	('JSH37021', 'Zalya', 'Alma Hedney', '80074 Maywood Point', '531 Red Cloud Court', '2022-09-05 18:35:10', 'express', 'fashion', 29, 43500),
	('JSH37167', 'Effe', 'Jackquelin Glancy', '5 Lakewood Gardens Center', '02 Superior Lane', '2023-02-12 13:31:23', 'express', 'perfume', 51, 76500),
	('JSH37245', 'Zalya', 'Tim McKeever', '80074 Maywood Point', '26 Northwestern Park', '2022-10-30 07:38:52', 'economic', 'fashion', 85, 127500),
	('JSH37363', 'Effe', 'Pip Gladman', '5 Lakewood Gardens Center', '30 Stephen Street', '2022-08-30 18:48:37', 'economic', 'perfume', 54, 81000),
	('JSH37450', 'Lumiere', 'Vicki Fawdry', '0614 Southridge Parkway', '05 Annamark Crossing', '2023-03-11 01:38:50', 'express', 'cosmetics', 35, 52500),
	('JSH37462', 'Lumiere', 'Brod Oak', '0614 Southridge Parkway', '29 Sutteridge Way', '2022-06-23 08:17:49', 'regular', 'cosmetics', 28, 42000),
	('JSH38430', 'Effe', 'Lin Padly', '5 Lakewood Gardens Center', '12475 Carioca Circle', '2023-04-24 06:39:59', 'express', 'perfume', 82, 123000),
	('JSH41156', 'Lumiere', 'Robinett Canon', '0614 Southridge Parkway', '46598 Burning Wood Street', '2023-03-10 23:19:05', 'economic', 'cosmetics', 12, 18000),
	('JSH41464', 'Zalya', 'Babbie Webbe', '80074 Maywood Point', '501 Arkansas Way', '2022-07-01 09:22:18', 'express', 'fashion', 49, 73500),
	('JSH41821', 'Lumiere', 'Audy Pearcy', '0614 Southridge Parkway', '99331 Brentwood Drive', '2022-12-04 05:21:43', 'express', 'cosmetics', 96, 144000),
	('JSH42011', 'Lumiere', 'Tyne McGeachy', '0614 Southridge Parkway', '29092 Pennsylvania Crossing', '2023-01-18 09:24:23', 'regular', 'cosmetics', 37, 55500),
	('JSH42199', 'Effe', 'Babbie Webbe', '5 Lakewood Gardens Center', '501 Arkansas Way', '2022-07-01 09:22:18', 'express', 'perfume', 49, 73500),
	('JSH42558', 'Lumiere', 'Vivi Tweedie', '0614 Southridge Parkway', '688 Rowland Circle', '2022-09-30 13:22:28', 'express', 'cosmetics', 28, 42000),
	('JSH43633', 'Lumiere', 'Pip Gladman', '0614 Southridge Parkway', '30 Stephen Street', '2022-12-10 04:35:40', 'express', 'cosmetics', 54, 81000),
	('JSH44342', 'Effe', 'Nicolina Balharry', '5 Lakewood Gardens Center', '355 Karstens Alley', '2022-12-12 02:44:05', 'regular', 'perfume', 6, 9000),
	('JSH44640', 'Effe', 'Thomasa Romanet', '5 Lakewood Gardens Center', '8 Kings Parkway', '2022-07-22 01:10:17', 'regular', 'perfume', 28, 42000),
	('JSH45224', 'Lumiere', 'Clare Degnen', '0614 Southridge Parkway', '5 Claremont Crossing', '2022-11-22 16:21:26', 'economic', 'cosmetics', 86, 129000),
	('JSH47217', 'Effe', 'Chicky Flattman', '5 Lakewood Gardens Center', '9 Eastlawn Trail', '2023-01-16 11:53:01', 'express', 'perfume', 67, 100500),
	('JSH47343', 'Zalya', 'Eduardo Guitt', '80074 Maywood Point', '701 Forest Hill', '2022-12-04 23:07:54', 'economic', 'fashion', 95, 142500),
	('JSH47378', 'Lumiere', 'Ive Biesinger', '0614 Southridge Parkway', '50 Bowman Circle', '2023-02-09 18:00:17', 'regular', 'cosmetics', 72, 108000),
	('JSH47848', 'Zalya', 'Maureen Ivankov', '80074 Maywood Point', '01239 Schiller Place', '2023-05-13 20:31:45', 'regular', 'fashion', 16, 24000),
	('JSH48349', 'Lumiere', 'Babbie Webbe', '0614 Southridge Parkway', '501 Arkansas Way', '2022-07-01 09:22:18', 'express', 'cosmetics', 96, 144000),
	('JSH48566', 'Zalya', 'Morse McSperron', '80074 Maywood Point', '25 Fremont Junction', '2022-06-25 19:54:19', 'express', 'fashion', 25, 37500),
	('JSH48753', 'Lumiere', 'Clare Degnen', '0614 Southridge Parkway', '5 Claremont Crossing', '2022-09-21 11:58:32', 'express', 'cosmetics', 86, 129000),
	('JSH48788', 'Zalya', 'Ive Biesinger', '80074 Maywood Point', '50 Bowman Circle', '2023-02-09 18:00:17', 'express', 'fashion', 33, 49500),
	('JSH48940', 'Effe', 'Kippy Meyer', '5 Lakewood Gardens Center', '19 Dwight Circle', '2023-04-01 03:32:13', 'economic', 'perfume', 42, 63000),
	('JSH49187', 'Lumiere', 'Hersch Ferrario', '0614 Southridge Parkway', '109 Vernon Pass', '2022-10-21 06:14:51', 'regular', 'cosmetics', 7, 10500),
	('JSH49208', 'Zalya', 'Tudor Large', '80074 Maywood Point', '69335 Brickson Park Point', '2023-02-22 00:36:24', 'regular', 'fashion', 52, 78000),
	('JSH49280', 'Zalya', 'Anestassia Realy', '80074 Maywood Point', '3770 Packers Drive', '2022-09-16 04:31:58', 'economic', 'fashion', 70, 105000),
	('JSH50208', 'Lumiere', 'Smith Oddie', '0614 Southridge Parkway', '3034 Monument Crossing', '2023-04-08 02:26:40', 'economic', 'cosmetics', 47, 70500),
	('JSH50472', 'Zalya', 'Smith Oddie', '80074 Maywood Point', '3034 Monument Crossing', '2023-04-08 02:26:40', 'economic', 'fashion', 47, 70500),
	('JSH50614', 'Lumiere', 'Darrelle Hamlen', '0614 Southridge Parkway', '70651 Hagan Alley', '2022-11-06 23:08:26', 'regular', 'cosmetics', 7, 10500),
	('JSH50750', 'Lumiere', 'Darrelle Hamlen', '0614 Southridge Parkway', '70651 Hagan Alley', '2022-07-09 16:47:12', 'express', 'cosmetics', 51, 76500),
	('JSH51113', 'Lumiere', 'Dalia Cunah', '0614 Southridge Parkway', '554 Dorton Way', '2023-03-13 20:07:24', 'economic', 'cosmetics', 40, 60000),
	('JSH51280', 'Effe', 'Dorotea Cortes', '5 Lakewood Gardens Center', '1 Haas Junction', '2022-08-25 14:48:53', 'regular', 'perfume', 94, 141000),
	('JSH51485', 'Lumiere', 'Vivi Tweedie', '0614 Southridge Parkway', '688 Rowland Circle', '2023-04-11 09:46:08', 'regular', 'cosmetics', 28, 42000),
	('JSH52068', 'Effe', 'Darrelle Hamlen', '5 Lakewood Gardens Center', '70651 Hagan Alley', '2022-11-06 23:08:26', 'economic', 'perfume', 7, 10500),
	('JSH52368', 'Zalya', 'Clare Degnen', '80074 Maywood Point', '5 Claremont Crossing', '2022-11-22 16:21:26', 'economic', 'fashion', 7, 10500),
	('JSH52992', 'Zalya', 'Antonio Gladwin', '80074 Maywood Point', '030 Golf Trail', '2022-11-06 00:05:00', 'regular', 'fashion', 41, 61500),
	('JSH53533', 'Zalya', 'Thomasa Romanet', '80074 Maywood Point', '8 Kings Parkway', '2022-07-22 01:10:17', 'economic', 'fashion', 45, 67500),
	('JSH53542', 'Effe', 'Eduardo Guitt', '0614 Southridge Parkway', '701 Forest Hill', '2023-01-18 09:24:23', 'regular', 'perfume', 37, 55500),
	('JSH53543', '', '', '', '', 'error: Could not access blank value: Use || to provide a default value for blank fields.  Example: (my_field || 0) + 1', 'economic', 'fashion', 0, 0),
	('JSH53608', 'Lumiere', 'Lisette Carrack', '0614 Southridge Parkway', '5222 Maywood Pass', '2023-04-11 10:55:07', 'economic', 'cosmetics', 39, 58500),
	('JSH53684', 'Zalya', 'Philippe Ebben', '80074 Maywood Point', '395 Lukken Lane', '2022-06-04 21:41:58', 'express', 'fashion', 74, 111000),
	('JSH53982', 'Zalya', 'Norry Mushrow', '80074 Maywood Point', '24870 Ramsey Hill', '2022-06-03 02:29:10', 'express', 'fashion', 29, 43500),
	('JSH54003', 'Zalya', 'Maureen Ivankov', '80074 Maywood Point', '01239 Schiller Place', '2023-03-26 23:36:50', 'express', 'fashion', 16, 24000),
	('JSH54011', 'Zalya', 'Thomasa Romanet', '80074 Maywood Point', '8 Kings Parkway', '2022-10-08 08:35:37', 'express', 'fashion', 45, 67500),
	('JSH54624', 'Zalya', 'Morse McSperron', '80074 Maywood Point', '25 Fremont Junction', '2023-04-05 18:28:40', 'express', 'fashion', 82, 123000),
	('JSH54731', 'Lumiere', 'Robinett Canon', '0614 Southridge Parkway', '46598 Burning Wood Street', '2023-01-27 13:49:19', 'express', 'cosmetics', 50, 75000),
	('JSH54895', 'Zalya', 'Colette Filchagin', '80074 Maywood Point', '79 Morning Road', '2023-03-08 10:52:08', 'regular', 'fashion', 63, 94500),
	('JSH55139', 'Lumiere', 'Morse McSperron', '0614 Southridge Parkway', '25 Fremont Junction', '2023-04-05 18:28:40', 'regular', 'cosmetics', 25, 37500),
	('JSH55895', 'Lumiere', 'Janeta Goare', '0614 Southridge Parkway', '33 Rowland Point', '2022-07-22 12:01:33', 'regular', 'cosmetics', 86, 129000),
	('JSH55917', 'Zalya', 'Tyne McGeachy', '80074 Maywood Point', '29092 Pennsylvania Crossing', '2023-01-18 09:24:23', 'regular', 'fashion', 37, 55500),
	('JSH56809', 'Effe', 'Willey Kingett', '5 Lakewood Gardens Center', '03171 Daystar Alley', '2022-08-27 01:19:42', 'express', 'perfume', 94, 141000),
	('JSH56998', 'Effe', 'Sergio Drews', '5 Lakewood Gardens Center', '65 Crownhardt Junction', '2022-10-12 03:36:58', 'regular', 'perfume', 60, 90000),
	('JSH57147', 'Effe', 'Maureen Ivankov', '5 Lakewood Gardens Center', '01239 Schiller Place', '2023-05-13 20:31:45', 'economic', 'perfume', 17, 25500),
	('JSH57250', 'Lumiere', 'Willey Kingett', '0614 Southridge Parkway', '03171 Daystar Alley', '2022-08-27 01:19:42', 'express', 'cosmetics', 15, 22500),
	('JSH58046', 'Zalya', 'Kippy Meyer', '80074 Maywood Point', '19 Dwight Circle', '2023-05-23 10:43:42', 'express', 'fashion', 63, 94500),
	('JSH58603', 'Zalya', 'Dorena Thamelt', '80074 Maywood Point', '488 Hoepker Parkway', '2023-05-23 22:43:08', 'express', 'fashion', 32, 48000),
	('JSH59867', 'Lumiere', 'Sergio Drews', '0614 Southridge Parkway', '65 Crownhardt Junction', '2022-10-12 03:36:58', 'regular', 'cosmetics', 60, 90000),
	('JSH59989', 'Zalya', 'Willey Kingett', '80074 Maywood Point', '03171 Daystar Alley', '2022-08-27 01:19:42', 'express', 'fashion', 15, 22500),
	('JSH60031', 'Zalya', 'Brod Oak', '80074 Maywood Point', '29 Sutteridge Way', '2022-06-23 08:17:49', 'express', 'fashion', 38, 57000),
	('JSH60101', 'Zalya', 'Aggie Delamere', '80074 Maywood Point', '016 Merry Way', '2023-01-08 07:56:03', 'express', 'fashion', 73, 109500),
	('JSH60625', 'Zalya', 'Smith Oddie', '80074 Maywood Point', '3034 Monument Crossing', '2023-04-24 09:10:04', 'economic', 'fashion', 48, 72000),
	('JSH60773', 'Lumiere', 'Ive Biesinger', '0614 Southridge Parkway', '50 Bowman Circle', '2022-10-30 05:33:29', 'regular', 'cosmetics', 33, 49500),
	('JSH61077', 'Lumiere', 'Tyne McGeachy', '0614 Southridge Parkway', '29092 Pennsylvania Crossing', '2022-06-30 00:06:25', 'express', 'cosmetics', 91, 136500),
	('JSH61452', 'Lumiere', 'Harold Andriolli', '0614 Southridge Parkway', '259 Homewood Drive', '2023-03-18 15:12:48', 'regular', 'cosmetics', 52, 78000),
	('JSH61562', 'Zalya', 'Dorotea Cortes', '80074 Maywood Point', '1 Haas Junction', '2022-08-25 14:48:53', 'regular', 'fashion', 94, 141000),
	('JSH62067', 'Lumiere', 'Antonio Gladwin', '0614 Southridge Parkway', '030 Golf Trail', '2022-11-06 00:05:00', 'regular', 'cosmetics', 41, 61500),
	('JSH63671', 'Lumiere', 'Lin Padly', '0614 Southridge Parkway', '12475 Carioca Circle', '2022-06-22 14:19:38', 'regular', 'cosmetics', 56, 84000),
	('JSH63733', 'Effe', 'Ive Biesinger', '5 Lakewood Gardens Center', '50 Bowman Circle', '2023-02-09 18:00:17', 'economic', 'perfume', 33, 49500),
	('JSH63734', 'Lumiere', 'Gradey Grabiec', '0614 Southridge Parkway', '29 Lillian Street', '2022-09-20 05:05:00', 'economic', 'cosmetics', 97, 145500),
	('JSH65212', 'Zalya', 'Janeta Goare', '80074 Maywood Point', '33 Rowland Point', '2022-09-21 12:35:07', 'economic', 'fashion', 99, 148500),
	('JSH66203', 'Zalya', 'Vicki Fawdry', '80074 Maywood Point', '05 Annamark Crossing', '2023-03-11 01:38:50', 'regular', 'fashion', 33, 49500),
	('JSH66223', 'Effe', 'Eduardo Guitt', '5 Lakewood Gardens Center', '701 Forest Hill', '2022-12-04 23:07:54', 'economic', 'perfume', 95, 142500),
	('JSH66531', 'Zalya', 'Colette Filchagin', '80074 Maywood Point', '79 Morning Road', '2023-01-12 20:26:29', 'regular', 'fashion', 18, 27000),
	('JSH67178', 'Zalya', 'Eduardo Guitt', '80074 Maywood Point', '701 Forest Hill', '2023-02-20 14:03:42', 'express', 'fashion', 95, 142500),
	('JSH67218', 'Lumiere', 'Thomasa Romanet', '0614 Southridge Parkway', '8 Kings Parkway', '2022-07-22 01:10:17', 'economic', 'cosmetics', 70, 105000),
	('JSH67491', 'Zalya', 'Marilin Carverhill', '80074 Maywood Point', '3 Bonner Lane', '2022-12-04 04:45:49', 'regular', 'fashion', 77, 115500),
	('JSH68104', 'Lumiere', 'Janeta Goare', '0614 Southridge Parkway', '33 Rowland Point', '2022-09-21 12:35:07', 'regular', 'cosmetics', 86, 129000),
	('JSH68170', 'Zalya', 'Vivi Tweedie', '80074 Maywood Point', '688 Rowland Circle', '2023-04-11 09:46:08', 'regular', 'fashion', 28, 42000),
	('JSH68299', 'Zalya', 'Zollie Timperley', '80074 Maywood Point', '91 Union Plaza', '2023-02-27 10:07:53', 'regular', 'fashion', 92, 138000),
	('JSH68709', 'Effe', 'Dalia Cunah', '5 Lakewood Gardens Center', '554 Dorton Way', '2023-03-13 20:07:24', 'regular', 'perfume', 40, 60000),
	('JSH68899', 'Zalya', 'Kippy Meyer', '80074 Maywood Point', '19 Dwight Circle', '2023-04-01 03:32:13', 'regular', 'fashion', 63, 94500),
	('JSH69763', 'Zalya', 'Vivi Tweedie', '80074 Maywood Point', '688 Rowland Circle', '2022-09-30 13:22:28', 'economic', 'fashion', 7, 10500),
	('JSH70273', 'Lumiere', 'Euell Igo', '0614 Southridge Parkway', '33 Southridge Trail', '2023-01-30 21:30:46', 'regular', 'cosmetics', 62, 93000),
	('JSH70650', 'Lumiere', 'Jackquelin Glancy', '0614 Southridge Parkway', '02 Superior Lane', '2023-02-12 13:31:23', 'economic', 'cosmetics', 27, 40500),
	('JSH70659', 'Zalya', 'Babbie Webbe', '80074 Maywood Point', '501 Arkansas Way', '2022-10-24 15:25:36', 'express', 'fashion', 85, 127500),
	('JSH70919', 'Effe', 'Aggie Delamere', '5 Lakewood Gardens Center', '016 Merry Way', '2022-10-15 22:03:56', 'regular', 'perfume', 98, 147000),
	('JSH71401', 'Lumiere', 'Nicolina Balharry', '0614 Southridge Parkway', '355 Karstens Alley', '2022-12-12 02:44:05', 'regular', 'cosmetics', 6, 9000),
	('JSH71505', 'Zalya', 'Alma Hedney', '80074 Maywood Point', '531 Red Cloud Court', '2022-11-15 05:10:29', 'economic', 'fashion', 82, 123000),
	('JSH71702', 'Zalya', 'Dorena Thamelt', '80074 Maywood Point', '488 Hoepker Parkway', '2023-04-05 12:13:40', 'economic', 'fashion', 12, 18000),
	('JSH71836', 'Lumiere', 'Dorena Thamelt', '0614 Southridge Parkway', '488 Hoepker Parkway', '2023-05-23 22:43:08', 'economic', 'cosmetics', 12, 18000),
	('JSH72642', 'Effe', 'Vicki Fawdry', '5 Lakewood Gardens Center', '05 Annamark Crossing', '2023-04-05 10:15:13', 'regular', 'perfume', 24, 36000),
	('JSH72856', 'Zalya', 'Nicolina Balharry', '80074 Maywood Point', '355 Karstens Alley', '2023-01-12 12:36:33', 'express', 'fashion', 6, 9000),
	('JSH73716', 'Zalya', 'Vicki Fawdry', '80074 Maywood Point', '05 Annamark Crossing', '2023-04-05 10:15:13', 'regular', 'fashion', 35, 52500),
	('JSH73759', 'Zalya', 'Euell Igo', '80074 Maywood Point', '33 Southridge Trail', '2022-10-16 01:04:51', 'regular', 'fashion', 93, 139500),
	('JSH73866', 'Lumiere', 'Euell Igo', '0614 Southridge Parkway', '33 Southridge Trail', '2022-10-16 01:04:51', 'economic', 'cosmetics', 53, 79500),
	('JSH74111', 'Zalya', 'Jackquelin Glancy', '80074 Maywood Point', '02 Superior Lane', '2023-05-25 21:14:26', 'regular', 'fashion', 27, 40500),
	('JSH75124', 'Lumiere', 'Babbie Webbe', '0614 Southridge Parkway', '501 Arkansas Way', '2022-10-24 15:25:36', 'express', 'cosmetics', 85, 127500),
	('JSH75247', 'Zalya', 'Robinett Canon', '80074 Maywood Point', '46598 Burning Wood Street', '2023-01-27 13:49:19', 'express', 'fashion', 50, 75000),
	('JSH75331', 'Zalya', 'Gradey Grabiec', '80074 Maywood Point', '29 Lillian Street', '2022-09-20 05:05:00', 'regular', 'fashion', 97, 145500),
	('JSH75813', 'Lumiere', 'Marilin Carverhill', '0614 Southridge Parkway', '3 Bonner Lane', '2022-11-18 22:04:32', 'express', 'cosmetics', 92, 138000),
	('JSH75924', 'Zalya', 'Les Sandeman', '80074 Maywood Point', '842 Lighthouse Bay Road', '2023-02-14 10:17:25', 'economic', 'fashion', 84, 126000),
	('JSH76842', 'Lumiere', 'Colette Filchagin', '0614 Southridge Parkway', '79 Morning Road', '2023-01-12 20:26:29', 'express', 'cosmetics', 63, 94500),
	('JSH76927', 'Zalya', 'Allyson Cottu', '80074 Maywood Point', '01 Clyde Gallagher Park', '2023-01-14 00:24:19', 'express', 'fashion', 65, 97500),
	('JSH77890', 'Effe', 'Dell Lambard', '5 Lakewood Gardens Center', '87151 Gale Court', '2022-09-23 09:42:49', 'regular', 'perfume', 99, 148500),
	('JSH78786', 'Zalya', 'Lin Padly', '80074 Maywood Point', '12475 Carioca Circle', '2022-06-22 14:19:38', 'express', 'fashion', 56, 84000),
	('JSH79519', 'Lumiere', 'Aggie Delamere', '0614 Southridge Parkway', '016 Merry Way', '2022-10-15 22:03:56', 'regular', 'cosmetics', 98, 147000),
	('JSH80636', 'Lumiere', 'Johny Duckit', '0614 Southridge Parkway', '184 Fair Oaks Pass', '2022-11-26 21:16:43', 'express', 'cosmetics', 21, 31500),
	('JSH80831', 'Zalya', 'Zollie Timperley', '80074 Maywood Point', '91 Union Plaza', '2022-10-02 09:30:52', 'express', 'fashion', 92, 138000),
	('JSH80885', 'Lumiere', 'Allyson Cottu', '0614 Southridge Parkway', '01 Clyde Gallagher Park', '2023-04-23 04:24:02', 'regular', 'cosmetics', 32, 48000),
	('JSH80922', 'Lumiere', 'Aggie Delamere', '0614 Southridge Parkway', '016 Merry Way', '2023-01-08 07:56:03', 'regular', 'cosmetics', 73, 109500),
	('JSH80953', 'Lumiere', 'Olivero Pestell', '0614 Southridge Parkway', '52534 Blackbird Drive', '2022-11-16 07:12:17', 'regular', 'cosmetics', 72, 108000),
	('JSH81422', 'Lumiere', 'Tudor Large', '0614 Southridge Parkway', '69335 Brickson Park Point', '2022-06-03 16:34:05', 'regular', 'cosmetics', 18, 27000),
	('JSH81477', 'Effe', 'Audy Pearcy', '5 Lakewood Gardens Center', '99331 Brentwood Drive', '2023-02-03 11:22:08', 'economic', 'perfume', 28, 42000),
	('JSH81633', 'Zalya', 'Tyne McGeachy', '80074 Maywood Point', '29092 Pennsylvania Crossing', '2022-06-30 00:06:25', 'economic', 'fashion', 52, 78000),
	('JSH84449', 'Zalya', 'Dalia Cunah', '80074 Maywood Point', '554 Dorton Way', '2023-04-08 12:38:30', 'express', 'fashion', 5, 7500),
	('JSH84560', 'Lumiere', 'Philippe Ebben', '0614 Southridge Parkway', '395 Lukken Lane', '2022-11-18 18:03:00', 'regular', 'cosmetics', 97, 145500),
	('JSH84845', 'Zalya', 'Sergio Drews', '80074 Maywood Point', '65 Crownhardt Junction', '2022-08-18 06:14:21', 'express', 'fashion', 60, 90000),
	('JSH87196', 'Effe', 'Celina Clowley', '5 Lakewood Gardens Center', '2 Reindahl Way', '2022-10-31 09:31:00', 'economic', 'perfume', 54, 81000),
	('JSH87635', 'Effe', 'Zollie Timperley', '5 Lakewood Gardens Center', '91 Union Plaza', '2023-02-27 10:07:53', 'economic', 'perfume', 55, 82500),
	('JSH87881', 'Lumiere', 'Colette Filchagin', '0614 Southridge Parkway', '79 Morning Road', '2023-03-08 10:52:08', 'regular', 'cosmetics', 9, 13500),
	('JSH88219', 'Lumiere', 'Anestassia Realy', '0614 Southridge Parkway', '3770 Packers Drive', '2022-09-20 23:24:40', 'economic', 'cosmetics', 46, 69000),
	('JSH88813', 'Zalya', 'Johny Duckit', '80074 Maywood Point', '184 Fair Oaks Pass', '2022-11-26 21:16:43', 'regular', 'fashion', 21, 31500),
	('JSH89802', 'Lumiere', 'Lisette Carrack', '0614 Southridge Parkway', '5222 Maywood Pass', '2022-10-11 14:46:20', 'economic', 'cosmetics', 39, 58500),
	('JSH89868', 'Effe', 'Allyson Cottu', '5 Lakewood Gardens Center', '01 Clyde Gallagher Park', '2023-04-23 04:24:02', 'regular', 'perfume', 65, 97500),
	('JSH90676', 'Zalya', 'Brod Oak', '80074 Maywood Point', '29 Sutteridge Way', '2023-03-05 11:58:43', 'economic', 'fashion', 28, 42000),
	('JSH90841', 'Effe', 'Johny Duckit', '5 Lakewood Gardens Center', '184 Fair Oaks Pass', '2023-01-17 01:17:42', 'economic', 'perfume', 21, 31500),
	('JSH91688', 'Effe', 'Anestassia Realy', '5 Lakewood Gardens Center', '3770 Packers Drive', '2022-09-16 04:31:58', 'economic', 'perfume', 24, 36000),
	('JSH92120', 'Effe', 'Dorena Thamelt', '5 Lakewood Gardens Center', '488 Hoepker Parkway', '2023-05-23 22:43:08', 'regular', 'perfume', 41, 61500),
	('JSH92938', 'Zalya', 'Lin Padly', '80074 Maywood Point', '12475 Carioca Circle', '2023-04-24 06:39:59', 'regular', 'fashion', 56, 84000),
	('JSH93476', 'Zalya', 'Dorotea Cortes', '80074 Maywood Point', '1 Haas Junction', '2022-11-07 18:07:11', 'regular', 'fashion', 94, 141000),
	('JSH93586', 'Zalya', 'Antonio Gladwin', '80074 Maywood Point', '030 Golf Trail', '2022-08-17 18:30:20', 'express', 'fashion', 99, 148500),
	('JSH94204', 'Effe', 'Robinett Canon', '5 Lakewood Gardens Center', '46598 Burning Wood Street', '2023-01-27 13:49:19', 'regular', 'perfume', 68, 102000),
	('JSH94470', 'Zalya', 'Celina Clowley', '80074 Maywood Point', '2 Reindahl Way', '2022-05-30 09:20:57', 'express', 'fashion', 13, 19500),
	('JSH94807', 'Zalya', 'Darrelle Hamlen', '80074 Maywood Point', '70651 Hagan Alley', '2022-07-09 16:47:12', 'regular', 'fashion', 51, 76500),
	('JSH94842', 'Lumiere', 'Johny Duckit', '0614 Southridge Parkway', '184 Fair Oaks Pass', '2023-01-17 01:17:42', 'economic', 'cosmetics', 47, 70500),
	('JSH94963', 'Effe', 'Janeta Goare', '5 Lakewood Gardens Center', '33 Rowland Point', '2022-09-21 12:35:07', 'economic', 'perfume', 99, 148500),
	('JSH95502', 'Lumiere', 'Eduardo Guitt', '0614 Southridge Parkway', '701 Forest Hill', '2022-12-04 23:07:54', 'economic', 'cosmetics', 95, 142500),
	('JSH96447', 'Lumiere', 'Norry Mushrow', '0614 Southridge Parkway', '24870 Ramsey Hill', '2022-06-03 02:29:10', 'regular', 'cosmetics', 25, 37500),
	('JSH96703', 'Effe', 'Norry Mushrow', '5 Lakewood Gardens Center', '24870 Ramsey Hill', '2022-06-03 02:29:10', 'express', 'perfume', 25, 37500),
	('JSH96968', 'Lumiere', 'Michelina Rintoul', '0614 Southridge Parkway', '761 Crownhardt Crossing', '2023-03-06 02:44:05', 'express', 'cosmetics', 52, 78000),
	('JSH97779', 'Lumiere', 'Vicki Fawdry', '0614 Southridge Parkway', '05 Annamark Crossing', '2023-04-05 10:15:13', 'express', 'cosmetics', 35, 52500),
	('JSH98114', 'Effe', 'Brod Oak', '5 Lakewood Gardens Center', '29 Sutteridge Way', '2023-03-05 11:58:43', 'economic', 'perfume', 38, 57000),
	('JSH98203', 'Zalya', 'Sergio Drews', '80074 Maywood Point', '65 Crownhardt Junction', '2022-10-12 03:36:58', 'regular', 'fashion', 60, 90000),
	('JSH98269', 'Lumiere', 'Philippe Ebben', '0614 Southridge Parkway', '395 Lukken Lane', '2022-06-04 21:41:58', 'regular', 'cosmetics', 74, 111000),
	('JSH98354', 'Zalya', 'Norry Mushrow', '80074 Maywood Point', '24870 Ramsey Hill', '2022-12-12 19:08:58', 'express', 'fashion', 69, 103500),
	('JSH98359', 'Lumiere', 'Zollie Timperley', '0614 Southridge Parkway', '91 Union Plaza', '2022-10-02 09:30:52', 'regular', 'cosmetics', 55, 82500),
	('JSH98747', 'Lumiere', 'Harold Andriolli', '0614 Southridge Parkway', '259 Homewood Drive', '2022-11-04 23:22:10', 'economic', 'cosmetics', 52, 78000),
	('JSH99487', 'Lumiere', 'Nicolina Balharry', '0614 Southridge Parkway', '355 Karstens Alley', '2023-01-12 12:36:33', 'express', 'cosmetics', 6, 9000),
	('JSH99591', 'Effe', 'Harold Andriolli', '5 Lakewood Gardens Center', '259 Homewood Drive', '2023-03-18 15:12:48', 'express', 'perfume', 13, 19500),
	('JSH99668', 'Lumiere', 'Audy Pearcy', '0614 Southridge Parkway', '99331 Brentwood Drive', '2023-02-03 11:22:08', 'regular', 'cosmetics', 47, 70500),
	('JSH99679', 'Zalya', 'Allyson Cottu', '80074 Maywood Point', '01 Clyde Gallagher Park', '2023-04-23 04:24:02', 'express', 'fashion', 32, 48000),
	('JSH99772', 'Lumiere', 'Gradey Grabiec', '0614 Southridge Parkway', '29 Lillian Street', '2022-08-25 11:29:26', 'economic', 'cosmetics', 25, 37500),
	('JSH99815', 'Lumiere', 'Michelina Rintoul', '0614 Southridge Parkway', '761 Crownhardt Crossing', '2022-11-15 07:44:13', 'regular', 'cosmetics', 72, 108000);


-- Dumping database structure for dbshippersicepat
CREATE DATABASE IF NOT EXISTS `dbshippersicepat` /*!40100 DEFAULT CHARACTER SET utf8mb4 COLLATE utf8mb4_0900_ai_ci */ /*!80016 DEFAULT ENCRYPTION='N' */;
USE `dbshippersicepat`;

-- Dumping structure for table dbshippersicepat.sicepat_shipping
CREATE TABLE IF NOT EXISTS `sicepat_shipping` (
  `shipping_number` varchar(10) NOT NULL,
  `sender_name` varchar(10) NOT NULL,
  `receiver_name` varchar(20) NOT NULL,
  `sender_address` varchar(30) NOT NULL,
  `receiver_address` varchar(30) NOT NULL,
  `shipping_date` datetime NOT NULL,
  `shipping_type` varchar(10) NOT NULL,
  `product_type` varchar(10) NOT NULL,
  `product_weight` tinyint NOT NULL,
  `shipping_fee` mediumint NOT NULL,
  PRIMARY KEY (`shipping_number`)
) ENGINE=InnoDB DEFAULT CHARSET=utf8mb4 COLLATE=utf8mb4_0900_ai_ci;

-- Dumping data for table dbshippersicepat.sicepat_shipping: ~250 rows (approximately)
DELETE FROM `sicepat_shipping`;
INSERT INTO `sicepat_shipping` (`shipping_number`, `sender_name`, `receiver_name`, `sender_address`, `receiver_address`, `shipping_date`, `shipping_type`, `product_type`, `product_weight`, `shipping_fee`) VALUES
	('SSH00688', 'Lumiere', 'Jeffie Shrimpling', '0614 Southridge Parkway', '2 Main Terrace', '2022-12-17 23:57:51', 'express', 'cosmetics', 96, 96000),
	('SSH00837', 'Effe', 'Zacharie Liquorish', '5 Lakewood Gardens Center', '606 Crescent Oaks Street', '2022-10-28 00:46:40', 'regular', 'perfume', 38, 38000),
	('SSH02214', 'Zalya', 'Myrtice MacParland', '80074 Maywood Point', '72 Killdeer Plaza', '2022-08-04 07:46:21', 'express', 'fashion', 70, 70000),
	('SSH02791', 'Lumiere', 'Vlad Eydel', '0614 Southridge Parkway', '75492 Graedel Parkway', '2023-02-28 07:41:57', 'express', 'cosmetics', 64, 64000),
	('SSH03303', 'Lumiere', 'Fairlie Hubbocks', '0614 Southridge Parkway', '9851 Spenser Junction', '2022-08-11 17:40:40', 'economic', 'cosmetics', 54, 54000),
	('SSH03537', 'Lumiere', 'Alyssa Vost', '0614 Southridge Parkway', '9710 Miller Park', '2023-05-13 08:50:42', 'economic', 'cosmetics', 41, 41000),
	('SSH03692', 'Zalya', 'Sheppard Meysham', '80074 Maywood Point', '56676 Sugar Park', '2022-09-07 22:44:52', 'regular', 'fashion', 91, 91000),
	('SSH03953', 'Zalya', 'Manuel Chalcroft', '80074 Maywood Point', '9 Monterey Way', '2022-09-26 06:55:15', 'express', 'fashion', 51, 51000),
	('SSH03980', 'Zalya', 'Dot Unsworth', '80074 Maywood Point', '97 Myrtle Center', '2023-02-04 06:12:49', 'regular', 'fashion', 34, 34000),
	('SSH04947', 'Zalya', 'Hi Orgel', '80074 Maywood Point', '6207 Briar Crest Drive', '2022-09-06 06:59:48', 'express', 'fashion', 13, 13000),
	('SSH05403', 'Lumiere', 'Agustin Impleton', '0614 Southridge Parkway', '46 Kipling Junction', '2023-04-08 23:03:50', 'economic', 'cosmetics', 47, 47000),
	('SSH05569', 'Zalya', 'Angelo Burkin', '80074 Maywood Point', '51 Troy Alley', '2022-06-05 06:20:44', 'regular', 'fashion', 20, 20000),
	('SSH05969', 'Lumiere', 'Magnum Delos', '0614 Southridge Parkway', '616 Bobwhite Plaza', '2023-03-01 13:02:52', 'regular', 'cosmetics', 71, 71000),
	('SSH06397', 'Lumiere', 'Theadora Qusklay', '0614 Southridge Parkway', '59815 3rd Way', '2023-03-05 04:14:19', 'economic', 'cosmetics', 55, 55000),
	('SSH06545', 'Zalya', 'Alma Sponder', '80074 Maywood Point', '5360 Kensington Park', '2023-03-13 07:54:44', 'regular', 'fashion', 55, 55000),
	('SSH06789', 'Lumiere', 'Douglas Tweedlie', '0614 Southridge Parkway', '82 8th Junction', '2022-10-05 18:04:29', 'regular', 'cosmetics', 15, 15000),
	('SSH07920', 'Zalya', 'Ronnie Jimeno', '80074 Maywood Point', '33513 Clove Point', '2022-07-13 16:29:40', 'regular', 'fashion', 31, 31000),
	('SSH08177', 'Zalya', 'Terrijo Dallicoat', '80074 Maywood Point', '049 Elmside Trail', '2022-11-16 05:40:50', 'express', 'fashion', 100, 100000),
	('SSH08680', 'Zalya', 'Vaughan Crates', '80074 Maywood Point', '9506 Bultman Circle', '2022-06-12 20:29:30', 'regular', 'fashion', 91, 91000),
	('SSH09282', 'Effe', 'Theadora Qusklay', '5 Lakewood Gardens Center', '59815 3rd Way', '2023-02-15 07:46:53', 'regular', 'perfume', 11, 11000),
	('SSH09830', 'Effe', 'Zita Ghiriardelli', '5 Lakewood Gardens Center', '570 Novick Terrace', '2022-12-01 20:44:00', 'economic', 'perfume', 60, 60000),
	('SSH09896', 'Zalya', 'Bartram Furmston', '80074 Maywood Point', '88131 Sheridan Circle', '2023-01-21 17:50:42', 'express', 'fashion', 33, 33000),
	('SSH10324', 'Zalya', 'Zacharie Liquorish', '80074 Maywood Point', '606 Crescent Oaks Street', '2023-01-30 07:33:41', 'regular', 'fashion', 15, 15000),
	('SSH11353', 'Effe', 'Harold Devonshire', '5 Lakewood Gardens Center', '9461 Rutledge Crossing', '2022-06-25 12:19:09', 'economic', 'perfume', 39, 39000),
	('SSH11762', 'Zalya', 'Hi Orgel', '80074 Maywood Point', '6207 Briar Crest Drive', '2022-07-14 16:16:14', 'express', 'fashion', 89, 89000),
	('SSH12279', 'Effe', 'Sheppard Meysham', '5 Lakewood Gardens Center', '56676 Sugar Park', '2022-12-05 23:26:22', 'express', 'perfume', 91, 91000),
	('SSH12399', 'Effe', 'Fairlie Hubbocks', '5 Lakewood Gardens Center', '9851 Spenser Junction', '2022-08-11 17:40:40', 'express', 'perfume', 68, 68000),
	('SSH12628', 'Lumiere', 'Magnum Delos', '0614 Southridge Parkway', '616 Bobwhite Plaza', '2023-04-21 10:31:11', 'express', 'cosmetics', 71, 71000),
	('SSH13353', 'Zalya', 'Callida Broomfield', '80074 Maywood Point', '547 Hintze Avenue', '2022-12-23 14:05:51', 'express', 'fashion', 78, 78000),
	('SSH13673', 'Zalya', 'Ayn Tague', '80074 Maywood Point', '7 Oriole Crossing', '2022-10-28 23:15:11', 'economic', 'fashion', 97, 97000),
	('SSH14160', 'Effe', 'Amelina Lyford', '5 Lakewood Gardens Center', '39 Doe Crossing Pass', '2022-08-28 05:44:59', 'express', 'perfume', 33, 33000),
	('SSH14392', 'Effe', 'Vaughan Crates', '5 Lakewood Gardens Center', '9506 Bultman Circle', '2022-10-30 08:04:56', 'express', 'perfume', 91, 91000),
	('SSH14493', 'Effe', 'Ayn Tague', '5 Lakewood Gardens Center', '7 Oriole Crossing', '2022-10-28 23:15:11', 'economic', 'perfume', 65, 65000),
	('SSH14538', 'Effe', 'Luke Simondson', '5 Lakewood Gardens Center', '290 Mayer Junction', '2022-06-27 19:25:52', 'regular', 'perfume', 32, 32000),
	('SSH14985', 'Lumiere', 'Theadora Qusklay', '0614 Southridge Parkway', '59815 3rd Way', '2023-02-15 07:46:53', 'economic', 'cosmetics', 37, 37000),
	('SSH15237', 'Effe', 'Manuel Chalcroft', '5 Lakewood Gardens Center', '9 Monterey Way', '2022-09-26 06:55:15', 'economic', 'perfume', 49, 49000),
	('SSH15478', 'Lumiere', 'Alma Sponder', '0614 Southridge Parkway', '5360 Kensington Park', '2023-05-22 05:57:58', 'regular', 'cosmetics', 55, 55000),
	('SSH16706', 'Zalya', 'Tobye Stockney', '80074 Maywood Point', '67 Darwin Street', '2022-08-12 21:46:58', 'economic', 'fashion', 8, 8000),
	('SSH16983', 'Effe', 'Elsy Huggett', '5 Lakewood Gardens Center', '23 Reinke Pass', '2022-07-21 13:18:29', 'regular', 'perfume', 74, 74000),
	('SSH17847', 'Zalya', 'Vidovic McLanaghan', '80074 Maywood Point', '1084 Sutherland Drive', '2023-02-10 05:44:37', 'economic', 'fashion', 22, 22000),
	('SSH18018', 'Zalya', 'Rudie Dikels', '80074 Maywood Point', '7 Dixon Pass', '2022-07-27 18:19:25', 'regular', 'fashion', 14, 14000),
	('SSH18058', 'Zalya', 'Jesus Fletcher', '80074 Maywood Point', '216 School Street', '2023-03-24 05:36:18', 'economic', 'fashion', 56, 56000),
	('SSH18662', 'Lumiere', 'Bartram Furmston', '0614 Southridge Parkway', '88131 Sheridan Circle', '2023-01-21 17:50:42', 'express', 'cosmetics', 25, 25000),
	('SSH18928', 'Zalya', 'Wells Reeson', '80074 Maywood Point', '5 Sutherland Crossing', '2023-04-10 00:38:15', 'economic', 'fashion', 13, 13000),
	('SSH19267', 'Effe', 'Dot Unsworth', '5 Lakewood Gardens Center', '97 Myrtle Center', '2022-06-20 06:36:50', 'express', 'perfume', 16, 16000),
	('SSH19589', 'Zalya', 'Jeffie Shrimpling', '80074 Maywood Point', '2 Main Terrace', '2023-02-22 04:06:08', 'express', 'fashion', 58, 58000),
	('SSH19652', 'Zalya', 'Adriena Ciccetti', '80074 Maywood Point', '9 Kedzie Junction', '2022-07-28 22:12:00', 'express', 'fashion', 82, 82000),
	('SSH20045', 'Zalya', 'Raynell Trudgion', '80074 Maywood Point', '9 Jenna Park', '2022-08-14 18:54:53', 'regular', 'fashion', 86, 86000),
	('SSH20742', 'Effe', 'Wells Reeson', '5 Lakewood Gardens Center', '5 Sutherland Crossing', '2023-04-10 00:38:15', 'express', 'perfume', 6, 6000),
	('SSH20784', 'Lumiere', 'Douglas Tweedlie', '0614 Southridge Parkway', '82 8th Junction', '2022-07-16 21:56:06', 'regular', 'cosmetics', 15, 15000),
	('SSH21931', 'Effe', 'Horatia Anscott', '5 Lakewood Gardens Center', '349 Swallow Court', '2022-10-30 05:43:52', 'express', 'perfume', 84, 84000),
	('SSH22032', 'Zalya', 'Ronnie Jimeno', '80074 Maywood Point', '33513 Clove Point', '2023-03-09 13:09:38', 'economic', 'fashion', 31, 31000),
	('SSH22264', 'Zalya', 'Zsazsa Millbank', '80074 Maywood Point', '39 Caliangt Alley', '2022-12-29 14:30:24', 'economic', 'fashion', 55, 55000),
	('SSH22447', 'Zalya', 'Phedra Wadley', '80074 Maywood Point', '7 Kipling Trail', '2023-04-02 06:19:35', 'express', 'fashion', 12, 12000),
	('SSH22530', 'Lumiere', 'Ewell Siley', '0614 Southridge Parkway', '80863 Sugar Way', '2022-07-27 20:50:23', 'express', 'cosmetics', 86, 86000),
	('SSH22790', 'Zalya', 'Natassia Camock', '80074 Maywood Point', '72 Crownhardt Drive', '2023-05-25 11:20:43', 'economic', 'fashion', 85, 85000),
	('SSH24507', 'Lumiere', 'Hi Orgel', '0614 Southridge Parkway', '6207 Briar Crest Drive', '2022-09-06 06:59:48', 'economic', 'cosmetics', 13, 13000),
	('SSH25254', 'Lumiere', 'Dot Unsworth', '0614 Southridge Parkway', '97 Myrtle Center', '2023-02-04 06:12:49', 'regular', 'cosmetics', 34, 34000),
	('SSH25483', 'Lumiere', 'Wells Reeson', '0614 Southridge Parkway', '5 Sutherland Crossing', '2023-04-10 00:38:15', 'regular', 'cosmetics', 13, 13000),
	('SSH25729', 'Zalya', 'Amelina Lyford', '80074 Maywood Point', '39 Doe Crossing Pass', '2022-08-28 05:44:59', 'regular', 'fashion', 94, 94000),
	('SSH25763', 'Zalya', 'Ayn Tague', '80074 Maywood Point', '7 Oriole Crossing', '2022-07-29 12:39:28', 'regular', 'fashion', 97, 97000),
	('SSH26040', 'Lumiere', 'Zacharie Liquorish', '0614 Southridge Parkway', '606 Crescent Oaks Street', '2023-01-30 07:33:41', 'express', 'cosmetics', 21, 21000),
	('SSH26237', 'Zalya', 'Candida Chastaing', '80074 Maywood Point', '1 Burrows Crossing', '2022-07-23 11:25:18', 'express', 'fashion', 24, 24000),
	('SSH26538', 'Zalya', 'Fidelia Lavery', '80074 Maywood Point', '84 Rigney Road', '2022-06-19 10:15:10', 'regular', 'fashion', 48, 48000),
	('SSH27001', 'Zalya', 'Callida Broomfield', '80074 Maywood Point', '547 Hintze Avenue', '2022-08-22 03:51:15', 'regular', 'fashion', 100, 100000),
	('SSH27344', 'Lumiere', 'Adriena Ciccetti', '0614 Southridge Parkway', '9 Kedzie Junction', '2023-04-06 01:02:28', 'express', 'cosmetics', 97, 97000),
	('SSH27478', 'Zalya', 'Agustin Impleton', '80074 Maywood Point', '46 Kipling Junction', '2023-02-10 06:01:37', 'regular', 'fashion', 47, 47000),
	('SSH27995', 'Zalya', 'Harold Devonshire', '80074 Maywood Point', '9461 Rutledge Crossing', '2022-12-09 05:54:39', 'regular', 'fashion', 66, 66000),
	('SSH28232', 'Effe', 'Adriena Ciccetti', '5 Lakewood Gardens Center', '9 Kedzie Junction', '2022-07-28 22:12:00', 'economic', 'perfume', 97, 97000),
	('SSH30808', 'Zalya', 'Candida Chastaing', '80074 Maywood Point', '1 Burrows Crossing', '2023-05-10 16:47:08', 'economic', 'fashion', 89, 89000),
	('SSH31877', 'Zalya', 'Fairlie Hubbocks', '80074 Maywood Point', '9851 Spenser Junction', '2022-12-23 14:15:26', 'regular', 'fashion', 53, 53000),
	('SSH32017', 'Lumiere', 'Raynell Trudgion', '0614 Southridge Parkway', '9 Jenna Park', '2022-08-14 18:54:53', 'regular', 'cosmetics', 86, 86000),
	('SSH32039', 'Zalya', 'Sindee Chadwell', '80074 Maywood Point', '54 Chive Junction', '2023-03-13 06:54:30', 'economic', 'fashion', 35, 35000),
	('SSH32095', 'Lumiere', 'Brandise Boatman', '0614 Southridge Parkway', '9715 Blaine Terrace', '2022-12-29 08:17:50', 'regular', 'cosmetics', 75, 75000),
	('SSH32602', 'Effe', 'Myrtice MacParland', '5 Lakewood Gardens Center', '72 Killdeer Plaza', '2022-08-04 07:46:21', 'express', 'perfume', 23, 23000),
	('SSH32701', 'Lumiere', 'Ewell Siley', '0614 Southridge Parkway', '80863 Sugar Way', '2022-10-28 17:38:58', 'economic', 'cosmetics', 86, 86000),
	('SSH32919', 'Zalya', 'Terrijo Dallicoat', '80074 Maywood Point', '049 Elmside Trail', '2023-04-16 15:37:46', 'regular', 'fashion', 83, 83000),
	('SSH32929', 'Lumiere', 'Alma Sponder', '0614 Southridge Parkway', '5360 Kensington Park', '2023-03-13 07:54:44', 'express', 'cosmetics', 15, 15000),
	('SSH33089', 'Effe', 'Junina Junkinson', '5 Lakewood Gardens Center', '9 North Parkway', '2022-11-07 12:09:44', 'express', 'perfume', 68, 68000),
	('SSH33342', 'Zalya', 'Renaldo Peeke', '80074 Maywood Point', '1864 Spenser Hill', '2022-09-23 14:03:33', 'express', 'fashion', 75, 75000),
	('SSH33721', 'Zalya', 'Vlad Eydel', '80074 Maywood Point', '75492 Graedel Parkway', '2022-07-12 21:54:06', 'economic', 'fashion', 60, 60000),
	('SSH34214', 'Lumiere', 'Horatia Anscott', '0614 Southridge Parkway', '349 Swallow Court', '2022-10-30 05:43:52', 'express', 'cosmetics', 92, 92000),
	('SSH34464', 'Effe', 'Jeffie Shrimpling', '5 Lakewood Gardens Center', '2 Main Terrace', '2022-12-17 23:57:51', 'economic', 'perfume', 87, 87000),
	('SSH34800', 'Lumiere', 'Zacharie Liquorish', '0614 Southridge Parkway', '606 Crescent Oaks Street', '2022-10-28 00:46:40', 'express', 'cosmetics', 21, 21000),
	('SSH35987', 'Lumiere', 'Sisely Nunnerley', '0614 Southridge Parkway', '51968 Hudson Place', '2022-06-28 11:16:50', 'economic', 'cosmetics', 56, 56000),
	('SSH36182', 'Effe', 'Carlee Casotti', '5 Lakewood Gardens Center', '17760 Commercial Park', '2022-08-01 15:10:36', 'regular', 'perfume', 69, 69000),
	('SSH36865', 'Lumiere', 'Terrijo Dallicoat', '0614 Southridge Parkway', '049 Elmside Trail', '2022-11-16 05:40:50', 'express', 'cosmetics', 100, 100000),
	('SSH37168', 'Lumiere', 'Fidelia Lavery', '0614 Southridge Parkway', '84 Rigney Road', '2022-06-19 10:15:10', 'express', 'cosmetics', 98, 98000),
	('SSH37391', 'Effe', 'Sindee Chadwell', '5 Lakewood Gardens Center', '54 Chive Junction', '2023-03-13 06:54:30', 'regular', 'perfume', 62, 62000),
	('SSH37540', 'Zalya', 'Magnum Delos', '80074 Maywood Point', '616 Bobwhite Plaza', '2023-04-21 10:31:11', 'economic', 'fashion', 71, 71000),
	('SSH38044', 'Zalya', 'Carlee Casotti', '80074 Maywood Point', '17760 Commercial Park', '2022-10-28 01:44:01', 'regular', 'fashion', 14, 14000),
	('SSH38733', 'Lumiere', 'Natassia Camock', '0614 Southridge Parkway', '72 Crownhardt Drive', '2023-05-25 11:20:43', 'express', 'cosmetics', 8, 8000),
	('SSH39034', 'Zalya', 'Douglas Tweedlie', '80074 Maywood Point', '82 8th Junction', '2022-07-16 21:56:06', 'express', 'fashion', 69, 69000),
	('SSH39115', 'Lumiere', 'Ronnie Jimeno', '0614 Southridge Parkway', '33513 Clove Point', '2022-07-13 16:29:40', 'regular', 'cosmetics', 30, 30000),
	('SSH39260', 'Lumiere', 'Myrtice MacParland', '0614 Southridge Parkway', '72 Killdeer Plaza', '2023-04-12 06:00:53', 'regular', 'cosmetics', 8, 8000),
	('SSH39486', 'Lumiere', 'Elsy Huggett', '0614 Southridge Parkway', '23 Reinke Pass', '2023-05-26 02:21:23', 'economic', 'cosmetics', 5, 5000),
	('SSH39779', 'Lumiere', 'Harold Devonshire', '0614 Southridge Parkway', '9461 Rutledge Crossing', '2022-12-09 05:54:39', 'economic', 'cosmetics', 39, 39000),
	('SSH40148', 'Lumiere', 'Carlee Casotti', '0614 Southridge Parkway', '17760 Commercial Park', '2022-08-01 15:10:36', 'express', 'cosmetics', 74, 74000),
	('SSH40229', 'Lumiere', 'Rozanna Hatherley', '0614 Southridge Parkway', '7440 Browning Court', '2022-08-29 03:18:39', 'economic', 'cosmetics', 96, 96000),
	('SSH40342', 'Lumiere', 'Amelina Lyford', '0614 Southridge Parkway', '39 Doe Crossing Pass', '2022-08-28 05:44:59', 'economic', 'cosmetics', 33, 33000),
	('SSH40977', 'Lumiere', 'Phedra Wadley', '0614 Southridge Parkway', '7 Kipling Trail', '2023-04-02 06:19:35', 'economic', 'cosmetics', 35, 35000),
	('SSH41179', 'Zalya', 'Vidovic McLanaghan', '80074 Maywood Point', '1084 Sutherland Drive', '2023-02-07 12:34:20', 'economic', 'fashion', 26, 26000),
	('SSH41435', 'Lumiere', 'Adrian Please', '0614 Southridge Parkway', '8055 Lakeland Parkway', '2023-02-16 02:23:49', 'regular', 'cosmetics', 65, 65000),
	('SSH41853', 'Lumiere', 'Renaldo Peeke', '0614 Southridge Parkway', '1864 Spenser Hill', '2023-01-21 16:38:05', 'express', 'cosmetics', 75, 75000),
	('SSH41871', 'Effe', 'Vidovic McLanaghan', '5 Lakewood Gardens Center', '1084 Sutherland Drive', '2023-02-10 05:44:37', 'express', 'perfume', 22, 22000),
	('SSH41940', 'Zalya', 'Brandise Boatman', '80074 Maywood Point', '9715 Blaine Terrace', '2022-12-29 08:17:50', 'regular', 'fashion', 24, 24000),
	('SSH42105', 'Zalya', 'Renaldo Peeke', '80074 Maywood Point', '1864 Spenser Hill', '2023-01-21 16:38:05', 'express', 'fashion', 75, 75000),
	('SSH42413', 'Lumiere', 'Phedra Wadley', '0614 Southridge Parkway', '7 Kipling Trail', '2023-04-20 20:49:31', 'regular', 'cosmetics', 12, 12000),
	('SSH42855', 'Lumiere', 'Jesus Fletcher', '0614 Southridge Parkway', '216 School Street', '2023-01-01 00:48:54', 'regular', 'cosmetics', 100, 100000),
	('SSH42873', 'Effe', 'Sisely Nunnerley', '5 Lakewood Gardens Center', '51968 Hudson Place', '2022-06-28 11:16:50', 'economic', 'perfume', 41, 41000),
	('SSH43093', 'Zalya', 'Bartram Furmston', '80074 Maywood Point', '88131 Sheridan Circle', '2022-12-24 13:52:42', 'economic', 'fashion', 25, 25000),
	('SSH43258', 'Lumiere', 'Sisely Nunnerley', '0614 Southridge Parkway', '51968 Hudson Place', '2022-08-19 01:53:15', 'economic', 'cosmetics', 41, 41000),
	('SSH43494', 'Lumiere', 'Tobye Stockney', '0614 Southridge Parkway', '67 Darwin Street', '2022-08-12 21:46:58', 'express', 'cosmetics', 44, 44000),
	('SSH43645', 'Zalya', 'Adrian Please', '80074 Maywood Point', '8055 Lakeland Parkway', '2022-09-21 13:04:00', 'regular', 'fashion', 39, 39000),
	('SSH43682', 'Lumiere', 'Agustin Impleton', '0614 Southridge Parkway', '46 Kipling Junction', '2023-02-10 06:01:37', 'economic', 'cosmetics', 47, 47000),
	('SSH43834', 'Zalya', 'Tobye Stockney', '80074 Maywood Point', '67 Darwin Street', '2022-12-21 16:57:44', 'express', 'fashion', 71, 71000),
	('SSH44288', 'Lumiere', 'Natassia Camock', '0614 Southridge Parkway', '72 Crownhardt Drive', '2023-01-31 01:18:10', 'economic', 'cosmetics', 6, 6000),
	('SSH44502', 'Lumiere', 'Alyssa Vost', '0614 Southridge Parkway', '9710 Miller Park', '2022-11-06 18:45:53', 'express', 'cosmetics', 54, 54000),
	('SSH44706', 'Lumiere', 'Raynell Trudgion', '0614 Southridge Parkway', '9 Jenna Park', '2022-12-29 20:07:34', 'express', 'cosmetics', 33, 33000),
	('SSH45270', 'Zalya', 'Carlee Casotti', '80074 Maywood Point', '17760 Commercial Park', '2022-08-01 15:10:36', 'economic', 'fashion', 69, 69000),
	('SSH45737', 'Lumiere', 'Ronnie Jimeno', '0614 Southridge Parkway', '33513 Clove Point', '2023-03-09 13:09:38', 'regular', 'cosmetics', 31, 31000),
	('SSH45877', 'Zalya', 'Sisely Nunnerley', '80074 Maywood Point', '51968 Hudson Place', '2022-08-19 01:53:15', 'regular', 'fashion', 56, 56000),
	('SSH46154', 'Effe', 'Adrian Please', '5 Lakewood Gardens Center', '8055 Lakeland Parkway', '2022-09-21 13:04:00', 'express', 'perfume', 95, 95000),
	('SSH46368', 'Zalya', 'Alma Sponder', '80074 Maywood Point', '5360 Kensington Park', '2023-05-22 05:57:58', 'express', 'fashion', 5, 5000),
	('SSH47012', 'Zalya', 'Vaughan Crates', '80074 Maywood Point', '9506 Bultman Circle', '2022-10-30 08:04:56', 'economic', 'fashion', 63, 63000),
	('SSH47214', 'Zalya', 'Wells Reeson', '80074 Maywood Point', '5 Sutherland Crossing', '2023-02-10 14:17:37', 'regular', 'fashion', 13, 13000),
	('SSH47258', 'Lumiere', 'Vidovic McLanaghan', '0614 Southridge Parkway', '1084 Sutherland Drive', '2023-02-10 05:44:37', 'regular', 'cosmetics', 22, 22000),
	('SSH47264', 'Lumiere', 'Myrtice MacParland', '0614 Southridge Parkway', '72 Killdeer Plaza', '2022-08-04 07:46:21', 'express', 'cosmetics', 23, 23000),
	('SSH47305', 'Effe', 'Rozanna Hatherley', '5 Lakewood Gardens Center', '7440 Browning Court', '2022-08-29 03:18:39', 'economic', 'perfume', 98, 98000),
	('SSH47434', 'Zalya', 'Jeffie Shrimpling', '80074 Maywood Point', '2 Main Terrace', '2022-12-17 23:57:51', 'express', 'fashion', 87, 87000),
	('SSH47905', 'Lumiere', 'Adriena Ciccetti', '0614 Southridge Parkway', '9 Kedzie Junction', '2022-07-28 22:12:00', 'regular', 'cosmetics', 97, 97000),
	('SSH48111', 'Effe', 'Alyssa Vost', '5 Lakewood Gardens Center', '9710 Miller Park', '2023-05-13 08:50:42', 'regular', 'perfume', 41, 41000),
	('SSH50144', 'Lumiere', 'Sindee Chadwell', '0614 Southridge Parkway', '54 Chive Junction', '2023-03-13 06:54:30', 'express', 'cosmetics', 62, 62000),
	('SSH50373', 'Effe', 'Callida Broomfield', '5 Lakewood Gardens Center', '547 Hintze Avenue', '2022-08-22 03:51:15', 'economic', 'perfume', 78, 78000),
	('SSH50734', 'Lumiere', 'Wells Reeson', '0614 Southridge Parkway', '5 Sutherland Crossing', '2023-02-10 14:17:37', 'express', 'cosmetics', 13, 13000),
	('SSH51364', 'Effe', 'Bartram Furmston', '5 Lakewood Gardens Center', '88131 Sheridan Circle', '2022-12-24 13:52:42', 'express', 'perfume', 25, 25000),
	('SSH51654', 'Effe', 'Douglas Tweedlie', '5 Lakewood Gardens Center', '82 8th Junction', '2022-10-05 18:04:29', 'economic', 'perfume', 69, 69000),
	('SSH51902', 'Zalya', 'Derry Carlucci', '80074 Maywood Point', '4732 Katie Hill', '2023-04-20 05:07:00', 'express', 'fashion', 92, 92000),
	('SSH52144', 'Zalya', 'Jesus Fletcher', '80074 Maywood Point', '216 School Street', '2023-01-01 00:48:54', 'express', 'fashion', 19, 19000),
	('SSH52939', 'Effe', 'Ewell Siley', '5 Lakewood Gardens Center', '80863 Sugar Way', '2022-10-28 17:38:58', 'economic', 'perfume', 86, 86000),
	('SSH54053', 'Effe', 'Rudie Dikels', '5 Lakewood Gardens Center', '7 Dixon Pass', '2022-08-20 18:55:02', 'regular', 'perfume', 75, 75000),
	('SSH54884', 'Zalya', 'Rozanna Hatherley', '80074 Maywood Point', '7440 Browning Court', '2022-08-29 03:18:39', 'economic', 'fashion', 92, 92000),
	('SSH55147', 'Lumiere', 'Hi Orgel', '0614 Southridge Parkway', '6207 Briar Crest Drive', '2022-07-14 16:16:14', 'express', 'cosmetics', 5, 5000),
	('SSH56715', 'Zalya', 'Junina Junkinson', '80074 Maywood Point', '9 North Parkway', '2022-08-26 20:58:44', 'economic', 'fashion', 37, 37000),
	('SSH56901', 'Lumiere', 'Jesus Fletcher', '0614 Southridge Parkway', '216 School Street', '2023-03-24 05:36:18', 'economic', 'cosmetics', 100, 100000),
	('SSH56999', 'Zalya', 'Fidelia Lavery', '80074 Maywood Point', '84 Rigney Road', '2022-09-15 17:26:36', 'economic', 'fashion', 28, 28000),
	('SSH57161', 'Lumiere', 'Zsazsa Millbank', '0614 Southridge Parkway', '39 Caliangt Alley', '2023-04-03 22:58:31', 'express', 'cosmetics', 76, 76000),
	('SSH57521', 'Lumiere', 'Vaughan Crates', '0614 Southridge Parkway', '9506 Bultman Circle', '2022-06-12 20:29:30', 'regular', 'cosmetics', 61, 61000),
	('SSH58299', 'Lumiere', 'Harold Devonshire', '0614 Southridge Parkway', '9461 Rutledge Crossing', '2022-06-25 12:19:09', 'regular', 'cosmetics', 39, 39000),
	('SSH58776', 'Zalya', 'Alyssa Vost', '80074 Maywood Point', '9710 Miller Park', '2022-11-06 18:45:53', 'express', 'fashion', 54, 54000),
	('SSH58991', 'Lumiere', 'Candida Chastaing', '0614 Southridge Parkway', '1 Burrows Crossing', '2022-07-23 11:25:18', 'express', 'cosmetics', 24, 24000),
	('SSH59874', 'Lumiere', 'Vaughan Crates', '0614 Southridge Parkway', '9506 Bultman Circle', '2022-10-30 08:04:56', 'express', 'cosmetics', 61, 61000),
	('SSH60270', 'Effe', 'Vlad Eydel', '5 Lakewood Gardens Center', '75492 Graedel Parkway', '2022-07-12 21:54:06', 'economic', 'perfume', 60, 60000),
	('SSH60620', 'Zalya', 'Adriena Ciccetti', '80074 Maywood Point', '9 Kedzie Junction', '2023-04-06 01:02:28', 'economic', 'fashion', 97, 97000),
	('SSH60668', 'Lumiere', 'Angelo Burkin', '0614 Southridge Parkway', '51 Troy Alley', '2022-06-05 06:20:44', 'express', 'cosmetics', 20, 20000),
	('SSH60862', 'Zalya', 'Horatia Anscott', '80074 Maywood Point', '349 Swallow Court', '2023-02-08 19:53:01', 'express', 'fashion', 53, 53000),
	('SSH60922', 'Lumiere', 'Ayn Tague', '0614 Southridge Parkway', '7 Oriole Crossing', '2022-07-29 12:39:28', 'regular', 'cosmetics', 97, 97000),
	('SSH63566', 'Zalya', 'Sheppard Meysham', '80074 Maywood Point', '56676 Sugar Park', '2022-12-05 23:26:22', 'express', 'fashion', 9, 9000),
	('SSH64127', 'Lumiere', 'Zsazsa Millbank', '0614 Southridge Parkway', '39 Caliangt Alley', '2022-12-29 14:30:24', 'regular', 'cosmetics', 76, 76000),
	('SSH64146', 'Lumiere', 'Tobye Stockney', '0614 Southridge Parkway', '67 Darwin Street', '2022-12-21 16:57:44', 'regular', 'cosmetics', 71, 71000),
	('SSH65088', 'Lumiere', 'Junina Junkinson', '0614 Southridge Parkway', '9 North Parkway', '2022-08-26 20:58:44', 'express', 'cosmetics', 95, 95000),
	('SSH65742', 'Zalya', 'Adrian Please', '80074 Maywood Point', '8055 Lakeland Parkway', '2023-02-16 02:23:49', 'regular', 'fashion', 65, 65000),
	('SSH66128', 'Effe', 'Terrijo Dallicoat', '5 Lakewood Gardens Center', '049 Elmside Trail', '2023-04-16 15:37:46', 'express', 'perfume', 100, 100000),
	('SSH66803', 'Lumiere', 'Fidelia Lavery', '0614 Southridge Parkway', '84 Rigney Road', '2022-09-15 17:26:36', 'regular', 'cosmetics', 28, 28000),
	('SSH66900', 'Lumiere', 'Candida Chastaing', '0614 Southridge Parkway', '1 Burrows Crossing', '2023-05-10 16:47:08', 'economic', 'cosmetics', 24, 24000),
	('SSH67228', 'Lumiere', 'Rudie Dikels', '0614 Southridge Parkway', '7 Dixon Pass', '2022-08-20 18:55:02', 'regular', 'cosmetics', 75, 75000),
	('SSH67439', 'Lumiere', 'Brandise Boatman', '0614 Southridge Parkway', '9715 Blaine Terrace', '2022-09-28 11:15:58', 'economic', 'cosmetics', 75, 75000),
	('SSH67679', 'Zalya', 'Rozanna Hatherley', '80074 Maywood Point', '7440 Browning Court', '2022-09-01 05:18:11', 'regular', 'fashion', 96, 96000),
	('SSH68311', 'Lumiere', 'Bartram Furmston', '0614 Southridge Parkway', '88131 Sheridan Circle', '2022-12-24 13:52:42', 'regular', 'cosmetics', 90, 90000),
	('SSH69210', 'Zalya', 'Manuel Chalcroft', '80074 Maywood Point', '9 Monterey Way', '2023-02-22 06:19:31', 'economic', 'fashion', 51, 51000),
	('SSH69433', 'Lumiere', 'Adrian Please', '0614 Southridge Parkway', '8055 Lakeland Parkway', '2022-09-21 13:04:00', 'express', 'cosmetics', 95, 95000),
	('SSH69722', 'Lumiere', 'Amelina Lyford', '0614 Southridge Parkway', '39 Doe Crossing Pass', '2022-09-11 11:37:37', 'express', 'cosmetics', 33, 33000),
	('SSH70691', 'Lumiere', 'Vidovic McLanaghan', '0614 Southridge Parkway', '1084 Sutherland Drive', '2023-02-07 12:34:20', 'economic', 'cosmetics', 100, 100000),
	('SSH71033', 'Zalya', 'Luke Simondson', '80074 Maywood Point', '290 Mayer Junction', '2022-06-27 19:25:52', 'regular', 'fashion', 94, 94000),
	('SSH71778', 'Zalya', 'Junina Junkinson', '80074 Maywood Point', '9 North Parkway', '2022-11-07 12:09:44', 'economic', 'fashion', 68, 68000),
	('SSH72169', 'Zalya', 'Natassia Camock', '80074 Maywood Point', '72 Crownhardt Drive', '2023-01-31 01:18:10', 'express', 'fashion', 6, 6000),
	('SSH72684', 'Zalya', 'Zita Ghiriardelli', '80074 Maywood Point', '570 Novick Terrace', '2022-06-04 14:15:00', 'express', 'fashion', 85, 85000),
	('SSH73499', 'Lumiere', 'Horatia Anscott', '0614 Southridge Parkway', '349 Swallow Court', '2023-02-08 19:53:01', 'regular', 'cosmetics', 53, 53000),
	('SSH73544', 'Effe', 'Agustin Impleton', '5 Lakewood Gardens Center', '46 Kipling Junction', '2023-02-10 06:01:37', 'express', 'perfume', 43, 43000),
	('SSH73767', 'Effe', 'Raynell Trudgion', '5 Lakewood Gardens Center', '9 Jenna Park', '2022-12-29 20:07:34', 'express', 'perfume', 70, 70000),
	('SSH74184', 'Lumiere', 'Zita Ghiriardelli', '0614 Southridge Parkway', '570 Novick Terrace', '2022-06-04 14:15:00', 'express', 'cosmetics', 85, 85000),
	('SSH74665', 'Effe', 'Magnum Delos', '5 Lakewood Gardens Center', '616 Bobwhite Plaza', '2023-03-01 13:02:52', 'express', 'perfume', 51, 51000),
	('SSH75016', 'Lumiere', 'Callida Broomfield', '0614 Southridge Parkway', '547 Hintze Avenue', '2022-12-23 14:05:51', 'regular', 'cosmetics', 78, 78000),
	('SSH75193', 'Zalya', 'Elsy Huggett', '80074 Maywood Point', '23 Reinke Pass', '2022-07-21 13:18:29', 'express', 'fashion', 74, 74000),
	('SSH75350', 'Zalya', 'Zsazsa Millbank', '80074 Maywood Point', '39 Caliangt Alley', '2023-04-03 22:58:31', 'economic', 'fashion', 65, 65000),
	('SSH75752', 'Zalya', 'Derry Carlucci', '80074 Maywood Point', '4732 Katie Hill', '2022-06-26 00:55:51', 'express', 'fashion', 63, 63000),
	('SSH75889', 'Effe', 'Alma Sponder', '5 Lakewood Gardens Center', '5360 Kensington Park', '2023-03-13 07:54:44', 'economic', 'perfume', 55, 55000),
	('SSH76019', 'Effe', 'Ronnie Jimeno', '5 Lakewood Gardens Center', '33513 Clove Point', '2022-07-13 16:29:40', 'express', 'perfume', 31, 31000),
	('SSH77367', 'Effe', 'Fidelia Lavery', '5 Lakewood Gardens Center', '84 Rigney Road', '2022-09-15 17:26:36', 'economic', 'perfume', 48, 48000),
	('SSH77441', 'Zalya', 'Fairlie Hubbocks', '80074 Maywood Point', '9851 Spenser Junction', '2022-08-11 17:40:40', 'regular', 'fashion', 53, 53000),
	('SSH78372', 'Zalya', 'Agustin Impleton', '80074 Maywood Point', '46 Kipling Junction', '2023-04-08 23:03:50', 'regular', 'fashion', 47, 47000),
	('SSH78490', 'Lumiere', 'Rudie Dikels', '0614 Southridge Parkway', '7 Dixon Pass', '2022-07-27 18:19:25', 'express', 'cosmetics', 14, 14000),
	('SSH78633', 'Effe', 'Zsazsa Millbank', '5 Lakewood Gardens Center', '39 Caliangt Alley', '2023-04-03 22:58:31', 'regular', 'perfume', 65, 65000),
	('SSH79329', 'Zalya', 'Harold Devonshire', '80074 Maywood Point', '9461 Rutledge Crossing', '2022-06-25 12:19:09', 'economic', 'fashion', 77, 77000),
	('SSH79479', 'Effe', 'Natassia Camock', '5 Lakewood Gardens Center', '72 Crownhardt Drive', '2023-01-31 01:18:10', 'economic', 'perfume', 85, 85000),
	('SSH79900', 'Zalya', 'Angelo Burkin', '80074 Maywood Point', '51 Troy Alley', '2023-05-19 15:17:28', 'express', 'fashion', 20, 20000),
	('SSH80462', 'Lumiere', 'Sheppard Meysham', '0614 Southridge Parkway', '56676 Sugar Park', '2022-09-07 22:44:52', 'economic', 'cosmetics', 91, 91000),
	('SSH80568', 'Lumiere', 'Luke Simondson', '0614 Southridge Parkway', '290 Mayer Junction', '2022-11-11 09:25:08', 'economic', 'cosmetics', 32, 32000),
	('SSH80617', 'Zalya', 'Brandise Boatman', '80074 Maywood Point', '9715 Blaine Terrace', '2022-09-28 11:15:58', 'economic', 'fashion', 23, 23000),
	('SSH80758', 'Zalya', 'Theadora Qusklay', '80074 Maywood Point', '59815 3rd Way', '2023-03-05 04:14:19', 'economic', 'fashion', 37, 37000),
	('SSH81191', 'Lumiere', 'Jeffie Shrimpling', '0614 Southridge Parkway', '2 Main Terrace', '2023-02-22 04:06:08', 'express', 'cosmetics', 58, 58000),
	('SSH81210', 'Lumiere', 'Terrijo Dallicoat', '0614 Southridge Parkway', '049 Elmside Trail', '2023-04-16 15:37:46', 'economic', 'cosmetics', 78, 78000),
	('SSH82688', 'Effe', 'Phedra Wadley', '5 Lakewood Gardens Center', '7 Kipling Trail', '2023-04-20 20:49:31', 'economic', 'perfume', 35, 35000),
	('SSH82733', 'Lumiere', 'Manuel Chalcroft', '0614 Southridge Parkway', '9 Monterey Way', '2023-02-22 06:19:31', 'express', 'cosmetics', 51, 51000),
	('SSH82789', 'Lumiere', 'Derry Carlucci', '0614 Southridge Parkway', '4732 Katie Hill', '2022-06-26 00:55:51', 'regular', 'cosmetics', 12, 12000),
	('SSH84059', 'Lumiere', 'Manuel Chalcroft', '0614 Southridge Parkway', '9 Monterey Way', '2022-09-26 06:55:15', 'economic', 'cosmetics', 51, 51000),
	('SSH84391', 'Effe', 'Tobye Stockney', '5 Lakewood Gardens Center', '67 Darwin Street', '2022-12-21 16:57:44', 'economic', 'perfume', 44, 44000),
	('SSH84860', 'Lumiere', 'Sindee Chadwell', '0614 Southridge Parkway', '54 Chive Junction', '2022-11-27 16:56:41', 'regular', 'cosmetics', 35, 35000),
	('SSH84899', 'Zalya', 'Alyssa Vost', '80074 Maywood Point', '9710 Miller Park', '2023-05-13 08:50:42', 'economic', 'fashion', 54, 54000),
	('SSH85613', 'Zalya', 'Dot Unsworth', '80074 Maywood Point', '97 Myrtle Center', '2022-06-20 06:36:50', 'express', 'fashion', 16, 16000),
	('SSH85635', 'Zalya', 'Luke Simondson', '80074 Maywood Point', '290 Mayer Junction', '2022-11-11 09:25:08', 'regular', 'fashion', 32, 32000),
	('SSH85748', 'Zalya', 'Horatia Anscott', '80074 Maywood Point', '349 Swallow Court', '2022-10-30 05:43:52', 'express', 'fashion', 92, 92000),
	('SSH85860', 'Zalya', 'Amelina Lyford', '80074 Maywood Point', '39 Doe Crossing Pass', '2022-09-11 11:37:37', 'economic', 'fashion', 94, 94000),
	('SSH86854', 'Effe', 'Brandise Boatman', '5 Lakewood Gardens Center', '9715 Blaine Terrace', '2022-12-29 08:17:50', 'express', 'perfume', 75, 75000),
	('SSH87291', 'Effe', 'Angelo Burkin', '5 Lakewood Gardens Center', '51 Troy Alley', '2022-06-05 06:20:44', 'economic', 'perfume', 28, 28000),
	('SSH88846', 'Zalya', 'Vlad Eydel', '80074 Maywood Point', '75492 Graedel Parkway', '2023-02-28 07:41:57', 'express', 'fashion', 64, 64000),
	('SSH89801', 'Lumiere', 'Sheppard Meysham', '0614 Southridge Parkway', '56676 Sugar Park', '2022-12-05 23:26:22', 'express', 'cosmetics', 91, 91000),
	('SSH90223', 'Zalya', 'Sisely Nunnerley', '80074 Maywood Point', '51968 Hudson Place', '2022-06-28 11:16:50', 'regular', 'fashion', 41, 41000),
	('SSH90621', 'Lumiere', 'Callida Broomfield', '0614 Southridge Parkway', '547 Hintze Avenue', '2022-08-22 03:51:15', 'regular', 'cosmetics', 17, 17000),
	('SSH90674', 'Effe', 'Candida Chastaing', '5 Lakewood Gardens Center', '1 Burrows Crossing', '2023-05-10 16:47:08', 'economic', 'perfume', 24, 24000),
	('SSH90685', 'Zalya', 'Zita Ghiriardelli', '80074 Maywood Point', '570 Novick Terrace', '2022-12-01 20:44:00', 'regular', 'fashion', 80, 80000),
	('SSH90731', 'Zalya', 'Douglas Tweedlie', '80074 Maywood Point', '82 8th Junction', '2022-10-05 18:04:29', 'economic', 'fashion', 15, 15000),
	('SSH91098', 'Zalya', 'Ewell Siley', '80074 Maywood Point', '80863 Sugar Way', '2022-10-28 17:38:58', 'regular', 'fashion', 45, 45000),
	('SSH91112', 'Lumiere', 'Dot Unsworth', '0614 Southridge Parkway', '97 Myrtle Center', '2022-06-20 06:36:50', 'express', 'cosmetics', 16, 16000),
	('SSH91567', 'Zalya', 'Sindee Chadwell', '80074 Maywood Point', '54 Chive Junction', '2022-11-27 16:56:41', 'economic', 'fashion', 62, 62000),
	('SSH91752', 'Lumiere', 'Ayn Tague', '0614 Southridge Parkway', '7 Oriole Crossing', '2022-10-28 23:15:11', 'economic', 'cosmetics', 65, 65000),
	('SSH91878', 'Lumiere', 'Junina Junkinson', '0614 Southridge Parkway', '9 North Parkway', '2022-11-07 12:09:44', 'regular', 'cosmetics', 37, 37000),
	('SSH93306', 'Zalya', 'Phedra Wadley', '80074 Maywood Point', '7 Kipling Trail', '2023-04-20 20:49:31', 'express', 'fashion', 35, 35000),
	('SSH93760', 'Lumiere', 'Angelo Burkin', '0614 Southridge Parkway', '51 Troy Alley', '2023-05-19 15:17:28', 'economic', 'cosmetics', 20, 20000),
	('SSH93802', 'Zalya', 'Zacharie Liquorish', '80074 Maywood Point', '606 Crescent Oaks Street', '2022-10-28 00:46:40', 'economic', 'fashion', 15, 15000),
	('SSH93815', 'Lumiere', 'Vlad Eydel', '0614 Southridge Parkway', '75492 Graedel Parkway', '2022-07-12 21:54:06', 'economic', 'cosmetics', 84, 84000),
	('SSH93848', 'Lumiere', 'Elsy Huggett', '0614 Southridge Parkway', '23 Reinke Pass', '2022-07-21 13:18:29', 'regular', 'cosmetics', 5, 5000),
	('SSH93903', 'Zalya', 'Theadora Qusklay', '80074 Maywood Point', '59815 3rd Way', '2023-02-15 07:46:53', 'economic', 'fashion', 11, 11000),
	('SSH94185', 'Zalya', 'Magnum Delos', '80074 Maywood Point', '616 Bobwhite Plaza', '2023-03-01 13:02:52', 'regular', 'fashion', 51, 51000),
	('SSH94542', 'Lumiere', 'Carlee Casotti', '0614 Southridge Parkway', '17760 Commercial Park', '2022-10-28 01:44:01', 'regular', 'cosmetics', 14, 14000),
	('SSH94938', 'Effe', 'Renaldo Peeke', '5 Lakewood Gardens Center', '1864 Spenser Hill', '2023-01-21 16:38:05', 'regular', 'perfume', 75, 75000),
	('SSH95483', 'Zalya', 'Myrtice MacParland', '80074 Maywood Point', '72 Killdeer Plaza', '2023-04-12 06:00:53', 'express', 'fashion', 8, 8000),
	('SSH95959', 'Lumiere', 'Renaldo Peeke', '0614 Southridge Parkway', '1864 Spenser Hill', '2022-09-23 14:03:33', 'regular', 'cosmetics', 75, 75000),
	('SSH96081', 'Lumiere', 'Zita Ghiriardelli', '0614 Southridge Parkway', '570 Novick Terrace', '2022-12-01 20:44:00', 'regular', 'cosmetics', 85, 85000),
	('SSH96270', 'Zalya', 'Ewell Siley', '80074 Maywood Point', '80863 Sugar Way', '2022-07-27 20:50:23', 'regular', 'fashion', 86, 86000),
	('SSH97058', 'Effe', 'Jesus Fletcher', '5 Lakewood Gardens Center', '216 School Street', '2023-03-24 05:36:18', 'express', 'perfume', 19, 19000),
	('SSH97252', 'Lumiere', 'Fairlie Hubbocks', '0614 Southridge Parkway', '9851 Spenser Junction', '2022-12-23 14:15:26', 'express', 'cosmetics', 54, 54000),
	('SSH97727', 'Zalya', 'Elsy Huggett', '80074 Maywood Point', '23 Reinke Pass', '2023-05-26 02:21:23', 'economic', 'fashion', 27, 27000),
	('SSH97817', 'Lumiere', 'Derry Carlucci', '0614 Southridge Parkway', '4732 Katie Hill', '2023-04-20 05:07:00', 'express', 'cosmetics', 63, 63000),
	('SSH98206', 'Effe', 'Derry Carlucci', '5 Lakewood Gardens Center', '4732 Katie Hill', '2022-06-26 00:55:51', 'economic', 'perfume', 63, 63000),
	('SSH98562', 'Zalya', 'Rudie Dikels', '80074 Maywood Point', '7 Dixon Pass', '2022-08-20 18:55:02', 'economic', 'fashion', 75, 75000),
	('SSH98836', 'Effe', 'Hi Orgel', '5 Lakewood Gardens Center', '6207 Briar Crest Drive', '2022-07-14 16:16:14', 'economic', 'perfume', 89, 89000),
	('SSH98978', 'Lumiere', 'Rozanna Hatherley', '0614 Southridge Parkway', '7440 Browning Court', '2022-09-01 05:18:11', 'regular', 'cosmetics', 96, 96000),
	('SSH99107', 'Lumiere', 'Luke Simondson', '0614 Southridge Parkway', '290 Mayer Junction', '2022-06-27 19:25:52', 'economic', 'cosmetics', 32, 32000),
	('SSH99930', 'Zalya', 'Raynell Trudgion', '80074 Maywood Point', '9 Jenna Park', '2022-12-29 20:07:34', 'regular', 'fashion', 33, 33000);

/*!40103 SET TIME_ZONE=IFNULL(@OLD_TIME_ZONE, 'system') */;
/*!40101 SET SQL_MODE=IFNULL(@OLD_SQL_MODE, '') */;
/*!40014 SET FOREIGN_KEY_CHECKS=IFNULL(@OLD_FOREIGN_KEY_CHECKS, 1) */;
/*!40101 SET CHARACTER_SET_CLIENT=@OLD_CHARACTER_SET_CLIENT */;
/*!40111 SET SQL_NOTES=IFNULL(@OLD_SQL_NOTES, 1) */;
