-- --------------------------------------------------------
-- Host:                         127.0.0.1
-- Server version:               8.0.30 - MySQL Community Server - GPL
-- Server OS:                    Win64
-- HeidiSQL Version:             12.3.0.6589
-- --------------------------------------------------------

/*!40101 SET @OLD_CHARACTER_SET_CLIENT=@@CHARACTER_SET_CLIENT */;
/*!40101 SET NAMES utf8 */;
/*!50503 SET NAMES utf8mb4 */;
/*!40103 SET @OLD_TIME_ZONE=@@TIME_ZONE */;
/*!40103 SET TIME_ZONE='+00:00' */;
/*!40014 SET @OLD_FOREIGN_KEY_CHECKS=@@FOREIGN_KEY_CHECKS, FOREIGN_KEY_CHECKS=0 */;
/*!40101 SET @OLD_SQL_MODE=@@SQL_MODE, SQL_MODE='NO_AUTO_VALUE_ON_ZERO' */;
/*!40111 SET @OLD_SQL_NOTES=@@SQL_NOTES, SQL_NOTES=0 */;


-- Dumping database structure for dbcustomer
DROP DATABASE IF EXISTS `dbcustomer`;
CREATE DATABASE IF NOT EXISTS `dbcustomer` /*!40100 DEFAULT CHARACTER SET utf8mb4 COLLATE utf8mb4_0900_ai_ci */ /*!80016 DEFAULT ENCRYPTION='N' */;
USE `dbcustomer`;

-- Dumping structure for table dbcustomer.customer
DROP TABLE IF EXISTS `customer`;
CREATE TABLE IF NOT EXISTS `customer` (
  `cust_id` varchar(10) NOT NULL,
  `first_name` varchar(10) NOT NULL,
  `last_name` varchar(20) NOT NULL,
  `email` varchar(40) NOT NULL,
  `password` varchar(20) NOT NULL,
  `phone` varchar(20) CHARACTER SET utf8mb4 COLLATE utf8mb4_0900_ai_ci DEFAULT NULL,
  `country` varchar(10) CHARACTER SET utf8mb4 COLLATE utf8mb4_0900_ai_ci DEFAULT NULL,
  `city` varchar(50) CHARACTER SET utf8mb4 COLLATE utf8mb4_0900_ai_ci DEFAULT NULL,
  `address` varchar(30) CHARACTER SET utf8mb4 COLLATE utf8mb4_0900_ai_ci DEFAULT NULL,
  PRIMARY KEY (`cust_id`)
) ENGINE=InnoDB DEFAULT CHARSET=utf8mb4 COLLATE=utf8mb4_0900_ai_ci;

-- Dumping data for table dbcustomer.customer: ~101 rows (approximately)
DELETE FROM `customer`;
INSERT INTO `customer` (`cust_id`, `first_name`, `last_name`, `email`, `password`, `phone`, `country`, `city`, `address`) VALUES
	('CT002026', 'Douglas', 'Tweedlie', 'dtweedlie18@unc.edu', 'ZFCtdYEehy2M', '878-818-4417', 'Indonesia', 'Pandeglang', '82 8th Junction'),
	('CT017401', 'Tyne', 'McGeachy', 'tmcgeachy2p@businessinsider.com', 'fN7r8QhRoU', '307-825-1127', 'Indonesia', 'Banjar', '29092 Pennsylvania Crossing'),
	('CT018895', 'Morse', 'McSperron', 'mmcsperron2b@seesaa.net', 'ww0Si2Ehh3p', '601-992-8937', 'Indonesia', 'Luwu Utara', '25 Fremont Junction'),
	('CT041554', 'Brod', 'Oak', 'boak25@parallels.com', '1sSlv8XQvoz', '289-643-0596', 'Indonesia', 'Kepulauan Anambas', '29 Sutteridge Way'),
	('CT044984', 'Harold', 'Andriolli', 'handriollih@pen.io', 'NwaVsmrwv4', '699-175-3955', 'Indonesia', 'Aceh Selatan', '259 Homewood Drive'),
	('CT057905', 'Zollie', 'Timperley', 'ztimperleyf@unesco.org', 'SxdDYwXZDJ', '292-853-6085', 'Indonesia', 'Takalar', '91 Union Plaza'),
	('CT057935', 'Harold', 'Devonshire', 'hdevonshire2m@fotki.com', 'TByk34T', '521-539-4075', 'Indonesia', 'Kepulauan Meranti', '9461 Rutledge Crossing'),
	('CT058064', 'Johny', 'Duckit', 'jduckit1z@buzzfeed.com', 'RwayvjqKX1C', '131-863-5473', 'Indonesia', 'Gorontalo Utara', '184 Fair Oaks Pass'),
	('CT084553', 'Les', 'Sandeman', 'lsandeman1f@cpanel.net', 'jMvJ2uY73eVe', '618-727-1437', 'Indonesia', 'Sarolangun', '842 Lighthouse Bay Road'),
	('CT091686', 'Fidelia', 'Lavery', 'flavery16@123-reg.co.uk', 'lPW1ggqA', '152-111-9996', 'Indonesia', 'Lebak', '84 Rigney Road'),
	('CT106978', 'Amelina', 'Lyford', 'alyford1o@yellowpages.com', 'oqSKjX1', '687-960-8399', 'Indonesia', 'Kudus', '39 Doe Crossing Pass'),
	('CT124325', 'Eduardo', 'Guitt', 'eguittx@oakley.com', 'ujEd0rVgc5M', '274-669-7404', 'Indonesia', 'Pekanbaru', '701 Forest Hill'),
	('CT133675', 'Lisette', 'Carrack', 'lcarrack1d@canalblog.com', 'K2sAt8fc', '473-857-9718', 'Indonesia', 'Tanggamus', '5222 Maywood Pass'),
	('CT140834', 'Phedra', 'Wadley', 'pwadley1q@technorati.com', 'goDO32jDHg1', '361-392-6610', 'Indonesia', 'Magetan', '7 Kipling Trail'),
	('CT146976', 'Ayn', 'Tague', 'atague10@msu.edu', 'VrWI5bJ', '972-309-5764', 'Indonesia', 'Palopo', '7 Oriole Crossing'),
	('CT153309', 'Tobye', 'Stockney', 'tstockney28@cam.ac.uk', 'c2MEeSvBfRu', '736-651-4902', 'Indonesia', 'Tanjung Balai', '67 Darwin Street'),
	('CT153648', 'Robinett', 'Canon', 'rcanon5@apple.com', 'PkkWTz9xcjBy', '443-665-4758', 'Indonesia', 'Boven Digoel', '46598 Burning Wood Street'),
	('CT159666', 'Luke', 'Simondson', 'lsimondson1m@boston.com', 'rJauhDM', '188-360-3084', 'Indonesia', 'Mamuju Utara', '290 Mayer Junction'),
	('CT176558', 'Zacharie', 'Liquorish', 'zliquorish1k@netlog.com', 'DbRKHZqW', '594-944-2921', 'Indonesia', 'Kapuas Hulu', '606 Crescent Oaks Street'),
	('CT197967', 'Antonio', 'Gladwin', 'agladwinp@stanford.edu', 'IHDGyxoP15lJ', '707-171-6333', 'Indonesia', 'Nunukan', '030 Golf Trail'),
	('CT200995', 'Horatia', 'Anscott', 'hanscott2c@google.co.uk', 'blNtS0', '878-237-6192', 'Indonesia', 'Tulang Bawang', '349 Swallow Court'),
	('CT205086', 'Alma', 'Sponder', 'asponder12@howstuffworks.com', 'DhmdFDMe', '120-454-5300', 'Indonesia', 'Pekalongan', '5360 Kensington Park'),
	('CT207216', 'Angelo', 'Burkin', 'aburkin1u@spiegel.de', 'FeW5JYL9', '838-506-2339', 'Indonesia', 'Banyuwangi', '51 Troy Alley'),
	('CT216589', 'Kippy', 'Meyer', 'kmeyer1@unblog.fr', 'm7AHmU7J3', '336-561-7689', 'Indonesia', 'Sungaipenuh', '19 Dwight Circle'),
	('CT217412', 'Fairlie', 'Hubbocks', 'fhubbocks2@cargocollective.com', 'hbn8KVwP', '711-749-3304', 'Indonesia', 'Pohuwato', '9851 Spenser Junction'),
	('CT219723', 'Dorotea', 'Cortes', 'dcortesj@linkedin.com', 'STrPx9O', '534-868-1638', 'Indonesia', 'Prabumulih', '1 Haas Junction'),
	('CT232291', 'Marilin', 'Carverhill', 'mcarverhilld@people.com.cn', 'kI3JSZsh8c', '145-341-6375', 'Indonesia', 'Bima', '3 Bonner Lane'),
	('CT241320', 'Jeffie', 'Shrimpling', 'jshrimpling2a@soup.io', '9FLLIPbTb', '916-877-2258', 'Indonesia', 'Samosir', '2 Main Terrace'),
	('CT276034', 'Alyssa', 'Vost', 'avost1s@nba.com', 'hwIc0L', '572-712-4870', 'Indonesia', 'Pekalongan', '9710 Miller Park'),
	('CT287501', 'Jesus', 'Fletcher', 'jfletcher1a@domainmarket.com', 'JeMRDWc', '601-549-0255', 'Indonesia', 'Pinrang', '216 School Street'),
	('CT307718', 'Janeta', 'Goare', 'jgoare21@cdc.gov', '3Wljzm', '868-284-1413', 'Indonesia', 'Lamandau', '33 Rowland Point'),
	('CT321738', 'Rozanna', 'Hatherley', 'rhatherleyk@npr.org', 'RtxkmEssbbhU', '963-304-7824', 'Indonesia', 'Wajo', '7440 Browning Court'),
	('CT335033', 'Aggie', 'Delamere', 'adelamere3@dedecms.com', '3A8vZD', '501-104-0856', 'Indonesia', 'Indramayu', '016 Merry Way'),
	('CT336162', 'Audy', 'Pearcy', 'apearcy19@bluehost.com', 'pq4z7vCst', '527-549-4063', 'Indonesia', 'Sidoarjo', '99331 Brentwood Drive'),
	('CT338072', 'Smith', 'Oddie', 'soddieb@nba.com', 's9GRuAZ', '878-694-7471', 'Indonesia', 'Supiori', '3034 Monument Crossing'),
	('CT338133', 'Hi', 'Orgel', 'horgel26@wordpress.com', 'Ns4hhIK', '137-110-9678', 'Indonesia', 'Hulu Sungai Selatan', '6207 Briar Crest Drive'),
	('CT341751', 'Junina', 'Junkinson', 'jjunkinson20@indiegogo.com', 'NDBJv1pF', '847-488-6718', 'Indonesia', 'Buton Utara', '9 North Parkway'),
	('CT361836', 'Vicki', 'Fawdry', 'vfawdryv@hugedomains.com', 'lTRXuhDL', '839-712-9043', 'Indonesia', 'Bantul', '05 Annamark Crossing'),
	('CT365166', 'Vivi', 'Tweedie', 'vtweedie2n@live.com', 'cD30l7', '805-793-5142', 'Indonesia', 'Jombang', '688 Rowland Circle'),
	('CT365819', 'Willey', 'Kingett', 'wkingett1h@whitehouse.gov', 'fjZgiUBLFc', '573-897-7725', 'Indonesia', 'Malinau', '03171 Daystar Alley'),
	('CT368224', 'Dorena', 'Thamelt', 'dthamelt2j@goo.gl', 'fvxBiIEK', '881-655-4817', 'Indonesia', 'Serang', '488 Hoepker Parkway'),
	('CT395048', 'Jackquelin', 'Glancy', 'jglancyt@nasa.gov', 'SWcXIwlYGb', '528-627-2356', 'Indonesia', 'Pesisir Barat', '02 Superior Lane'),
	('CT408374', 'Derry', 'Carlucci', 'dcarlucciw@51.la', 'mkDbx3BmR', '278-188-7820', 'Indonesia', 'Belitung Timur', '4732 Katie Hill'),
	('CT413066', 'Candida', 'Chastaing', 'cchastaing1w@archive.org', 'eu2SRvgCS', '311-463-5379', 'Indonesia', 'Pagar Alam', '1 Burrows Crossing'),
	('CT417103', 'Adrian', 'Please', 'apleasei@behance.net', '9ATJcPl2OfLh', '216-916-5656', 'Indonesia', 'Ponorogo', '8055 Lakeland Parkway'),
	('CT437060', 'Manuel', 'Chalcroft', 'mchalcroft1e@mashable.com', 'SJgl3GiBPd', '792-469-1264', 'Indonesia', 'Batang Hari', '9 Monterey Way'),
	('CT444004', 'Alma', 'Hedney', 'ahedney2d@bandcamp.com', 'K8FYXHMg', '980-963-6080', 'Indonesia', 'Nabire', '531 Red Cloud Court'),
	('CT447944', 'Tim', 'McKeever', 'tmckeever9@disqus.com', 'lEo5cDJa', '946-992-7076', 'Indonesia', 'Jakarta Utara', '26 Northwestern Park'),
	('CT460639', 'Clare', 'Degnen', 'cdegnen1v@simplemachines.org', 'cU8rWj8x', '725-870-1165', 'Indonesia', 'Tabanan', '5 Claremont Crossing'),
	('CT482887', 'Vidovic', 'McLanaghan', 'vmclanaghanu@addthis.com', 'FrG632npwTp', '714-710-6214', 'Indonesia', 'Nduga', '1084 Sutherland Drive'),
	('CT484892', 'Celina', 'Clowley', 'cclowley2f@wikipedia.org', 'xHLygGu', '298-477-6554', 'Indonesia', 'Rote Ndao', '2 Reindahl Way'),
	('CT487659', 'Ive', 'Biesinger', 'ibiesinger27@sphinn.com', 'ezifZ7GRIPJB', '923-953-3820', 'Indonesia', 'Halmahera Utara', '50 Bowman Circle'),
	('CT487961', 'Olivero', 'Pestell', 'opestell1l@netscape.com', 'EAIVbzhA', '265-207-9725', 'Indonesia', 'Puncak Jaya', '52534 Blackbird Drive'),
	('CT498493', 'Terrijo', 'Dallicoat', 'tdallicoat24@bandcamp.com', 'GznUcl', '801-673-1393', 'Indonesia', 'Jakarta Barat', '049 Elmside Trail'),
	('CT499467', 'Babbie', 'Webbe', 'bwebbe15@sfgate.com', '7FpKXK75d', '799-239-9523', 'Indonesia', 'Halmahera Timur', '501 Arkansas Way'),
	('CT505704', 'Ronnie', 'Jimeno', 'rjimeno2k@clickbank.net', 'Mq11g6l', '789-460-5871', 'Indonesia', 'Purbalingga', '33513 Clove Point'),
	('CT513358', 'Elsy', 'Huggett', 'ehuggett1g@gmpg.org', 'bLo4RMA4c', '341-779-2046', 'Indonesia', 'Bangli', '23 Reinke Pass'),
	('CT514389', 'Sisely', 'Nunnerley', 'snunnerley0@nih.gov', 'vdrO3uIxsJC', '924-451-4037', 'Indonesia', 'Jakarta Pusat', '51968 Hudson Place'),
	('CT590459', 'Gradey', 'Grabiec', 'ggrabiec1j@newyorker.com', 'B9bAi3yXx', '372-144-1116', 'Indonesia', 'Kaimana', '29 Lillian Street'),
	('CT595257', 'Colette', 'Filchagin', 'cfilchagin2l@gov.uk', 'KxgbND', '305-973-4505', 'Indonesia', 'Purworejo', '79 Morning Road'),
	('CT600025', 'Pip', 'Gladman', 'pgladman1b@google.nl', 'kXSSRJzzyttd', '367-790-2636', 'Indonesia', 'Barito Selatan', '30 Stephen Street'),
	('CT602067', 'Brandise', 'Boatman', 'bboatmana@bizjournals.com', 'MnbMrWtjQa', '951-687-4535', 'Indonesia', 'Solok', '9715 Blaine Terrace'),
	('CT630093', 'Euell', 'Igo', 'eigol@zimbio.com', 'cbAFysLFO', '436-903-3717', 'Indonesia', 'Semarang', '33 Southridge Trail'),
	('CT652747', 'Thomasa', 'Romanet', 'tromanetn@ebay.com', 'OWUcHt', '816-855-4732', 'Indonesia', 'Bulungan (Bulongan)', '8 Kings Parkway'),
	('CT653859', 'Myrtice', 'MacParland', 'mmacparlandq@jugem.jp', 'vSovK6', '274-285-4177', 'Indonesia', 'Wonosobo', '72 Killdeer Plaza'),
	('CT658935', 'Sindee', 'Chadwell', 'schadwell14@cyberchimps.com', 'wtOMpi1JUou', '733-820-9770', 'Indonesia', 'Teluk Bintuni', '54 Chive Junction'),
	('CT688603', 'Chicky', 'Flattman', 'cflattman1r@about.me', 'DmNbnyUakTgJ', '858-965-7784', 'Indonesia', 'Sinjai', '9 Eastlawn Trail'),
	('CT692261', 'Anestassia', 'Realy', 'arealyz@mediafire.com', 'BwziEYbRX', '434-615-4509', 'Indonesia', 'Sumbawa', '3770 Packers Drive'),
	('CT716089', 'Theadora', 'Qusklay', 'tqusklayo@theatlantic.com', '8m3X8iwap', '977-802-0912', 'Indonesia', 'Palangka Raya', '59815 3rd Way'),
	('CT727229', 'Agustin', 'Impleton', 'aimpleton6@prnewswire.com', '1QjbVKhDZd', '203-722-1663', 'Indonesia', 'Tanjung Jabung Barat', '46 Kipling Junction'),
	('CT731466', 'Ewell', 'Siley', 'esileym@trellian.com', 'NzQATjGSwz4u', '825-419-7873', 'Indonesia', 'Wakatobi', '80863 Sugar Way'),
	('CT744478', 'Raynell', 'Trudgion', 'rtrudgion1y@pen.io', '0FOVMEVh8Q', '567-463-4838', 'Indonesia', 'Pematang Siantar', '9 Jenna Park'),
	('CT755571', 'Nicolina', 'Balharry', 'nbalharry29@jalbum.net', 'EeGtD3pgJ0R', '438-213-4345', 'Indonesia', 'Gunung Kidul', '355 Karstens Alley'),
	('CT768855', 'Zita', 'Ghiriardelli', 'zghiriardelli2o@ehow.com', 'GXN4uBq', '999-753-2624', 'Indonesia', 'Ternate', '570 Novick Terrace'),
	('CT768955', 'Rudie', 'Dikels', 'rdikelsc@mapy.cz', 'PwXeTiFUUtwl', '493-482-0576', 'Indonesia', 'Tidore Kepulauan', '7 Dixon Pass'),
	('CT776323', 'Michelina', 'Rintoul', 'mrintoul2r@imageshack.us', 'ZbZ3IU', '478-816-2580', 'Indonesia', 'Kutai Barat', '761 Crownhardt Crossing'),
	('CT786904', 'Norry', 'Mushrow', 'nmushrow11@goo.ne.jp', 'Rs0vWq', '370-959-3471', 'Indonesia', 'Dairi', '24870 Ramsey Hill'),
	('CT798121', 'Zsazsa', 'Millbank', 'zmillbank8@ezinearticles.com', 'eDW4Gr8', '855-659-9899', 'Indonesia', 'Bitung', '39 Caliangt Alley'),
	('CT813581', 'Tudor', 'Large', 'tlarge23@businessinsider.com', 'Mali2dC1', '284-543-9529', 'Indonesia', 'Klungkung', '69335 Brickson Park Point'),
	('CT815958', 'Vlad', 'Eydel', 'veydel2q@constantcontact.com', 'i58BZidF6', '309-137-8946', 'Indonesia', 'Kepulauan Yapen (Yapen Waropen)', '75492 Graedel Parkway'),
	('CT816479', 'Allyson', 'Cottu', 'acottu17@amazon.co.jp', 'VmtX5v', '622-392-5885', 'Indonesia', 'Sidenreng Rappang/Rapang', '01 Clyde Gallagher Park'),
	('CT832228', 'Natassia', 'Camock', 'ncamock4@shareasale.com', 'MBNO4Lj', '927-608-3763', 'Indonesia', 'Dogiyai', '72 Crownhardt Drive'),
	('CT841001', 'Dell', 'Lambard', 'dlambard1t@fema.gov', 'nIC5Wh3', '131-977-6364', 'Indonesia', 'Berau', '87151 Gale Court'),
	('CT848660', 'Sergio', 'Drews', 'sdrews13@webmd.com', 'IZXEhgR', '455-659-6742', 'Indonesia', 'Payakumbuh', '65 Crownhardt Junction'),
	('CT854110', 'Vaughan', 'Crates', 'vcratese@spotify.com', 'BKfMXLH', '564-818-2576', 'Indonesia', 'Lombok Timur', '9506 Bultman Circle'),
	('CT869535', 'Renaldo', 'Peeke', 'rpeeke2e@examiner.com', 'jChaSXiBgQIc', '436-846-8667', 'Indonesia', 'Belitung', '1864 Spenser Hill'),
	('CT871838', 'Hersch', 'Ferrario', 'hferrario2h@clickbank.net', 'quSOuzjDO6j', '312-511-1954', 'Indonesia', 'Buru Selatan', '109 Vernon Pass'),
	('CT874237', 'Adriena', 'Ciccetti', 'aciccettiy@whitehouse.gov', '9alN5Qc', '874-903-3979', 'Indonesia', 'Binjai', '9 Kedzie Junction'),
	('CT883825', 'Lin', 'Padly', 'lpadly1x@fda.gov', 'f7hImN', '342-263-9508', 'Indonesia', 'Sibolga', '12475 Carioca Circle'),
	('CT884530', 'Dalia', 'Cunah', 'dcunah7@illinois.edu', '7kGDbpPPDGll', '376-403-4395', 'Indonesia', 'Rokan Hulu', '554 Dorton Way'),
	('CT917607', 'Darrelle', 'Hamlen', 'dhamlen1p@java.com', 'ikisIlv', '704-735-6425', 'Indonesia', 'Buleleng', '70651 Hagan Alley'),
	('CT929318', 'Maureen', 'Ivankov', 'mivankov1n@theguardian.com', 'iRoiqHkZzT', '234-858-0968', 'Indonesia', 'Timor Tengah Utara', '01239 Schiller Place'),
	('CT934132', 'Sheppard', 'Meysham', 'smeysham22@etsy.com', '9s51Wa6Pfx', '649-426-9035', 'Indonesia', 'Minahasa Selatan', '56676 Sugar Park'),
	('CT948394', 'Wells', 'Reeson', 'wreeson2i@amazon.co.uk', 'h44fCGHQXQj', '777-913-8562', 'Indonesia', 'Kotawaringin Timur', '5 Sutherland Crossing'),
	('CT954122', 'Dot', 'Unsworth', 'dunsworth1c@merriam-webster.com', 'jWqa40T2bh52', '494-476-6968', 'Indonesia', 'Kepulauan Siau Tagulandang Biaro (Sitaro)', '97 Myrtle Center'),
	('CT958846', 'Philippe', 'Ebben', 'pebbenr@myspace.com', 'w1h4Vd', '626-837-1351', 'Indonesia', 'Teluk Wondama', '395 Lukken Lane'),
	('CT960439', 'Carlee', 'Casotti', 'ccasotti1i@tripod.com', 'VDngZqXIY0', '766-174-6250', 'Indonesia', 'Tomohon', '17760 Commercial Park'),
	('CT979936', 'Magnum', 'Delos', 'mdelosg@stumbleupon.com', 'd7UPjA50qjk', '214-890-4689', 'Indonesia', 'Pontianak', '616 Bobwhite Plaza'),
	('CT999001', 'Callida', 'Broomfield', 'cbroomfield2g@acquirethisname.com', 'FQmtvptc', '915-850-6606', 'Indonesia', 'Padang', '547 Hintze Avenue'),
	('CT999828', 'Bartram', 'Furmston', 'bfurmstons@seesaa.net', 'pLBvG3O', '273-330-4131', 'Indonesia', 'Bulukumba', '88131 Sheridan Circle'),
	('CT999829', 'Nasywa', 'Syifa', 'nsyifa@gmail.com', 'abcde', '087716316356', 'Indonesia', NULL, NULL);

-- Dumping structure for procedure dbcustomer.spGetCustomerByCustId
DROP PROCEDURE IF EXISTS `spGetCustomerByCustId`;
DELIMITER //
CREATE PROCEDURE `spGetCustomerByCustId`(
	IN `parametercustid` VARCHAR(20)
)
BEGIN
	SELECT * FROM customer WHERE cust_id = parametercustid;
END//
DELIMITER ;

-- Dumping structure for procedure dbcustomer.spGetCustomerByEmail
DROP PROCEDURE IF EXISTS `spGetCustomerByEmail`;
DELIMITER //
CREATE PROCEDURE `spGetCustomerByEmail`(
	IN `parameteremail` TEXT
)
BEGIN
	SELECT * FROM customer WHERE email = parameteremail;
END//
DELIMITER ;

-- Dumping structure for procedure dbcustomer.spGetLatestCustomer
DROP PROCEDURE IF EXISTS `spGetLatestCustomer`;
DELIMITER //
CREATE PROCEDURE `spGetLatestCustomer`()
BEGIN
SELECT * FROM customer ORDER BY cust_id DESC LIMIT 1;
END//
DELIMITER ;

-- Dumping structure for procedure dbcustomer.spUpdateCustomerAddress
DROP PROCEDURE IF EXISTS `spUpdateCustomerAddress`;
DELIMITER //
CREATE PROCEDURE `spUpdateCustomerAddress`(
	IN `in_address` TEXT,
	IN `in_cust_id` VARCHAR(50)
)
BEGIN
UPDATE customer
SET address = in_address
WHERE cust_id = in_cust_id;
END//
DELIMITER ;

-- Dumping structure for procedure dbcustomer.spUpdateCustomerCity
DROP PROCEDURE IF EXISTS `spUpdateCustomerCity`;
DELIMITER //
CREATE PROCEDURE `spUpdateCustomerCity`(
	IN `in_city` VARCHAR(50),
	IN `in_cust_id` VARCHAR(50)
)
BEGIN
UPDATE customer
SET city = in_city
WHERE cust_id = in_cust_id;
END//
DELIMITER ;


-- Dumping database structure for dbecommerce
DROP DATABASE IF EXISTS `dbecommerce`;
CREATE DATABASE IF NOT EXISTS `dbecommerce` /*!40100 DEFAULT CHARACTER SET utf8mb4 COLLATE utf8mb4_0900_ai_ci */ /*!80016 DEFAULT ENCRYPTION='N' */;
USE `dbecommerce`;

-- Dumping structure for table dbecommerce.cart
DROP TABLE IF EXISTS `cart`;
CREATE TABLE IF NOT EXISTS `cart` (
  `cust_id` varchar(10) NOT NULL,
  `product_id` varchar(10) NOT NULL,
  `quantity` tinyint NOT NULL,
  PRIMARY KEY (`cust_id`,`product_id`)
) ENGINE=InnoDB DEFAULT CHARSET=utf8mb4 COLLATE=utf8mb4_0900_ai_ci;

-- Dumping data for table dbecommerce.cart: ~301 rows (approximately)
DELETE FROM `cart`;
INSERT INTO `cart` (`cust_id`, `product_id`, `quantity`) VALUES
	('CT002026', 'F1757705', 1),
	('CT002026', 'F7003570', 5),
	('CT002026', 'F7964464', 2),
	('CT017401', 'C7197339', 1),
	('CT017401', 'P8388528', 3),
	('CT017401', 'P9393370', 1),
	('CT018895', 'C0194627', 3),
	('CT018895', 'F1380229', 4),
	('CT018895', 'P9298527', 2),
	('CT041554', 'C6524320', 1),
	('CT041554', 'F0056250', 2),
	('CT041554', 'F6945608', 2),
	('CT044984', 'F0056250', 1),
	('CT044984', 'P5294742', 4),
	('CT044984', 'P7447600', 4),
	('CT057905', 'C1724963', 5),
	('CT057905', 'C3127414', 5),
	('CT057905', 'F1440753', 3),
	('CT057935', 'C9362290', 3),
	('CT057935', 'P0437921', 5),
	('CT057935', 'P5801211', 3),
	('CT058064', 'C2774051', 5),
	('CT058064', 'P4188953', 3),
	('CT058064', 'P9769163', 5),
	('CT084553', 'C3127414', 1),
	('CT084553', 'C6613812', 4),
	('CT084553', 'F5098210', 1),
	('CT091686', 'C9348778', 1),
	('CT091686', 'F7850938', 1),
	('CT091686', 'P0476658', 5),
	('CT106978', 'C9353155', 3),
	('CT106978', 'F3115617', 3),
	('CT106978', 'P2555601', 1),
	('CT124325', 'C8864080', 4),
	('CT124325', 'C9379571', 1),
	('CT124325', 'P4204362', 2),
	('CT133675', 'C5811158', 1),
	('CT133675', 'C6544115', 3),
	('CT133675', 'C7898319', 1),
	('CT140834', 'F0056250', 4),
	('CT140834', 'F3902306', 5),
	('CT140834', 'F6165387', 4),
	('CT146976', 'F7890291', 1),
	('CT146976', 'P1359687', 4),
	('CT146976', 'P9855297', 2),
	('CT153309', 'C0434406', 2),
	('CT153309', 'F6877089', 5),
	('CT153309', 'P8411958', 2),
	('CT153648', 'C4309847', 5),
	('CT153648', 'F9821817', 3),
	('CT153648', 'P7447600', 1),
	('CT159666', 'C7645316', 3),
	('CT159666', 'P3114207', 5),
	('CT159666', 'P4163759', 4),
	('CT176558', 'C5685190', 1),
	('CT176558', 'F6165387', 1),
	('CT176558', 'F7393199', 1),
	('CT197967', 'C1418683', 1),
	('CT197967', 'C4309847', 1),
	('CT197967', 'F4612655', 1),
	('CT200995', 'C1147499', 2),
	('CT200995', 'F7890291', 3),
	('CT200995', 'P4812246', 4),
	('CT205086', 'C9597072', 2),
	('CT205086', 'F9258545', 5),
	('CT205086', 'P8388528', 2),
	('CT207216', 'F0965627', 3),
	('CT207216', 'F4935081', 5),
	('CT207216', 'P0568794', 3),
	('CT216589', 'C2806395', 5),
	('CT216589', 'C4300053', 3),
	('CT216589', 'C9178263', 1),
	('CT217412', 'F7393199', 3),
	('CT217412', 'P4812246', 4),
	('CT217412', 'P9527744', 2),
	('CT219723', 'C7394924', 5),
	('CT219723', 'P4204362', 3),
	('CT219723', 'P6404448', 5),
	('CT232291', 'C1974326', 2),
	('CT232291', 'C4794436', 3),
	('CT232291', 'P5294742', 4),
	('CT241320', 'C4400880', 1),
	('CT241320', 'P6404448', 4),
	('CT241320', 'P8156206', 4),
	('CT276034', 'C9340847', 2),
	('CT276034', 'F8199936', 1),
	('CT276034', 'F8362697', 5),
	('CT287501', 'C5685190', 2),
	('CT287501', 'P0744039', 3),
	('CT287501', 'P6284344', 3),
	('CT307718', 'C9597072', 5),
	('CT307718', 'P3476703', 5),
	('CT307718', 'P7260596', 5),
	('CT321738', 'C1305061', 3),
	('CT321738', 'F0285512', 1),
	('CT321738', 'F1380229', 5),
	('CT335033', 'F6619206', 3),
	('CT335033', 'P0650180', 3),
	('CT335033', 'P8140033', 3),
	('CT336162', 'C5237960', 3),
	('CT336162', 'C9178263', 1),
	('CT336162', 'P6346949', 2),
	('CT338072', 'F1939816', 3),
	('CT338072', 'P2817115', 2),
	('CT338072', 'P9741485', 5),
	('CT338133', 'C7197339', 3),
	('CT338133', 'F7451970', 5),
	('CT338133', 'P1832748', 5),
	('CT341751', 'C8864080', 5),
	('CT341751', 'F6945608', 2),
	('CT341751', 'P8388528', 2),
	('CT361836', 'C0713608', 1),
	('CT361836', 'C9340847', 2),
	('CT361836', 'P2555601', 4),
	('CT365166', 'F9145351', 1),
	('CT365166', 'F9768961', 5),
	('CT365166', 'P3039948', 4),
	('CT365819', 'C3091750', 1),
	('CT365819', 'C6524320', 1),
	('CT365819', 'F3719957', 3),
	('CT368224', 'C3115074', 2),
	('CT368224', 'F7003570', 2),
	('CT368224', 'P3039948', 1),
	('CT395048', 'C6524320', 4),
	('CT395048', 'F0470949', 5),
	('CT395048', 'P5665939', 4),
	('CT408374', 'F7532489', 1),
	('CT408374', 'P2896108', 1),
	('CT408374', 'P8411958', 2),
	('CT413066', 'C2461150', 5),
	('CT413066', 'F3623994', 1),
	('CT413066', 'F8169626', 1),
	('CT417103', 'P1409132', 3),
	('CT417103', 'P2092745', 4),
	('CT417103', 'P4948947', 1),
	('CT437060', 'C1724963', 2),
	('CT437060', 'C9348778', 2),
	('CT437060', 'P3114207', 5),
	('CT444004', 'F9546153', 2),
	('CT444004', 'P2231441', 4),
	('CT444004', 'P6284344', 5),
	('CT447944', 'C0434406', 1),
	('CT447944', 'F0285512', 1),
	('CT447944', 'P1076040', 4),
	('CT460639', 'F0643925', 4),
	('CT460639', 'P0733559', 2),
	('CT460639', 'P3039948', 2),
	('CT482887', 'F1213182', 4),
	('CT482887', 'P2555601', 5),
	('CT482887', 'P3077923', 5),
	('CT484892', 'C7113931', 1),
	('CT484892', 'P6163461', 4),
	('CT484892', 'P7212392', 5),
	('CT487659', 'F3115617', 4),
	('CT487659', 'P3389475', 4),
	('CT487659', 'P7025041', 3),
	('CT487961', 'C5683504', 2),
	('CT487961', 'F0027981', 2),
	('CT487961', 'F0056250', 4),
	('CT498493', 'C5237960', 5),
	('CT498493', 'F7963924', 4),
	('CT498493', 'P2222038', 1),
	('CT499467', 'C1410106', 1),
	('CT499467', 'C4309847', 4),
	('CT499467', 'F7098593', 4),
	('CT505704', 'F7963924', 3),
	('CT505704', 'P4204362', 1),
	('CT505704', 'P9209826', 2),
	('CT513358', 'C3115074', 1),
	('CT513358', 'F4939547', 5),
	('CT513358', 'P9195414', 2),
	('CT514389', 'C5403684', 4),
	('CT514389', 'C7022314', 3),
	('CT514389', 'P7447600', 1),
	('CT590459', 'C1417097', 2),
	('CT590459', 'C6239499', 2),
	('CT590459', 'P2648475', 3),
	('CT595257', 'C8277473', 3),
	('CT595257', 'F7887645', 5),
	('CT595257', 'P7456710', 3),
	('CT600025', 'C0713608', 1),
	('CT600025', 'C1974326', 1),
	('CT600025', 'P5792344', 4),
	('CT602067', 'C9178263', 3),
	('CT602067', 'C9802251', 1),
	('CT602067', 'F5098210', 2),
	('CT630093', 'C7603137', 5),
	('CT630093', 'P1359687', 5),
	('CT630093', 'P5431227', 3),
	('CT652747', 'P0476658', 3),
	('CT652747', 'P1289415', 5),
	('CT652747', 'P8388528', 4),
	('CT653859', 'C4400880', 5),
	('CT653859', 'P0417548', 4),
	('CT653859', 'P0885075', 1),
	('CT658935', 'F1757705', 2),
	('CT658935', 'P7025041', 1),
	('CT658935', 'P7733327', 3),
	('CT688603', 'F0608658', 1),
	('CT688603', 'F9821817', 4),
	('CT688603', 'P2555601', 1),
	('CT692261', 'F8362697', 4),
	('CT692261', 'P5801211', 5),
	('CT692261', 'P9393370', 4),
	('CT716089', 'C9348778', 1),
	('CT716089', 'F0608658', 5),
	('CT716089', 'P1889005', 2),
	('CT727229', 'C1974326', 5),
	('CT727229', 'F6877089', 1),
	('CT727229', 'P1359687', 5),
	('CT731466', 'C3115074', 5),
	('CT731466', 'F7003570', 4),
	('CT731466', 'P7447600', 4),
	('CT744478', 'C7394924', 5),
	('CT744478', 'P2648475', 4),
	('CT744478', 'P9195414', 4),
	('CT755571', 'C7013783', 2),
	('CT755571', 'C9782508', 2),
	('CT755571', 'F7098593', 1),
	('CT768855', 'C4400880', 3),
	('CT768855', 'F8199936', 4),
	('CT768855', 'P9855297', 1),
	('CT768955', 'P2395911', 5),
	('CT768955', 'P4163759', 3),
	('CT768955', 'P7312159', 1),
	('CT776323', 'C9348778', 4),
	('CT776323', 'F7100984', 5),
	('CT776323', 'P1650225', 5),
	('CT786904', 'C4309847', 2),
	('CT786904', 'F0664000', 3),
	('CT786904', 'F0965627', 3),
	('CT798121', 'C3127414', 1),
	('CT798121', 'F0343271', 4),
	('CT798121', 'P0650180', 4),
	('CT813581', 'C7898319', 3),
	('CT813581', 'F5828744', 2),
	('CT813581', 'P0683356', 4),
	('CT815958', 'C9232974', 4),
	('CT815958', 'C9353155', 4),
	('CT815958', 'P9209826', 4),
	('CT816479', 'C8174704', 5),
	('CT816479', 'P5792344', 5),
	('CT816479', 'P6282945', 2),
	('CT832228', 'C2361926', 1),
	('CT832228', 'C8079903', 1),
	('CT832228', 'C9186907', 5),
	('CT841001', 'C3091750', 2),
	('CT841001', 'C3537063', 5),
	('CT841001', 'P2817115', 2),
	('CT848660', 'C1358259', 4),
	('CT848660', 'F3536760', 1),
	('CT848660', 'P3389475', 4),
	('CT854110', 'C9597072', 2),
	('CT854110', 'F1939816', 2),
	('CT854110', 'P1047737', 1),
	('CT869535', 'F0470949', 2),
	('CT869535', 'F7003570', 3),
	('CT869535', 'P7536663', 4),
	('CT871838', 'F7451970', 5),
	('CT871838', 'F9666558', 5),
	('CT871838', 'P2092745', 5),
	('CT874237', 'C7069298', 4),
	('CT874237', 'P7536663', 1),
	('CT874237', 'P9769163', 2),
	('CT883825', 'P0437921', 4),
	('CT883825', 'P2395911', 5),
	('CT883825', 'P9107760', 4),
	('CT884530', 'F8999931', 4),
	('CT884530', 'F9821817', 5),
	('CT884530', 'P3439668', 4),
	('CT917607', 'F4682635', 3),
	('CT917607', 'F6372360', 5),
	('CT917607', 'P6346949', 5),
	('CT929318', 'P0744039', 2),
	('CT929318', 'P7733327', 3),
	('CT929318', 'P9062377', 5),
	('CT934132', 'C1410106', 4),
	('CT934132', 'C8277473', 4),
	('CT934132', 'P4172368', 4),
	('CT948394', 'C3091750', 3),
	('CT948394', 'C7898319', 1),
	('CT948394', 'F3842409', 2),
	('CT954122', 'P2817115', 1),
	('CT954122', 'P2930660', 4),
	('CT954122', 'P9741485', 2),
	('CT958846', 'C9450793', 3),
	('CT958846', 'F1380229', 5),
	('CT958846', 'F8563635', 5),
	('CT960439', 'P5973685', 1),
	('CT960439', 'P9107760', 3),
	('CT960439', 'P9209826', 4),
	('CT979936', 'C5361543', 3),
	('CT979936', 'F7964464', 3),
	('CT979936', 'P2555601', 1),
	('CT999001', 'C9416571', 1),
	('CT999001', 'F5828744', 1),
	('CT999001', 'P2896108', 2),
	('CT999828', 'C4385093', 4),
	('CT999828', 'F3263912', 3),
	('CT999828', 'P7212392', 1),
	('CT999829', 'F0561466', 2);

-- Dumping structure for table dbecommerce.city
DROP TABLE IF EXISTS `city`;
CREATE TABLE IF NOT EXISTS `city` (
  `city_id` smallint NOT NULL,
  `province_id` tinyint NOT NULL,
  `province` varchar(30) NOT NULL,
  `type` varchar(10) NOT NULL,
  `city_name` varchar(50) NOT NULL,
  `postal_code` varchar(10) NOT NULL,
  PRIMARY KEY (`city_id`),
  KEY `FK_city_province` (`province_id`),
  CONSTRAINT `FK_city_province` FOREIGN KEY (`province_id`) REFERENCES `province` (`province_id`)
) ENGINE=InnoDB DEFAULT CHARSET=utf8mb4 COLLATE=utf8mb4_0900_ai_ci;

-- Dumping data for table dbecommerce.city: ~501 rows (approximately)
DELETE FROM `city`;
INSERT INTO `city` (`city_id`, `province_id`, `province`, `type`, `city_name`, `postal_code`) VALUES
	(1, 21, 'Nanggroe Aceh Darussalam (NAD)', 'Kabupaten', 'Aceh Barat', '23681\r'),
	(2, 21, 'Nanggroe Aceh Darussalam (NAD)', 'Kabupaten', 'Aceh Barat Daya', '23764\r'),
	(3, 21, 'Nanggroe Aceh Darussalam (NAD)', 'Kabupaten', 'Aceh Besar', '23951\r'),
	(4, 21, 'Nanggroe Aceh Darussalam (NAD)', 'Kabupaten', 'Aceh Jaya', '23654\r'),
	(5, 21, 'Nanggroe Aceh Darussalam (NAD)', 'Kabupaten', 'Aceh Selatan', '23719\r'),
	(6, 21, 'Nanggroe Aceh Darussalam (NAD)', 'Kabupaten', 'Aceh Singkil', '24785\r'),
	(7, 21, 'Nanggroe Aceh Darussalam (NAD)', 'Kabupaten', 'Aceh Tamiang', '24476\r'),
	(8, 21, 'Nanggroe Aceh Darussalam (NAD)', 'Kabupaten', 'Aceh Tengah', '24511\r'),
	(9, 21, 'Nanggroe Aceh Darussalam (NAD)', 'Kabupaten', 'Aceh Tenggara', '24611\r'),
	(10, 21, 'Nanggroe Aceh Darussalam (NAD)', 'Kabupaten', 'Aceh Timur', '24454\r'),
	(11, 21, 'Nanggroe Aceh Darussalam (NAD)', 'Kabupaten', 'Aceh Utara', '24382\r'),
	(12, 32, 'Sumatera Barat', 'Kabupaten', 'Agam', '26411\r'),
	(13, 23, 'Nusa Tenggara Timur (NTT)', 'Kabupaten', 'Alor', '85811\r'),
	(14, 19, 'Maluku', 'Kota', 'Ambon', '97222\r'),
	(15, 34, 'Sumatera Utara', 'Kabupaten', 'Asahan', '21214\r'),
	(16, 24, 'Papua', 'Kabupaten', 'Asmat', '99777\r'),
	(17, 1, 'Bali', 'Kabupaten', 'Badung', '80351\r'),
	(18, 13, 'Kalimantan Selatan', 'Kabupaten', 'Balangan', '71611\r'),
	(19, 15, 'Kalimantan Timur', 'Kota', 'Balikpapan', '76111\r'),
	(20, 21, 'Nanggroe Aceh Darussalam (NAD)', 'Kota', 'Banda Aceh', '23238\r'),
	(21, 18, 'Lampung', 'Kota', 'Bandar Lampung', '35139\r'),
	(22, 9, 'Jawa Barat', 'Kabupaten', 'Bandung', '40311\r'),
	(23, 9, 'Jawa Barat', 'Kota', 'Bandung', '40111\r'),
	(24, 9, 'Jawa Barat', 'Kabupaten', 'Bandung Barat', '40721\r'),
	(25, 29, 'Sulawesi Tengah', 'Kabupaten', 'Banggai', '94711\r'),
	(26, 29, 'Sulawesi Tengah', 'Kabupaten', 'Banggai Kepulauan', '94881\r'),
	(27, 2, 'Bangka Belitung', 'Kabupaten', 'Bangka', '33212\r'),
	(28, 2, 'Bangka Belitung', 'Kabupaten', 'Bangka Barat', '33315\r'),
	(29, 2, 'Bangka Belitung', 'Kabupaten', 'Bangka Selatan', '33719\r'),
	(30, 2, 'Bangka Belitung', 'Kabupaten', 'Bangka Tengah', '33613\r'),
	(31, 11, 'Jawa Timur', 'Kabupaten', 'Bangkalan', '69118\r'),
	(32, 1, 'Bali', 'Kabupaten', 'Bangli', '80619\r'),
	(33, 13, 'Kalimantan Selatan', 'Kabupaten', 'Banjar', '70619\r'),
	(34, 9, 'Jawa Barat', 'Kota', 'Banjar', '46311\r'),
	(35, 13, 'Kalimantan Selatan', 'Kota', 'Banjarbaru', '70712\r'),
	(36, 13, 'Kalimantan Selatan', 'Kota', 'Banjarmasin', '70117\r'),
	(37, 10, 'Jawa Tengah', 'Kabupaten', 'Banjarnegara', '53419\r'),
	(38, 28, 'Sulawesi Selatan', 'Kabupaten', 'Bantaeng', '92411\r'),
	(39, 5, 'DI Yogyakarta', 'Kabupaten', 'Bantul', '55715\r'),
	(40, 33, 'Sumatera Selatan', 'Kabupaten', 'Banyuasin', '30911\r'),
	(41, 10, 'Jawa Tengah', 'Kabupaten', 'Banyumas', '53114\r'),
	(42, 11, 'Jawa Timur', 'Kabupaten', 'Banyuwangi', '68416\r'),
	(43, 13, 'Kalimantan Selatan', 'Kabupaten', 'Barito Kuala', '70511\r'),
	(44, 14, 'Kalimantan Tengah', 'Kabupaten', 'Barito Selatan', '73711\r'),
	(45, 14, 'Kalimantan Tengah', 'Kabupaten', 'Barito Timur', '73671\r'),
	(46, 14, 'Kalimantan Tengah', 'Kabupaten', 'Barito Utara', '73881\r'),
	(47, 28, 'Sulawesi Selatan', 'Kabupaten', 'Barru', '90719\r'),
	(48, 17, 'Kepulauan Riau', 'Kota', 'Batam', '29413\r'),
	(49, 10, 'Jawa Tengah', 'Kabupaten', 'Batang', '51211\r'),
	(50, 8, 'Jambi', 'Kabupaten', 'Batang Hari', '36613\r'),
	(51, 11, 'Jawa Timur', 'Kota', 'Batu', '65311\r'),
	(52, 34, 'Sumatera Utara', 'Kabupaten', 'Batu Bara', '21655\r'),
	(53, 30, 'Sulawesi Tenggara', 'Kota', 'Bau-Bau', '93719\r'),
	(54, 9, 'Jawa Barat', 'Kabupaten', 'Bekasi', '17837\r'),
	(55, 9, 'Jawa Barat', 'Kota', 'Bekasi', '17121\r'),
	(56, 2, 'Bangka Belitung', 'Kabupaten', 'Belitung', '33419\r'),
	(57, 2, 'Bangka Belitung', 'Kabupaten', 'Belitung Timur', '33519\r'),
	(58, 23, 'Nusa Tenggara Timur (NTT)', 'Kabupaten', 'Belu', '85711\r'),
	(59, 21, 'Nanggroe Aceh Darussalam (NAD)', 'Kabupaten', 'Bener Meriah', '24581\r'),
	(60, 26, 'Riau', 'Kabupaten', 'Bengkalis', '28719\r'),
	(61, 12, 'Kalimantan Barat', 'Kabupaten', 'Bengkayang', '79213\r'),
	(62, 4, 'Bengkulu', 'Kota', 'Bengkulu', '38229\r'),
	(63, 4, 'Bengkulu', 'Kabupaten', 'Bengkulu Selatan', '38519\r'),
	(64, 4, 'Bengkulu', 'Kabupaten', 'Bengkulu Tengah', '38319\r'),
	(65, 4, 'Bengkulu', 'Kabupaten', 'Bengkulu Utara', '38619\r'),
	(66, 15, 'Kalimantan Timur', 'Kabupaten', 'Berau', '77311\r'),
	(67, 24, 'Papua', 'Kabupaten', 'Biak Numfor', '98119\r'),
	(68, 22, 'Nusa Tenggara Barat (NTB)', 'Kabupaten', 'Bima', '84171\r'),
	(69, 22, 'Nusa Tenggara Barat (NTB)', 'Kota', 'Bima', '84139\r'),
	(70, 34, 'Sumatera Utara', 'Kota', 'Binjai', '20712\r'),
	(71, 17, 'Kepulauan Riau', 'Kabupaten', 'Bintan', '29135\r'),
	(72, 21, 'Nanggroe Aceh Darussalam (NAD)', 'Kabupaten', 'Bireuen', '24219\r'),
	(73, 31, 'Sulawesi Utara', 'Kota', 'Bitung', '95512\r'),
	(74, 11, 'Jawa Timur', 'Kabupaten', 'Blitar', '66171\r'),
	(75, 11, 'Jawa Timur', 'Kota', 'Blitar', '66124\r'),
	(76, 10, 'Jawa Tengah', 'Kabupaten', 'Blora', '58219\r'),
	(77, 7, 'Gorontalo', 'Kabupaten', 'Boalemo', '96319\r'),
	(78, 9, 'Jawa Barat', 'Kabupaten', 'Bogor', '16911\r'),
	(79, 9, 'Jawa Barat', 'Kota', 'Bogor', '16119\r'),
	(80, 11, 'Jawa Timur', 'Kabupaten', 'Bojonegoro', '62119\r'),
	(81, 31, 'Sulawesi Utara', 'Kabupaten', 'Bolaang Mongondow (Bolmong)', '95755\r'),
	(82, 31, 'Sulawesi Utara', 'Kabupaten', 'Bolaang Mongondow Selatan', '95774\r'),
	(83, 31, 'Sulawesi Utara', 'Kabupaten', 'Bolaang Mongondow Timur', '95783\r'),
	(84, 31, 'Sulawesi Utara', 'Kabupaten', 'Bolaang Mongondow Utara', '95765\r'),
	(85, 30, 'Sulawesi Tenggara', 'Kabupaten', 'Bombana', '93771\r'),
	(86, 11, 'Jawa Timur', 'Kabupaten', 'Bondowoso', '68219\r'),
	(87, 28, 'Sulawesi Selatan', 'Kabupaten', 'Bone', '92713\r'),
	(88, 7, 'Gorontalo', 'Kabupaten', 'Bone Bolango', '96511\r'),
	(89, 15, 'Kalimantan Timur', 'Kota', 'Bontang', '75313\r'),
	(90, 24, 'Papua', 'Kabupaten', 'Boven Digoel', '99662\r'),
	(91, 10, 'Jawa Tengah', 'Kabupaten', 'Boyolali', '57312\r'),
	(92, 10, 'Jawa Tengah', 'Kabupaten', 'Brebes', '52212\r'),
	(93, 32, 'Sumatera Barat', 'Kota', 'Bukittinggi', '26115\r'),
	(94, 1, 'Bali', 'Kabupaten', 'Buleleng', '81111\r'),
	(95, 28, 'Sulawesi Selatan', 'Kabupaten', 'Bulukumba', '92511\r'),
	(96, 16, 'Kalimantan Utara', 'Kabupaten', 'Bulungan (Bulongan)', '77211\r'),
	(97, 8, 'Jambi', 'Kabupaten', 'Bungo', '37216\r'),
	(98, 29, 'Sulawesi Tengah', 'Kabupaten', 'Buol', '94564\r'),
	(99, 19, 'Maluku', 'Kabupaten', 'Buru', '97371\r'),
	(100, 19, 'Maluku', 'Kabupaten', 'Buru Selatan', '97351\r'),
	(101, 30, 'Sulawesi Tenggara', 'Kabupaten', 'Buton', '93754\r'),
	(102, 30, 'Sulawesi Tenggara', 'Kabupaten', 'Buton Utara', '93745\r'),
	(103, 9, 'Jawa Barat', 'Kabupaten', 'Ciamis', '46211\r'),
	(104, 9, 'Jawa Barat', 'Kabupaten', 'Cianjur', '43217\r'),
	(105, 10, 'Jawa Tengah', 'Kabupaten', 'Cilacap', '53211\r'),
	(106, 3, 'Banten', 'Kota', 'Cilegon', '42417\r'),
	(107, 9, 'Jawa Barat', 'Kota', 'Cimahi', '40512\r'),
	(108, 9, 'Jawa Barat', 'Kabupaten', 'Cirebon', '45611\r'),
	(109, 9, 'Jawa Barat', 'Kota', 'Cirebon', '45116\r'),
	(110, 34, 'Sumatera Utara', 'Kabupaten', 'Dairi', '22211\r'),
	(111, 24, 'Papua', 'Kabupaten', 'Deiyai (Deliyai)', '98784\r'),
	(112, 34, 'Sumatera Utara', 'Kabupaten', 'Deli Serdang', '20511\r'),
	(113, 10, 'Jawa Tengah', 'Kabupaten', 'Demak', '59519\r'),
	(114, 1, 'Bali', 'Kota', 'Denpasar', '80227\r'),
	(115, 9, 'Jawa Barat', 'Kota', 'Depok', '16416\r'),
	(116, 32, 'Sumatera Barat', 'Kabupaten', 'Dharmasraya', '27612\r'),
	(117, 24, 'Papua', 'Kabupaten', 'Dogiyai', '98866\r'),
	(118, 22, 'Nusa Tenggara Barat (NTB)', 'Kabupaten', 'Dompu', '84217\r'),
	(119, 29, 'Sulawesi Tengah', 'Kabupaten', 'Donggala', '94341\r'),
	(120, 26, 'Riau', 'Kota', 'Dumai', '28811\r'),
	(121, 33, 'Sumatera Selatan', 'Kabupaten', 'Empat Lawang', '31811\r'),
	(122, 23, 'Nusa Tenggara Timur (NTT)', 'Kabupaten', 'Ende', '86351\r'),
	(123, 28, 'Sulawesi Selatan', 'Kabupaten', 'Enrekang', '91719\r'),
	(124, 25, 'Papua Barat', 'Kabupaten', 'Fakfak', '98651\r'),
	(125, 23, 'Nusa Tenggara Timur (NTT)', 'Kabupaten', 'Flores Timur', '86213\r'),
	(126, 9, 'Jawa Barat', 'Kabupaten', 'Garut', '44126\r'),
	(127, 21, 'Nanggroe Aceh Darussalam (NAD)', 'Kabupaten', 'Gayo Lues', '24653\r'),
	(128, 1, 'Bali', 'Kabupaten', 'Gianyar', '80519\r'),
	(129, 7, 'Gorontalo', 'Kabupaten', 'Gorontalo', '96218\r'),
	(130, 7, 'Gorontalo', 'Kota', 'Gorontalo', '96115\r'),
	(131, 7, 'Gorontalo', 'Kabupaten', 'Gorontalo Utara', '96611\r'),
	(132, 28, 'Sulawesi Selatan', 'Kabupaten', 'Gowa', '92111\r'),
	(133, 11, 'Jawa Timur', 'Kabupaten', 'Gresik', '61115\r'),
	(134, 10, 'Jawa Tengah', 'Kabupaten', 'Grobogan', '58111\r'),
	(135, 5, 'DI Yogyakarta', 'Kabupaten', 'Gunung Kidul', '55812\r'),
	(136, 14, 'Kalimantan Tengah', 'Kabupaten', 'Gunung Mas', '74511\r'),
	(137, 34, 'Sumatera Utara', 'Kota', 'Gunungsitoli', '22813\r'),
	(138, 20, 'Maluku Utara', 'Kabupaten', 'Halmahera Barat', '97757\r'),
	(139, 20, 'Maluku Utara', 'Kabupaten', 'Halmahera Selatan', '97911\r'),
	(140, 20, 'Maluku Utara', 'Kabupaten', 'Halmahera Tengah', '97853\r'),
	(141, 20, 'Maluku Utara', 'Kabupaten', 'Halmahera Timur', '97862\r'),
	(142, 20, 'Maluku Utara', 'Kabupaten', 'Halmahera Utara', '97762\r'),
	(143, 13, 'Kalimantan Selatan', 'Kabupaten', 'Hulu Sungai Selatan', '71212\r'),
	(144, 13, 'Kalimantan Selatan', 'Kabupaten', 'Hulu Sungai Tengah', '71313\r'),
	(145, 13, 'Kalimantan Selatan', 'Kabupaten', 'Hulu Sungai Utara', '71419\r'),
	(146, 34, 'Sumatera Utara', 'Kabupaten', 'Humbang Hasundutan', '22457\r'),
	(147, 26, 'Riau', 'Kabupaten', 'Indragiri Hilir', '29212\r'),
	(148, 26, 'Riau', 'Kabupaten', 'Indragiri Hulu', '29319\r'),
	(149, 9, 'Jawa Barat', 'Kabupaten', 'Indramayu', '45214\r'),
	(150, 24, 'Papua', 'Kabupaten', 'Intan Jaya', '98771\r'),
	(151, 6, 'DKI Jakarta', 'Kota', 'Jakarta Barat', '11220\r'),
	(152, 6, 'DKI Jakarta', 'Kota', 'Jakarta Pusat', '10540\r'),
	(153, 6, 'DKI Jakarta', 'Kota', 'Jakarta Selatan', '12230\r'),
	(154, 6, 'DKI Jakarta', 'Kota', 'Jakarta Timur', '13330\r'),
	(155, 6, 'DKI Jakarta', 'Kota', 'Jakarta Utara', '14140\r'),
	(156, 8, 'Jambi', 'Kota', 'Jambi', '36111\r'),
	(157, 24, 'Papua', 'Kabupaten', 'Jayapura', '99352\r'),
	(158, 24, 'Papua', 'Kota', 'Jayapura', '99114\r'),
	(159, 24, 'Papua', 'Kabupaten', 'Jayawijaya', '99511\r'),
	(160, 11, 'Jawa Timur', 'Kabupaten', 'Jember', '68113\r'),
	(161, 1, 'Bali', 'Kabupaten', 'Jembrana', '82251\r'),
	(162, 28, 'Sulawesi Selatan', 'Kabupaten', 'Jeneponto', '92319\r'),
	(163, 10, 'Jawa Tengah', 'Kabupaten', 'Jepara', '59419\r'),
	(164, 11, 'Jawa Timur', 'Kabupaten', 'Jombang', '61415\r'),
	(165, 25, 'Papua Barat', 'Kabupaten', 'Kaimana', '98671\r'),
	(166, 26, 'Riau', 'Kabupaten', 'Kampar', '28411\r'),
	(167, 14, 'Kalimantan Tengah', 'Kabupaten', 'Kapuas', '73583\r'),
	(168, 12, 'Kalimantan Barat', 'Kabupaten', 'Kapuas Hulu', '78719\r'),
	(169, 10, 'Jawa Tengah', 'Kabupaten', 'Karanganyar', '57718\r'),
	(170, 1, 'Bali', 'Kabupaten', 'Karangasem', '80819\r'),
	(171, 9, 'Jawa Barat', 'Kabupaten', 'Karawang', '41311\r'),
	(172, 17, 'Kepulauan Riau', 'Kabupaten', 'Karimun', '29611\r'),
	(173, 34, 'Sumatera Utara', 'Kabupaten', 'Karo', '22119\r'),
	(174, 14, 'Kalimantan Tengah', 'Kabupaten', 'Katingan', '74411\r'),
	(175, 4, 'Bengkulu', 'Kabupaten', 'Kaur', '38911\r'),
	(176, 12, 'Kalimantan Barat', 'Kabupaten', 'Kayong Utara', '78852\r'),
	(177, 10, 'Jawa Tengah', 'Kabupaten', 'Kebumen', '54319\r'),
	(178, 11, 'Jawa Timur', 'Kabupaten', 'Kediri', '64184\r'),
	(179, 11, 'Jawa Timur', 'Kota', 'Kediri', '64125\r'),
	(180, 24, 'Papua', 'Kabupaten', 'Keerom', '99461\r'),
	(181, 10, 'Jawa Tengah', 'Kabupaten', 'Kendal', '51314\r'),
	(182, 30, 'Sulawesi Tenggara', 'Kota', 'Kendari', '93126\r'),
	(183, 4, 'Bengkulu', 'Kabupaten', 'Kepahiang', '39319\r'),
	(184, 17, 'Kepulauan Riau', 'Kabupaten', 'Kepulauan Anambas', '29991\r'),
	(185, 19, 'Maluku', 'Kabupaten', 'Kepulauan Aru', '97681\r'),
	(186, 32, 'Sumatera Barat', 'Kabupaten', 'Kepulauan Mentawai', '25771\r'),
	(187, 26, 'Riau', 'Kabupaten', 'Kepulauan Meranti', '28791\r'),
	(188, 31, 'Sulawesi Utara', 'Kabupaten', 'Kepulauan Sangihe', '95819\r'),
	(189, 6, 'DKI Jakarta', 'Kabupaten', 'Kepulauan Seribu', '14550\r'),
	(190, 31, 'Sulawesi Utara', 'Kabupaten', 'Kepulauan Siau Tagulandang Biaro (Sitaro)', '95862\r'),
	(191, 20, 'Maluku Utara', 'Kabupaten', 'Kepulauan Sula', '97995\r'),
	(192, 31, 'Sulawesi Utara', 'Kabupaten', 'Kepulauan Talaud', '95885\r'),
	(193, 24, 'Papua', 'Kabupaten', 'Kepulauan Yapen (Yapen Waropen)', '98211\r'),
	(194, 8, 'Jambi', 'Kabupaten', 'Kerinci', '37167\r'),
	(195, 12, 'Kalimantan Barat', 'Kabupaten', 'Ketapang', '78874\r'),
	(196, 10, 'Jawa Tengah', 'Kabupaten', 'Klaten', '57411\r'),
	(197, 1, 'Bali', 'Kabupaten', 'Klungkung', '80719\r'),
	(198, 30, 'Sulawesi Tenggara', 'Kabupaten', 'Kolaka', '93511\r'),
	(199, 30, 'Sulawesi Tenggara', 'Kabupaten', 'Kolaka Utara', '93911\r'),
	(200, 30, 'Sulawesi Tenggara', 'Kabupaten', 'Konawe', '93411\r'),
	(201, 30, 'Sulawesi Tenggara', 'Kabupaten', 'Konawe Selatan', '93811\r'),
	(202, 30, 'Sulawesi Tenggara', 'Kabupaten', 'Konawe Utara', '93311\r'),
	(203, 13, 'Kalimantan Selatan', 'Kabupaten', 'Kotabaru', '72119\r'),
	(204, 31, 'Sulawesi Utara', 'Kota', 'Kotamobagu', '95711\r'),
	(205, 14, 'Kalimantan Tengah', 'Kabupaten', 'Kotawaringin Barat', '74119\r'),
	(206, 14, 'Kalimantan Tengah', 'Kabupaten', 'Kotawaringin Timur', '74364\r'),
	(207, 26, 'Riau', 'Kabupaten', 'Kuantan Singingi', '29519\r'),
	(208, 12, 'Kalimantan Barat', 'Kabupaten', 'Kubu Raya', '78311\r'),
	(209, 10, 'Jawa Tengah', 'Kabupaten', 'Kudus', '59311\r'),
	(210, 5, 'DI Yogyakarta', 'Kabupaten', 'Kulon Progo', '55611\r'),
	(211, 9, 'Jawa Barat', 'Kabupaten', 'Kuningan', '45511\r'),
	(212, 23, 'Nusa Tenggara Timur (NTT)', 'Kabupaten', 'Kupang', '85362\r'),
	(213, 23, 'Nusa Tenggara Timur (NTT)', 'Kota', 'Kupang', '85119\r'),
	(214, 15, 'Kalimantan Timur', 'Kabupaten', 'Kutai Barat', '75711\r'),
	(215, 15, 'Kalimantan Timur', 'Kabupaten', 'Kutai Kartanegara', '75511\r'),
	(216, 15, 'Kalimantan Timur', 'Kabupaten', 'Kutai Timur', '75611\r'),
	(217, 34, 'Sumatera Utara', 'Kabupaten', 'Labuhan Batu', '21412\r'),
	(218, 34, 'Sumatera Utara', 'Kabupaten', 'Labuhan Batu Selatan', '21511\r'),
	(219, 34, 'Sumatera Utara', 'Kabupaten', 'Labuhan Batu Utara', '21711\r'),
	(220, 33, 'Sumatera Selatan', 'Kabupaten', 'Lahat', '31419\r'),
	(221, 14, 'Kalimantan Tengah', 'Kabupaten', 'Lamandau', '74611\r'),
	(222, 11, 'Jawa Timur', 'Kabupaten', 'Lamongan', '64125\r'),
	(223, 18, 'Lampung', 'Kabupaten', 'Lampung Barat', '34814\r'),
	(224, 18, 'Lampung', 'Kabupaten', 'Lampung Selatan', '35511\r'),
	(225, 18, 'Lampung', 'Kabupaten', 'Lampung Tengah', '34212\r'),
	(226, 18, 'Lampung', 'Kabupaten', 'Lampung Timur', '34319\r'),
	(227, 18, 'Lampung', 'Kabupaten', 'Lampung Utara', '34516\r'),
	(228, 12, 'Kalimantan Barat', 'Kabupaten', 'Landak', '78319\r'),
	(229, 34, 'Sumatera Utara', 'Kabupaten', 'Langkat', '20811\r'),
	(230, 21, 'Nanggroe Aceh Darussalam (NAD)', 'Kota', 'Langsa', '24412\r'),
	(231, 24, 'Papua', 'Kabupaten', 'Lanny Jaya', '99531\r'),
	(232, 3, 'Banten', 'Kabupaten', 'Lebak', '42319\r'),
	(233, 4, 'Bengkulu', 'Kabupaten', 'Lebong', '39264\r'),
	(234, 23, 'Nusa Tenggara Timur (NTT)', 'Kabupaten', 'Lembata', '86611\r'),
	(235, 21, 'Nanggroe Aceh Darussalam (NAD)', 'Kota', 'Lhokseumawe', '24352\r'),
	(236, 32, 'Sumatera Barat', 'Kabupaten', 'Lima Puluh Koto/Kota', '26671\r'),
	(237, 17, 'Kepulauan Riau', 'Kabupaten', 'Lingga', '29811\r'),
	(238, 22, 'Nusa Tenggara Barat (NTB)', 'Kabupaten', 'Lombok Barat', '83311\r'),
	(239, 22, 'Nusa Tenggara Barat (NTB)', 'Kabupaten', 'Lombok Tengah', '83511\r'),
	(240, 22, 'Nusa Tenggara Barat (NTB)', 'Kabupaten', 'Lombok Timur', '83612\r'),
	(241, 22, 'Nusa Tenggara Barat (NTB)', 'Kabupaten', 'Lombok Utara', '83711\r'),
	(242, 33, 'Sumatera Selatan', 'Kota', 'Lubuk Linggau', '31614\r'),
	(243, 11, 'Jawa Timur', 'Kabupaten', 'Lumajang', '67319\r'),
	(244, 28, 'Sulawesi Selatan', 'Kabupaten', 'Luwu', '91994\r'),
	(245, 28, 'Sulawesi Selatan', 'Kabupaten', 'Luwu Timur', '92981\r'),
	(246, 28, 'Sulawesi Selatan', 'Kabupaten', 'Luwu Utara', '92911\r'),
	(247, 11, 'Jawa Timur', 'Kabupaten', 'Madiun', '63153\r'),
	(248, 11, 'Jawa Timur', 'Kota', 'Madiun', '63122\r'),
	(249, 10, 'Jawa Tengah', 'Kabupaten', 'Magelang', '56519\r'),
	(250, 10, 'Jawa Tengah', 'Kota', 'Magelang', '56133\r'),
	(251, 11, 'Jawa Timur', 'Kabupaten', 'Magetan', '63314\r'),
	(252, 9, 'Jawa Barat', 'Kabupaten', 'Majalengka', '45412\r'),
	(253, 27, 'Sulawesi Barat', 'Kabupaten', 'Majene', '91411\r'),
	(254, 28, 'Sulawesi Selatan', 'Kota', 'Makassar', '90111\r'),
	(255, 11, 'Jawa Timur', 'Kabupaten', 'Malang', '65163\r'),
	(256, 11, 'Jawa Timur', 'Kota', 'Malang', '65112\r'),
	(257, 16, 'Kalimantan Utara', 'Kabupaten', 'Malinau', '77511\r'),
	(258, 19, 'Maluku', 'Kabupaten', 'Maluku Barat Daya', '97451\r'),
	(259, 19, 'Maluku', 'Kabupaten', 'Maluku Tengah', '97513\r'),
	(260, 19, 'Maluku', 'Kabupaten', 'Maluku Tenggara', '97651\r'),
	(261, 19, 'Maluku', 'Kabupaten', 'Maluku Tenggara Barat', '97465\r'),
	(262, 27, 'Sulawesi Barat', 'Kabupaten', 'Mamasa', '91362\r'),
	(263, 24, 'Papua', 'Kabupaten', 'Mamberamo Raya', '99381\r'),
	(264, 24, 'Papua', 'Kabupaten', 'Mamberamo Tengah', '99553\r'),
	(265, 27, 'Sulawesi Barat', 'Kabupaten', 'Mamuju', '91519\r'),
	(266, 27, 'Sulawesi Barat', 'Kabupaten', 'Mamuju Utara', '91571\r'),
	(267, 31, 'Sulawesi Utara', 'Kota', 'Manado', '95247\r'),
	(268, 34, 'Sumatera Utara', 'Kabupaten', 'Mandailing Natal', '22916\r'),
	(269, 23, 'Nusa Tenggara Timur (NTT)', 'Kabupaten', 'Manggarai', '86551\r'),
	(270, 23, 'Nusa Tenggara Timur (NTT)', 'Kabupaten', 'Manggarai Barat', '86711\r'),
	(271, 23, 'Nusa Tenggara Timur (NTT)', 'Kabupaten', 'Manggarai Timur', '86811\r'),
	(272, 25, 'Papua Barat', 'Kabupaten', 'Manokwari', '98311\r'),
	(273, 25, 'Papua Barat', 'Kabupaten', 'Manokwari Selatan', '98355\r'),
	(274, 24, 'Papua', 'Kabupaten', 'Mappi', '99853\r'),
	(275, 28, 'Sulawesi Selatan', 'Kabupaten', 'Maros', '90511\r'),
	(276, 22, 'Nusa Tenggara Barat (NTB)', 'Kota', 'Mataram', '83131\r'),
	(277, 25, 'Papua Barat', 'Kabupaten', 'Maybrat', '98051\r'),
	(278, 34, 'Sumatera Utara', 'Kota', 'Medan', '20228\r'),
	(279, 12, 'Kalimantan Barat', 'Kabupaten', 'Melawi', '78619\r'),
	(280, 8, 'Jambi', 'Kabupaten', 'Merangin', '37319\r'),
	(281, 24, 'Papua', 'Kabupaten', 'Merauke', '99613\r'),
	(282, 18, 'Lampung', 'Kabupaten', 'Mesuji', '34911\r'),
	(283, 18, 'Lampung', 'Kota', 'Metro', '34111\r'),
	(284, 24, 'Papua', 'Kabupaten', 'Mimika', '99962\r'),
	(285, 31, 'Sulawesi Utara', 'Kabupaten', 'Minahasa', '95614\r'),
	(286, 31, 'Sulawesi Utara', 'Kabupaten', 'Minahasa Selatan', '95914\r'),
	(287, 31, 'Sulawesi Utara', 'Kabupaten', 'Minahasa Tenggara', '95995\r'),
	(288, 31, 'Sulawesi Utara', 'Kabupaten', 'Minahasa Utara', '95316\r'),
	(289, 11, 'Jawa Timur', 'Kabupaten', 'Mojokerto', '61382\r'),
	(290, 11, 'Jawa Timur', 'Kota', 'Mojokerto', '61316\r'),
	(291, 29, 'Sulawesi Tengah', 'Kabupaten', 'Morowali', '94911\r'),
	(292, 33, 'Sumatera Selatan', 'Kabupaten', 'Muara Enim', '31315\r'),
	(293, 8, 'Jambi', 'Kabupaten', 'Muaro Jambi', '36311\r'),
	(294, 4, 'Bengkulu', 'Kabupaten', 'Muko Muko', '38715\r'),
	(295, 30, 'Sulawesi Tenggara', 'Kabupaten', 'Muna', '93611\r'),
	(296, 14, 'Kalimantan Tengah', 'Kabupaten', 'Murung Raya', '73911\r'),
	(297, 33, 'Sumatera Selatan', 'Kabupaten', 'Musi Banyuasin', '30719\r'),
	(298, 33, 'Sumatera Selatan', 'Kabupaten', 'Musi Rawas', '31661\r'),
	(299, 24, 'Papua', 'Kabupaten', 'Nabire', '98816\r'),
	(300, 21, 'Nanggroe Aceh Darussalam (NAD)', 'Kabupaten', 'Nagan Raya', '23674\r'),
	(301, 23, 'Nusa Tenggara Timur (NTT)', 'Kabupaten', 'Nagekeo', '86911\r'),
	(302, 17, 'Kepulauan Riau', 'Kabupaten', 'Natuna', '29711\r'),
	(303, 24, 'Papua', 'Kabupaten', 'Nduga', '99541\r'),
	(304, 23, 'Nusa Tenggara Timur (NTT)', 'Kabupaten', 'Ngada', '86413\r'),
	(305, 11, 'Jawa Timur', 'Kabupaten', 'Nganjuk', '64414\r'),
	(306, 11, 'Jawa Timur', 'Kabupaten', 'Ngawi', '63219\r'),
	(307, 34, 'Sumatera Utara', 'Kabupaten', 'Nias', '22876\r'),
	(308, 34, 'Sumatera Utara', 'Kabupaten', 'Nias Barat', '22895\r'),
	(309, 34, 'Sumatera Utara', 'Kabupaten', 'Nias Selatan', '22865\r'),
	(310, 34, 'Sumatera Utara', 'Kabupaten', 'Nias Utara', '22856\r'),
	(311, 16, 'Kalimantan Utara', 'Kabupaten', 'Nunukan', '77421\r'),
	(312, 33, 'Sumatera Selatan', 'Kabupaten', 'Ogan Ilir', '30811\r'),
	(313, 33, 'Sumatera Selatan', 'Kabupaten', 'Ogan Komering Ilir', '30618\r'),
	(314, 33, 'Sumatera Selatan', 'Kabupaten', 'Ogan Komering Ulu', '32112\r'),
	(315, 33, 'Sumatera Selatan', 'Kabupaten', 'Ogan Komering Ulu Selatan', '32211\r'),
	(316, 33, 'Sumatera Selatan', 'Kabupaten', 'Ogan Komering Ulu Timur', '32312\r'),
	(317, 11, 'Jawa Timur', 'Kabupaten', 'Pacitan', '63512\r'),
	(318, 32, 'Sumatera Barat', 'Kota', 'Padang', '25112\r'),
	(319, 34, 'Sumatera Utara', 'Kabupaten', 'Padang Lawas', '22763\r'),
	(320, 34, 'Sumatera Utara', 'Kabupaten', 'Padang Lawas Utara', '22753\r'),
	(321, 32, 'Sumatera Barat', 'Kota', 'Padang Panjang', '27122\r'),
	(322, 32, 'Sumatera Barat', 'Kabupaten', 'Padang Pariaman', '25583\r'),
	(323, 34, 'Sumatera Utara', 'Kota', 'Padang Sidempuan', '22727\r'),
	(324, 33, 'Sumatera Selatan', 'Kota', 'Pagar Alam', '31512\r'),
	(325, 34, 'Sumatera Utara', 'Kabupaten', 'Pakpak Bharat', '22272\r'),
	(326, 14, 'Kalimantan Tengah', 'Kota', 'Palangka Raya', '73112\r'),
	(327, 33, 'Sumatera Selatan', 'Kota', 'Palembang', '30111\r'),
	(328, 28, 'Sulawesi Selatan', 'Kota', 'Palopo', '91911\r'),
	(329, 29, 'Sulawesi Tengah', 'Kota', 'Palu', '94111\r'),
	(330, 11, 'Jawa Timur', 'Kabupaten', 'Pamekasan', '69319\r'),
	(331, 3, 'Banten', 'Kabupaten', 'Pandeglang', '42212\r'),
	(332, 9, 'Jawa Barat', 'Kabupaten', 'Pangandaran', '46511\r'),
	(333, 28, 'Sulawesi Selatan', 'Kabupaten', 'Pangkajene Kepulauan', '90611\r'),
	(334, 2, 'Bangka Belitung', 'Kota', 'Pangkal Pinang', '33115\r'),
	(335, 24, 'Papua', 'Kabupaten', 'Paniai', '98765\r'),
	(336, 28, 'Sulawesi Selatan', 'Kota', 'Parepare', '91123\r'),
	(337, 32, 'Sumatera Barat', 'Kota', 'Pariaman', '25511\r'),
	(338, 29, 'Sulawesi Tengah', 'Kabupaten', 'Parigi Moutong', '94411\r'),
	(339, 32, 'Sumatera Barat', 'Kabupaten', 'Pasaman', '26318\r'),
	(340, 32, 'Sumatera Barat', 'Kabupaten', 'Pasaman Barat', '26511\r'),
	(341, 15, 'Kalimantan Timur', 'Kabupaten', 'Paser', '76211\r'),
	(342, 11, 'Jawa Timur', 'Kabupaten', 'Pasuruan', '67153\r'),
	(343, 11, 'Jawa Timur', 'Kota', 'Pasuruan', '67118\r'),
	(344, 10, 'Jawa Tengah', 'Kabupaten', 'Pati', '59114\r'),
	(345, 32, 'Sumatera Barat', 'Kota', 'Payakumbuh', '26213\r'),
	(346, 25, 'Papua Barat', 'Kabupaten', 'Pegunungan Arfak', '98354\r'),
	(347, 24, 'Papua', 'Kabupaten', 'Pegunungan Bintang', '99573\r'),
	(348, 10, 'Jawa Tengah', 'Kabupaten', 'Pekalongan', '51161\r'),
	(349, 10, 'Jawa Tengah', 'Kota', 'Pekalongan', '51122\r'),
	(350, 26, 'Riau', 'Kota', 'Pekanbaru', '28112\r'),
	(351, 26, 'Riau', 'Kabupaten', 'Pelalawan', '28311\r'),
	(352, 10, 'Jawa Tengah', 'Kabupaten', 'Pemalang', '52319\r'),
	(353, 34, 'Sumatera Utara', 'Kota', 'Pematang Siantar', '21126\r'),
	(354, 15, 'Kalimantan Timur', 'Kabupaten', 'Penajam Paser Utara', '76311\r'),
	(355, 18, 'Lampung', 'Kabupaten', 'Pesawaran', '35312\r'),
	(356, 18, 'Lampung', 'Kabupaten', 'Pesisir Barat', '35974\r'),
	(357, 32, 'Sumatera Barat', 'Kabupaten', 'Pesisir Selatan', '25611\r'),
	(358, 21, 'Nanggroe Aceh Darussalam (NAD)', 'Kabupaten', 'Pidie', '24116\r'),
	(359, 21, 'Nanggroe Aceh Darussalam (NAD)', 'Kabupaten', 'Pidie Jaya', '24186\r'),
	(360, 28, 'Sulawesi Selatan', 'Kabupaten', 'Pinrang', '91251\r'),
	(361, 7, 'Gorontalo', 'Kabupaten', 'Pohuwato', '96419\r'),
	(362, 27, 'Sulawesi Barat', 'Kabupaten', 'Polewali Mandar', '91311\r'),
	(363, 11, 'Jawa Timur', 'Kabupaten', 'Ponorogo', '63411\r'),
	(364, 12, 'Kalimantan Barat', 'Kabupaten', 'Pontianak', '78971\r'),
	(365, 12, 'Kalimantan Barat', 'Kota', 'Pontianak', '78112\r'),
	(366, 29, 'Sulawesi Tengah', 'Kabupaten', 'Poso', '94615\r'),
	(367, 33, 'Sumatera Selatan', 'Kota', 'Prabumulih', '31121\r'),
	(368, 18, 'Lampung', 'Kabupaten', 'Pringsewu', '35719\r'),
	(369, 11, 'Jawa Timur', 'Kabupaten', 'Probolinggo', '67282\r'),
	(370, 11, 'Jawa Timur', 'Kota', 'Probolinggo', '67215\r'),
	(371, 14, 'Kalimantan Tengah', 'Kabupaten', 'Pulang Pisau', '74811\r'),
	(372, 20, 'Maluku Utara', 'Kabupaten', 'Pulau Morotai', '97771\r'),
	(373, 24, 'Papua', 'Kabupaten', 'Puncak', '98981\r'),
	(374, 24, 'Papua', 'Kabupaten', 'Puncak Jaya', '98979\r'),
	(375, 10, 'Jawa Tengah', 'Kabupaten', 'Purbalingga', '53312\r'),
	(376, 9, 'Jawa Barat', 'Kabupaten', 'Purwakarta', '41119\r'),
	(377, 10, 'Jawa Tengah', 'Kabupaten', 'Purworejo', '54111\r'),
	(378, 25, 'Papua Barat', 'Kabupaten', 'Raja Ampat', '98489\r'),
	(379, 4, 'Bengkulu', 'Kabupaten', 'Rejang Lebong', '39112\r'),
	(380, 10, 'Jawa Tengah', 'Kabupaten', 'Rembang', '59219\r'),
	(381, 26, 'Riau', 'Kabupaten', 'Rokan Hilir', '28992\r'),
	(382, 26, 'Riau', 'Kabupaten', 'Rokan Hulu', '28511\r'),
	(383, 23, 'Nusa Tenggara Timur (NTT)', 'Kabupaten', 'Rote Ndao', '85982\r'),
	(384, 21, 'Nanggroe Aceh Darussalam (NAD)', 'Kota', 'Sabang', '23512\r'),
	(385, 23, 'Nusa Tenggara Timur (NTT)', 'Kabupaten', 'Sabu Raijua', '85391\r'),
	(386, 10, 'Jawa Tengah', 'Kota', 'Salatiga', '50711\r'),
	(387, 15, 'Kalimantan Timur', 'Kota', 'Samarinda', '75133\r'),
	(388, 12, 'Kalimantan Barat', 'Kabupaten', 'Sambas', '79453\r'),
	(389, 34, 'Sumatera Utara', 'Kabupaten', 'Samosir', '22392\r'),
	(390, 11, 'Jawa Timur', 'Kabupaten', 'Sampang', '69219\r'),
	(391, 12, 'Kalimantan Barat', 'Kabupaten', 'Sanggau', '78557\r'),
	(392, 24, 'Papua', 'Kabupaten', 'Sarmi', '99373\r'),
	(393, 8, 'Jambi', 'Kabupaten', 'Sarolangun', '37419\r'),
	(394, 32, 'Sumatera Barat', 'Kota', 'Sawah Lunto', '27416\r'),
	(395, 12, 'Kalimantan Barat', 'Kabupaten', 'Sekadau', '79583\r'),
	(396, 28, 'Sulawesi Selatan', 'Kabupaten', 'Selayar (Kepulauan Selayar)', '92812\r'),
	(397, 4, 'Bengkulu', 'Kabupaten', 'Seluma', '38811\r'),
	(398, 10, 'Jawa Tengah', 'Kabupaten', 'Semarang', '50511\r'),
	(399, 10, 'Jawa Tengah', 'Kota', 'Semarang', '50135\r'),
	(400, 19, 'Maluku', 'Kabupaten', 'Seram Bagian Barat', '97561\r'),
	(401, 19, 'Maluku', 'Kabupaten', 'Seram Bagian Timur', '97581\r'),
	(402, 3, 'Banten', 'Kabupaten', 'Serang', '42182\r'),
	(403, 3, 'Banten', 'Kota', 'Serang', '42111\r'),
	(404, 34, 'Sumatera Utara', 'Kabupaten', 'Serdang Bedagai', '20915\r'),
	(405, 14, 'Kalimantan Tengah', 'Kabupaten', 'Seruyan', '74211\r'),
	(406, 26, 'Riau', 'Kabupaten', 'Siak', '28623\r'),
	(407, 34, 'Sumatera Utara', 'Kota', 'Sibolga', '22522\r'),
	(408, 28, 'Sulawesi Selatan', 'Kabupaten', 'Sidenreng Rappang/Rapang', '91613\r'),
	(409, 11, 'Jawa Timur', 'Kabupaten', 'Sidoarjo', '61219\r'),
	(410, 29, 'Sulawesi Tengah', 'Kabupaten', 'Sigi', '94364\r'),
	(411, 32, 'Sumatera Barat', 'Kabupaten', 'Sijunjung (Sawah Lunto Sijunjung)', '27511\r'),
	(412, 23, 'Nusa Tenggara Timur (NTT)', 'Kabupaten', 'Sikka', '86121\r'),
	(413, 34, 'Sumatera Utara', 'Kabupaten', 'Simalungun', '21162\r'),
	(414, 21, 'Nanggroe Aceh Darussalam (NAD)', 'Kabupaten', 'Simeulue', '23891\r'),
	(415, 12, 'Kalimantan Barat', 'Kota', 'Singkawang', '79117\r'),
	(416, 28, 'Sulawesi Selatan', 'Kabupaten', 'Sinjai', '92615\r'),
	(417, 12, 'Kalimantan Barat', 'Kabupaten', 'Sintang', '78619\r'),
	(418, 11, 'Jawa Timur', 'Kabupaten', 'Situbondo', '68316\r'),
	(419, 5, 'DI Yogyakarta', 'Kabupaten', 'Sleman', '55513\r'),
	(420, 32, 'Sumatera Barat', 'Kabupaten', 'Solok', '27365\r'),
	(421, 32, 'Sumatera Barat', 'Kota', 'Solok', '27315\r'),
	(422, 32, 'Sumatera Barat', 'Kabupaten', 'Solok Selatan', '27779\r'),
	(423, 28, 'Sulawesi Selatan', 'Kabupaten', 'Soppeng', '90812\r'),
	(424, 25, 'Papua Barat', 'Kabupaten', 'Sorong', '98431\r'),
	(425, 25, 'Papua Barat', 'Kota', 'Sorong', '98411\r'),
	(426, 25, 'Papua Barat', 'Kabupaten', 'Sorong Selatan', '98454\r'),
	(427, 10, 'Jawa Tengah', 'Kabupaten', 'Sragen', '57211\r'),
	(428, 9, 'Jawa Barat', 'Kabupaten', 'Subang', '41215\r'),
	(429, 21, 'Nanggroe Aceh Darussalam (NAD)', 'Kota', 'Subulussalam', '24882\r'),
	(430, 9, 'Jawa Barat', 'Kabupaten', 'Sukabumi', '43311\r'),
	(431, 9, 'Jawa Barat', 'Kota', 'Sukabumi', '43114\r'),
	(432, 14, 'Kalimantan Tengah', 'Kabupaten', 'Sukamara', '74712\r'),
	(433, 10, 'Jawa Tengah', 'Kabupaten', 'Sukoharjo', '57514\r'),
	(434, 23, 'Nusa Tenggara Timur (NTT)', 'Kabupaten', 'Sumba Barat', '87219\r'),
	(435, 23, 'Nusa Tenggara Timur (NTT)', 'Kabupaten', 'Sumba Barat Daya', '87453\r'),
	(436, 23, 'Nusa Tenggara Timur (NTT)', 'Kabupaten', 'Sumba Tengah', '87358\r'),
	(437, 23, 'Nusa Tenggara Timur (NTT)', 'Kabupaten', 'Sumba Timur', '87112\r'),
	(438, 22, 'Nusa Tenggara Barat (NTB)', 'Kabupaten', 'Sumbawa', '84315\r'),
	(439, 22, 'Nusa Tenggara Barat (NTB)', 'Kabupaten', 'Sumbawa Barat', '84419\r'),
	(440, 9, 'Jawa Barat', 'Kabupaten', 'Sumedang', '45326\r'),
	(441, 11, 'Jawa Timur', 'Kabupaten', 'Sumenep', '69413\r'),
	(442, 8, 'Jambi', 'Kota', 'Sungaipenuh', '37113\r'),
	(443, 24, 'Papua', 'Kabupaten', 'Supiori', '98164\r'),
	(444, 11, 'Jawa Timur', 'Kota', 'Surabaya', '60119\r'),
	(445, 10, 'Jawa Tengah', 'Kota', 'Surakarta (Solo)', '57113\r'),
	(446, 13, 'Kalimantan Selatan', 'Kabupaten', 'Tabalong', '71513\r'),
	(447, 1, 'Bali', 'Kabupaten', 'Tabanan', '82119\r'),
	(448, 28, 'Sulawesi Selatan', 'Kabupaten', 'Takalar', '92212\r'),
	(449, 25, 'Papua Barat', 'Kabupaten', 'Tambrauw', '98475\r'),
	(450, 16, 'Kalimantan Utara', 'Kabupaten', 'Tana Tidung', '77611\r'),
	(451, 28, 'Sulawesi Selatan', 'Kabupaten', 'Tana Toraja', '91819\r'),
	(452, 13, 'Kalimantan Selatan', 'Kabupaten', 'Tanah Bumbu', '72211\r'),
	(453, 32, 'Sumatera Barat', 'Kabupaten', 'Tanah Datar', '27211\r'),
	(454, 13, 'Kalimantan Selatan', 'Kabupaten', 'Tanah Laut', '70811\r'),
	(455, 3, 'Banten', 'Kabupaten', 'Tangerang', '15914\r'),
	(456, 3, 'Banten', 'Kota', 'Tangerang', '15111\r'),
	(457, 3, 'Banten', 'Kota', 'Tangerang Selatan', '15435\r'),
	(458, 18, 'Lampung', 'Kabupaten', 'Tanggamus', '35619\r'),
	(459, 34, 'Sumatera Utara', 'Kota', 'Tanjung Balai', '21321\r'),
	(460, 8, 'Jambi', 'Kabupaten', 'Tanjung Jabung Barat', '36513\r'),
	(461, 8, 'Jambi', 'Kabupaten', 'Tanjung Jabung Timur', '36719\r'),
	(462, 17, 'Kepulauan Riau', 'Kota', 'Tanjung Pinang', '29111\r'),
	(463, 34, 'Sumatera Utara', 'Kabupaten', 'Tapanuli Selatan', '22742\r'),
	(464, 34, 'Sumatera Utara', 'Kabupaten', 'Tapanuli Tengah', '22611\r'),
	(465, 34, 'Sumatera Utara', 'Kabupaten', 'Tapanuli Utara', '22414\r'),
	(466, 13, 'Kalimantan Selatan', 'Kabupaten', 'Tapin', '71119\r'),
	(467, 16, 'Kalimantan Utara', 'Kota', 'Tarakan', '77114\r'),
	(468, 9, 'Jawa Barat', 'Kabupaten', 'Tasikmalaya', '46411\r'),
	(469, 9, 'Jawa Barat', 'Kota', 'Tasikmalaya', '46116\r'),
	(470, 34, 'Sumatera Utara', 'Kota', 'Tebing Tinggi', '20632\r'),
	(471, 8, 'Jambi', 'Kabupaten', 'Tebo', '37519\r'),
	(472, 10, 'Jawa Tengah', 'Kabupaten', 'Tegal', '52419\r'),
	(473, 10, 'Jawa Tengah', 'Kota', 'Tegal', '52114\r'),
	(474, 25, 'Papua Barat', 'Kabupaten', 'Teluk Bintuni', '98551\r'),
	(475, 25, 'Papua Barat', 'Kabupaten', 'Teluk Wondama', '98591\r'),
	(476, 10, 'Jawa Tengah', 'Kabupaten', 'Temanggung', '56212\r'),
	(477, 20, 'Maluku Utara', 'Kota', 'Ternate', '97714\r'),
	(478, 20, 'Maluku Utara', 'Kota', 'Tidore Kepulauan', '97815\r'),
	(479, 23, 'Nusa Tenggara Timur (NTT)', 'Kabupaten', 'Timor Tengah Selatan', '85562\r'),
	(480, 23, 'Nusa Tenggara Timur (NTT)', 'Kabupaten', 'Timor Tengah Utara', '85612\r'),
	(481, 34, 'Sumatera Utara', 'Kabupaten', 'Toba Samosir', '22316\r'),
	(482, 29, 'Sulawesi Tengah', 'Kabupaten', 'Tojo Una-Una', '94683\r'),
	(483, 29, 'Sulawesi Tengah', 'Kabupaten', 'Toli-Toli', '94542\r'),
	(484, 24, 'Papua', 'Kabupaten', 'Tolikara', '99411\r'),
	(485, 31, 'Sulawesi Utara', 'Kota', 'Tomohon', '95416\r'),
	(486, 28, 'Sulawesi Selatan', 'Kabupaten', 'Toraja Utara', '91831\r'),
	(487, 11, 'Jawa Timur', 'Kabupaten', 'Trenggalek', '66312\r'),
	(488, 19, 'Maluku', 'Kota', 'Tual', '97612\r'),
	(489, 11, 'Jawa Timur', 'Kabupaten', 'Tuban', '62319\r'),
	(490, 18, 'Lampung', 'Kabupaten', 'Tulang Bawang', '34613\r'),
	(491, 18, 'Lampung', 'Kabupaten', 'Tulang Bawang Barat', '34419\r'),
	(492, 11, 'Jawa Timur', 'Kabupaten', 'Tulungagung', '66212\r'),
	(493, 28, 'Sulawesi Selatan', 'Kabupaten', 'Wajo', '90911\r'),
	(494, 30, 'Sulawesi Tenggara', 'Kabupaten', 'Wakatobi', '93791\r'),
	(495, 24, 'Papua', 'Kabupaten', 'Waropen', '98269\r'),
	(496, 18, 'Lampung', 'Kabupaten', 'Way Kanan', '34711\r'),
	(497, 10, 'Jawa Tengah', 'Kabupaten', 'Wonogiri', '57619\r'),
	(498, 10, 'Jawa Tengah', 'Kabupaten', 'Wonosobo', '56311\r'),
	(499, 24, 'Papua', 'Kabupaten', 'Yahukimo', '99041\r'),
	(500, 24, 'Papua', 'Kabupaten', 'Yalimo', '99481\r'),
	(501, 5, 'DI Yogyakarta', 'Kota', 'Yogyakarta', '55111');

-- Dumping structure for table dbecommerce.orders
DROP TABLE IF EXISTS `orders`;
CREATE TABLE IF NOT EXISTS `orders` (
  `order_number` varchar(10) NOT NULL,
  `cust_id` varchar(10) NOT NULL,
  `order_date` date NOT NULL,
  `total_payment` int DEFAULT NULL,
  `transaction_id` varchar(40) CHARACTER SET utf8mb4 COLLATE utf8mb4_0900_ai_ci DEFAULT NULL,
  `payment_date` date DEFAULT NULL,
  PRIMARY KEY (`order_number`)
) ENGINE=InnoDB DEFAULT CHARSET=utf8mb4 COLLATE=utf8mb4_0900_ai_ci;

-- Dumping data for table dbecommerce.orders: ~200 rows (approximately)
DELETE FROM `orders`;
INSERT INTO `orders` (`order_number`, `cust_id`, `order_date`, `total_payment`, `transaction_id`, `payment_date`) VALUES
	('OR008032', 'CT018895', '2022-06-23', 7223554, 'zyw28385-5vwp-fk20-8upb-iofm6svdo8xr', '2022-06-24'),
	('OR014945', 'CT058064', '2023-01-15', 5782887, 'zt2hqk10-r3a3-qm43-h236-xb1ih4c4sbfn', '2023-01-16'),
	('OR016846', 'CT948394', '2023-04-08', 14056682, 'znl4e0de-k1z9-6pkn-k7na-jsx2go6n5b3s', '2023-04-09'),
	('OR023439', 'CT999828', '2022-12-22', 11545418, 'zn4eojyg-g4jt-f3en-iigh-q3znru6qc9ck', '2022-12-23'),
	('OR028572', 'CT146976', '2022-10-26', 16398062, 'zba9qny4-53bi-63uh-jau0-9jfy8mxtds42', '2022-10-27'),
	('OR046745', 'CT744478', '2022-08-12', 8048930, 'za3mvhvg-j59h-ni0w-83t1-68kostzoqy2z', '2022-08-13'),
	('OR049601', 'CT460639', '2022-11-20', 16191126, 'z73j68nw-5r8t-72rb-zrw9-876nf2pmvos5', '2022-11-21'),
	('OR050456', 'CT207216', '2023-05-17', 1639124, 'z5kzg8o2-a0he-b3b6-l0vm-mhx83mt6kfyk', '2023-05-18'),
	('OR058013', 'CT106978', '2022-08-26', 12680509, 'z31m8l6n-me1n-o87j-uide-t279kwm09eq3', '2022-08-27'),
	('OR061638', 'CT140834', '2023-03-31', 8718260, 'z2jua4jk-lx5r-w5mt-42m9-mle8pywkitcw', '2023-04-01'),
	('OR074955', 'CT368224', '2023-04-03', 2058730, 'z2bz9o6r-r1sx-r5q9-x57z-06vov2b3621z', '2023-04-04'),
	('OR077887', 'CT776323', '2023-03-04', 9624818, 'yyy69vb3-1dzb-hdeq-jkex-42th031bf8ol', '2023-03-05'),
	('OR083225', 'CT960439', '2022-07-30', 18264593, 'yyjyh7w5-bqy7-t0i6-4lwg-9wb9ufu1j746', '2022-07-31'),
	('OR096235', 'CT874237', '2022-07-26', 24512886, 'ywwhe8cp-k86h-4knk-cjs7-6wmscicffeeg', '2022-07-27'),
	('OR115575', 'CT365819', '2022-08-25', 14919804, 'ywc84e5g-qj4v-o0h7-a717-flufdh3jrht1', '2022-08-26'),
	('OR124844', 'CT338072', '2023-04-06', 13444142, 'yswspe4j-h51z-2qoy-e17n-vdum9qmfxbe6', '2023-04-07'),
	('OR127047', 'CT335033', '2023-01-06', 5863004, 'ysdobff2-tutz-sqg3-g7ni-19fzpzj7xd22', '2023-01-07'),
	('OR132953', 'CT653859', '2023-04-10', 14406982, 'ymd7jjt1-lt63-kvi7-ykdl-m4w6khzqqwqc', '2023-04-11'),
	('OR133210', 'CT091686', '2022-09-13', 13194026, 'yjuk2yaw-rxsg-5uiy-gcbb-6v8usf37nfdb', '2022-09-14'),
	('OR137529', 'CT197967', '2022-11-04', 3834254, 'yi7109qc-3lof-coe5-8y7j-89zo8sx79bml', '2022-11-05'),
	('OR138403', 'CT153309', '2022-12-19', 15691485, 'yhn7868x-dngg-fyxn-ahak-8ac9v5113b0i', '2022-12-20'),
	('OR156832', 'CT979936', '2023-02-27', 16693037, 'ygys8wzt-lc55-yeef-zfmu-i9lpm2l2c0qm', '2023-02-28'),
	('OR161777', 'CT498493', '2023-04-14', 14770416, 'yez31d27-wtl8-nq59-44p6-lomt48uy9n30', '2023-04-15'),
	('OR163921', 'CT176558', '2022-10-26', 1853018, 'y8nlrhff-ej1u-vgx7-85jz-apbaegacuir3', '2022-10-27'),
	('OR168862', 'CT658935', '2022-11-25', 12280952, 'y8cxchnw-mszh-u7jb-exe8-dferddx6u2m6', '2022-11-26'),
	('OR172674', 'CT786904', '2022-12-10', 8412952, 'y5knci7c-58pi-gbxe-5kvp-3eaxc7ojr820', '2022-12-11'),
	('OR182851', 'CT276034', '2023-05-11', 12046810, 'y4x0nfrz-8vem-zror-fsv6-8clbt48g0f8i', '2023-05-12'),
	('OR186975', 'CT336162', '2022-12-02', 5441640, 'xwzhs8e0-umy5-lhz0-4tts-18ylsc0pgijq', '2022-12-03'),
	('OR189444', 'CT595257', '2023-01-10', 5687096, 'xrt0ez3p-hf4b-ytt8-g15d-mx16jbl7i90h', '2023-01-11'),
	('OR194554', 'CT287501', '2023-03-22', 18113872, 'xq80game-7vb9-d5pz-kim0-hksaaxxyduio', '2023-03-23'),
	('OR197358', 'CT413066', '2023-05-08', 22222424, 'xpgk2iyt-n78c-tu7o-ln8p-vtc7cm95c4hz', '2023-05-09'),
	('OR197828', 'CT841001', '2023-03-09', 8029640, 'xorylgby-cdp6-w79c-6ea9-quwfhd8zbb02', '2023-03-10'),
	('OR198529', 'CT124325', '2023-02-18', 4845986, 'xmvgg3uf-04s3-nm92-dzfl-8ayr1b7evpi6', '2023-02-19'),
	('OR211246', 'CT341751', '2022-08-24', 14157642, 'xhjgwele-c7ie-6c7i-l52k-22ww0sx1pi1a', '2022-08-25'),
	('OR220875', 'CT176558', '2023-01-28', 1828216, 'xhbsg7nw-2vav-k8r7-n6sm-nl3ag7xdsuga', '2023-01-29'),
	('OR226616', 'CT361836', '2023-04-03', 9593925, 'xaiiwvwa-2djk-13ll-hue0-m7x9ku8stqxi', '2023-04-04'),
	('OR229077', 'CT044984', '2022-11-02', 3133948, 'x9ybz2xz-07b3-c4ui-8s0d-k78f8cr9sagh', '2022-11-03'),
	('OR233183', 'CT140834', '2023-04-18', 13291999, 'x6fywjbz-avb3-lfwp-f8r7-ttmqnq5ku95v', '2023-04-19'),
	('OR233731', 'CT958846', '2022-11-16', 3669008, 'x5w4wkxh-m6po-nlkf-al1e-21vqd98h5r03', '2022-11-17'),
	('OR237580', 'CT484892', '2022-10-29', 11870367, 'x4bg3g6q-syhx-7qnp-mgz7-t8nj06nzw41p', '2022-10-30'),
	('OR239488', 'CT602067', '2022-12-27', 24597504, 'x3sbp9qg-rhmz-072v-66a8-qs0lccnt7dk4', '2022-12-28'),
	('OR241762', 'CT505704', '2023-03-07', 7016030, 'wyrh62q4-x55k-h1yw-2d9t-2chhwcw8e8xi', '2023-03-08'),
	('OR248868', 'CT874237', '2023-04-04', 8453856, 'wru3unp8-2v5s-hjmq-rrgz-k7ra364qh31i', '2023-04-05'),
	('OR256346', 'CT417103', '2023-02-14', 2624152, 'wq44obec-g5su-gb88-6ok3-34uczrb1coui', '2023-02-15'),
	('OR265433', 'CT361836', '2023-03-09', 5004226, 'wpm1uxxt-sx9l-0icp-yisn-gy1hhla6549z', '2023-03-10'),
	('OR272570', 'CT018895', '2023-04-03', 21584577, 'wpfu37eh-di13-09r6-urg6-o380392b397m', '2023-04-04'),
	('OR290221', 'CT216589', '2023-03-30', 20039253, 'wok36w2x-ldqa-qc2g-2i0j-nihus4r6k5ej', '2023-03-31'),
	('OR293355', 'CT692261', '2022-09-18', 3835048, 'wnr2tfr5-xxuy-7xuy-p3p7-pdr3nl6vrxwt', '2022-09-19'),
	('OR296922', 'CT815958', '2023-02-26', 7202562, 'wnfvfl7g-7z7t-q87q-js32-e7pag81g8pn6', '2023-02-27'),
	('OR306040', 'CT395048', '2023-05-23', 3648636, 'wmqsadb5-0e3j-52ax-oiz2-vkzv7ecbdf3n', '2023-05-24'),
	('OR307375', 'CT883825', '2023-04-22', 14750115, 'wm7u7i04-46vm-96v1-ryvh-gj5mlt6lx7d4', '2023-04-23'),
	('OR310145', 'CT999001', '2022-08-20', 22206783, 'wlk202me-4fg7-reu5-af3a-xbpa650o5ork', '2022-08-21'),
	('OR311796', 'CT017401', '2023-01-16', 14204634, 'wl3njfj4-w8ub-pz11-4dst-23bhizf9kk1c', '2023-01-17'),
	('OR317201', 'CT813581', '2023-02-20', 4885044, 'wjv3h2ws-43lf-if9v-fooj-wj80ocovucxy', '2023-02-21'),
	('OR329745', 'CT408374', '2023-04-18', 8972478, 'wbd7oj9s-5xkb-e9o9-ceqy-bk7gfzq84q0t', '2023-04-19'),
	('OR346204', 'CT057935', '2022-06-23', 20792519, 'w8jdd2o2-ldcc-mrsu-6yae-s58sr4qngn5y', '2022-06-24'),
	('OR346258', 'CT727229', '2023-04-06', 12422984, 'w8gutxkt-oggk-4a7s-yyuy-z6wzl20qpjj3', '2023-04-07'),
	('OR347751', 'CT417103', '2022-09-19', 8883124, 'w69s4rh2-cg0q-rklh-4vbb-fbxjkdnsqiu2', '2022-09-20'),
	('OR359184', 'CT200995', '2023-02-06', 3961120, 'w4wep7bn-ttpb-m8lf-va99-t01ch9easyzw', '2023-02-07'),
	('OR362206', 'CT482887', '2023-02-05', 3131326, 'vvhqhxi3-5pi1-5fvn-jo1i-sttkvgsjxfef', '2023-02-06'),
	('OR373543', 'CT513358', '2022-07-19', 8548866, 'vv4mp6jz-c524-ujos-73j0-4ycsh2b9rnn3', '2022-07-20'),
	('OR375749', 'CT057905', '2023-02-25', 11404053, 'vnophxjn-pyyk-ss0w-1dxz-grevllhbjtso', '2023-02-26'),
	('OR376731', 'CT219723', '2022-11-05', 11205762, 'vkwtcm2x-m8tq-oo3v-6oh8-09k47ni2wjp7', '2022-11-06'),
	('OR379618', 'CT241320', '2022-12-15', 16967892, 'visyd2h2-vrui-enpy-0g9u-eis0r8sgq793', '2022-12-16'),
	('OR380551', 'CT321738', '2022-08-27', 14888800, 'vcgod5h7-r4bu-7a3l-qzvd-b3xprp32oeof', '2022-08-28'),
	('OR383060', 'CT216589', '2023-05-21', 8233806, 'v9kokemh-p6gt-v0fw-sgxo-qpz2zcxybkoq', '2023-05-22'),
	('OR383251', 'CT002026', '2022-10-03', 14796996, 'v5l7tisd-qzu5-593w-qotz-bexjk5g2b1er', '2022-10-04'),
	('OR392080', 'CT595257', '2023-03-06', 8014824, 'v4vr8zbu-pq1m-khr2-siuz-5kvk8bmhz8ii', '2023-03-07'),
	('OR392997', 'CT917607', '2022-07-07', 5488314, 'v491kapi-2ey9-88fr-pu0t-3qasfhvqu4sm', '2022-07-08'),
	('OR393671', 'CT934132', '2022-12-03', 20990288, 'ux7s2uqd-avi4-usdz-zg9u-euct42kpvpb9', '2022-12-04'),
	('OR393877', 'CT002026', '2022-07-14', 4510192, 'uwc32lpu-fl1p-82nu-lksb-zw5dgz5br1fo', '2022-07-15'),
	('OR395436', 'CT999828', '2023-01-19', 8550916, 'uw84hrde-h29x-p19i-a1bf-g9zuspu5tiju', '2023-01-20'),
	('OR395541', 'CT854110', '2022-10-28', 10753091, 'uufs8pcw-eklo-ic36-oe6y-21p5p9dhhoab', '2022-10-29'),
	('OR406119', 'CT408374', '2022-06-24', 9506682, 'uqobozl3-0ypt-n8l7-cbfz-tsg8lc5otccw', '2022-06-25'),
	('OR410657', 'CT487659', '2023-02-07', 14299578, 'un4d0mf2-vw2o-spq7-4kx5-xa6z0b5hr27l', '2023-02-08'),
	('OR415828', 'CT768955', '2022-07-25', 8976356, 'uif6a0cr-7fck-byu4-lnjv-qyocfplvaod1', '2022-07-26'),
	('OR436505', 'CT929318', '2023-05-11', 20670141, 'uej3in4k-r847-lxwe-qp4h-lhvi3x39cwut', '2023-05-12'),
	('OR451329', 'CT365819', '2022-06-16', 9283260, 'ucahhraq-6e55-5bsq-6wzx-9ojaq4qj0q15', '2022-06-17'),
	('OR452975', 'CT499467', '2022-10-22', 3760844, 'ubq8obkp-uprq-gl2l-w4ez-ke3l5z0f48p8', '2022-10-23'),
	('OR453293', 'CT217412', '2022-12-21', 7498444, 'u90yeoup-j9ul-fykq-efe8-kpa4za0ljoxz', '2022-12-22'),
	('OR454342', 'CT979936', '2023-04-19', 6854264, 'u5q7ityy-7jwm-uzfs-c1qz-r0x7bpeddjy6', '2023-04-20'),
	('OR462202', 'CT487659', '2022-10-28', 4551660, 'u5czxhoy-aj7o-w9r4-ryrr-aslrjhuhzb12', '2022-10-29'),
	('OR464032', 'CT692261', '2022-09-14', 10875756, 'u2601utz-wszf-86xv-1mz9-22xp0tbq66v8', '2022-09-15'),
	('OR464321', 'CT884530', '2023-04-06', 4646264, 'txsgggdz-e7k3-ila2-a3ps-pbfr49b0d6nm', '2023-04-07'),
	('OR465825', 'CT731466', '2022-10-26', 17109484, 'txsgalxi-vqqq-n8yb-arbu-h90uwvq138mp', '2022-10-27'),
	('OR468149', 'CT232291', '2022-12-02', 11823165, 'tu14cagw-xv1e-imvf-7opu-kcqqvkpa6rtc', '2022-12-03'),
	('OR475203', 'CT338133', '2022-07-12', 8444421, 'tsso82oy-p24n-0tku-88gw-rownmli3wai4', '2022-07-13'),
	('OR479116', 'CT630093', '2022-10-14', 5093904, 'trs9vlg4-qkl9-6jwu-07a9-2vzrn6ghz6lp', '2022-10-15'),
	('OR484601', 'CT653859', '2022-08-02', 13367225, 'tp4m50pq-kq1p-lw5x-xvwu-u3u7logyuuvh', '2022-08-03'),
	('OR490580', 'CT219723', '2022-08-23', 13263816, 'tl1yfkt0-1iv0-yu8b-h5r4-lgkiaw5ns90n', '2022-08-24'),
	('OR498621', 'CT197967', '2022-08-15', 14423487, 'tbuvf6tz-fjgd-r477-kwdz-5dsh90kihnvc', '2022-08-16'),
	('OR499531', 'CT058064', '2022-11-24', 8355922, 'tbqj4lze-h0wg-iiac-yu29-4l5q32k8yyz8', '2022-11-25'),
	('OR499578', 'CT498493', '2022-11-14', 7605094, 'tb8j5sjw-pr8u-gv77-w4ia-yaear6nqi587', '2022-11-15'),
	('OR504354', 'CT084553', '2022-06-13', 27135294, 'tamj2dts-0tn0-d7w0-3dhh-qax8ejpuyk0a', '2022-06-14'),
	('OR506273', 'CT159666', '2022-06-25', 20430761, 't2r9b4fx-5ng2-m7n4-8ssr-wvtk52fioibh', '2022-06-26'),
	('OR506341', 'CT884530', '2023-03-11', 14445261, 't0hzwiud-lt2g-eg57-9njx-6kbpmocawic9', '2023-03-12'),
	('OR506863', 'CT688603', '2023-03-23', 4406936, 'sslq6u5e-d5wd-nvju-fumo-3qo749djapoj', '2023-03-24'),
	('OR513296', 'CT205086', '2023-03-11', 9291548, 'sq9022nt-8qrr-pve1-0t78-ss4ei8wexahj', '2023-03-12'),
	('OR515356', 'CT786904', '2022-06-01', 19535964, 'smzjmitj-osow-0jun-vaap-l62uo3qeyurn', '2022-06-02'),
	('OR523191', 'CT744478', '2022-12-27', 8784562, 'sfbb88u2-c0x1-hg45-h7yp-j2f2kcs7xyq1', '2022-12-28'),
	('OR524864', 'CT513358', '2023-05-24', 3126206, 's3nq9kya-l41p-k1td-a6ev-svb4yxvl7b0p', '2023-05-25'),
	('OR526467', 'CT133675', '2023-04-09', 5473752, 's1cn8u4r-hcwr-r3z4-7el1-iz55nxm448zf', '2023-04-10'),
	('OR531851', 'CT341751', '2022-11-05', 26181140, 'rtbrgc68-67vv-r07r-f07w-kx63o74uqm1v', '2022-11-06'),
	('OR548374', 'CT091686', '2022-06-17', 11856410, 'rsr90rxu-at1b-ndqh-rwck-m8llv8hcsxlf', '2022-06-18'),
	('OR550139', 'CT287501', '2022-12-30', 5607060, 'rrmhvy0q-we6k-c1nj-wz2n-f7b11s34dyyk', '2022-12-31'),
	('OR554218', 'CT447944', '2022-10-28', 7990422, 'rqpdoe3n-9wsz-jk9j-ad1j-bhz3wi1zomio', '2022-10-29'),
	('OR554503', 'CT832228', '2023-05-23', 4990646, 'rq6aew5f-jsbf-uhek-qu1x-4mt2nj484svm', '2023-05-24'),
	('OR563106', 'CT276034', '2022-11-04', 7664132, 'rimhxzyr-nq32-ewgf-7nki-km9qa3h0q9tp', '2022-11-05'),
	('OR563430', 'CT044984', '2023-03-16', 18357864, 'rffs6wf9-hitx-1tm2-nxkk-f5kjsos5fcl6', '2023-03-17'),
	('OR569179', 'CT057905', '2022-09-30', 5327814, 'rc5zrzgo-fl3p-xvyf-va8d-mzyiir5m8w6b', '2022-10-01'),
	('OR572037', 'CT600025', '2022-12-08', 8542738, 'r9m08j00-jnjr-yons-ck84-qh5d3oydaqwy', '2022-12-09'),
	('OR574586', 'CT514389', '2022-08-17', 5013152, 'r90qajxn-v1c2-5zst-re4a-qku50u957sa3', '2022-08-18'),
	('OR577839', 'CT816479', '2023-01-12', 9567872, 'qswkadav-qhz7-fq6g-4g4c-khkjypkkoo3l', '2023-01-13'),
	('OR578927', 'CT954122', '2022-06-18', 8471727, 'qrir6vp3-h4fd-jdcu-nxof-s27lucw29naa', '2022-06-19'),
	('OR587495', 'CT832228', '2023-01-29', 16097161, 'qiwjnz88-rzoj-wvf9-ibzn-rv8jtg6a3dno', '2023-01-30'),
	('OR590630', 'CT437060', '2023-02-20', 2022010, 'qeitwcla-17qs-errp-nvp4-bec4p8mbp2tz', '2023-02-21'),
	('OR593381', 'CT869535', '2023-01-19', 10283097, 'q32sqg0v-qdoq-0jd3-b9vn-dctlnpwjyth8', '2023-01-20'),
	('OR594108', 'CT153648', '2023-01-25', 14071026, 'px4z8u19-9o07-085p-pta4-9lch0v0ef28z', '2023-01-26'),
	('OR594551', 'CT798121', '2023-04-01', 14834489, 'punvre0s-9hbl-mubn-2pb7-nnjp88ich97c', '2023-04-02'),
	('OR612359', 'CT727229', '2023-02-08', 17519405, 'prh8kg80-oxdi-4a6l-v81k-x6j8c2jf8y7e', '2023-02-09'),
	('OR622343', 'CT241320', '2023-02-20', 5658576, 'pljyo10t-73zy-0qn7-6u6o-yhurqr5lix78', '2023-02-21'),
	('OR622789', 'CT159666', '2022-11-09', 2275378, 'pkbdnd8x-l5ob-rr55-2qif-dbeeuoqxtqtf', '2022-11-10'),
	('OR623797', 'CT929318', '2023-03-24', 4876410, 'pjxu0b7h-ijl7-8x1n-58nf-jmu3b4p9sbte', '2023-03-25'),
	('OR627188', 'CT768955', '2022-08-18', 12843285, 'pgudqk96-k1v9-l1gl-6yhd-hglt3wvsootl', '2022-08-19'),
	('OR633284', 'CT321738', '2022-08-30', 3481168, 'pfjsliks-eoem-lcjn-5syn-htxxo4x451t3', '2022-08-31'),
	('OR637257', 'CT841001', '2022-09-21', 15155751, 'pdk25zjx-psgz-3hx3-3lju-e3ps8qgogw9b', '2022-09-22'),
	('OR639850', 'CT848660', '2022-08-16', 11870392, 'pbk20n1h-fof0-k5vr-62hr-i288671uz177', '2022-08-17'),
	('OR640243', 'CT482887', '2023-02-08', 18970359, 'p840p76n-g2c2-yqqz-uqoa-y7iumvx6uici', '2023-02-09'),
	('OR649785', 'CT368224', '2023-05-21', 13801866, 'p6yx32ch-qi7h-pzdx-s3f8-u9wg8od2kur8', '2023-05-22'),
	('OR653457', 'CT499467', '2022-06-29', 16937658, 'p5ufyau5-evfb-xbsm-3ww3-mdqnnetpg6jt', '2022-06-30'),
	('OR657319', 'CT798121', '2022-12-27', 8324798, 'p4gz4g6q-f88c-9egn-985n-gw0rnc0b6ov8', '2022-12-28'),
	('OR667351', 'CT948394', '2023-02-08', 7718356, 'p2ybs1qt-62ea-iaeb-j1rq-eog4y908jtfl', '2023-02-09'),
	('OR669740', 'CT883825', '2022-06-20', 2319718, 'p2sq9n8x-ym2d-k57n-slar-thxqm5rg0xms', '2022-06-21'),
	('OR672537', 'CT934132', '2022-09-05', 6496980, 'p2fekjek-ioap-fxyn-k470-3oy4klulv7eh', '2022-09-06'),
	('OR673787', 'CT447944', '2023-03-14', 27626703, 'p1xjm1y5-9zo1-rj38-qtbr-1w71gskl98q2', '2023-03-15'),
	('OR675569', 'CT338072', '2023-04-22', 19405341, 'owtu7ehs-weqh-4ukg-oazd-q8u1ev8rfgba', '2023-04-23'),
	('OR676164', 'CT041554', '2022-06-21', 1344494, 'ov31dmdl-4cu2-zu0c-2brq-ospoaytjez7f', '2022-06-22'),
	('OR694356', 'CT816479', '2023-04-21', 16958910, 'oswhnns0-jgs9-9ii8-61g8-bfele70jhjqg', '2023-04-22'),
	('OR699625', 'CT146976', '2022-07-27', 4824894, 'or5syzy4-xx7i-vwd6-1ush-3bb2upxto43p', '2022-07-28'),
	('OR703195', 'CT336162', '2023-02-01', 7465938, 'oov8rdo4-mdpg-i6hi-n53n-jk7bwaal39w1', '2023-02-02'),
	('OR714494', 'CT600025', '2022-08-28', 16887057, 'oo3axxvw-xwvb-os02-m0i2-tzs0iyq6ya2s', '2022-08-29'),
	('OR720762', 'CT017401', '2022-06-28', 8153544, 'omojb0p0-7pp5-313w-e11s-3mq3klvvb6e0', '2022-06-29'),
	('OR733661', 'CT848660', '2022-10-10', 9694077, 'om3dnruv-umng-k6t3-ezcv-53c1kabnjvjr', '2022-10-11'),
	('OR734456', 'CT917607', '2022-11-04', 15257142, 'okrt4sxa-rtmd-6juk-4edj-84wuzkhzk5sy', '2022-11-05'),
	('OR749461', 'CT768855', '2022-06-02', 2967396, 'okrdvcwl-bp9e-ollp-c8e8-zd470txyrxka', '2022-06-03'),
	('OR757525', 'CT487961', '2023-01-07', 9981212, 'oabtjbzz-8gkb-rhqu-ucb7-6epe9fdoh9um', '2023-01-08'),
	('OR761481', 'CT307718', '2022-07-20', 12936332, 'o886crpz-dkd6-tfuh-018o-sxh1ajwk6hf6', '2022-07-21'),
	('OR768835', 'CT106978', '2022-09-09', 2201516, 'o1ggdv9x-l5j4-fyjs-ovhc-vu6bwvx7w5dx', '2022-09-10'),
	('OR769156', 'CT768855', '2022-11-29', 13469478, 'o1fyjluw-03wq-l9lw-zwl7-3yvkovamrgw8', '2022-11-30'),
	('OR774053', 'CT335033', '2022-10-13', 12435921, 'o105vxq4-ybu8-ox0o-ow6d-uvjruu2itege', '2022-10-14'),
	('OR778442', 'CT815958', '2022-07-10', 17835258, 'o0lyiav4-aqm6-cz4p-jnc1-txgty01x3jp0', '2022-07-11'),
	('OR781784', 'CT460639', '2022-09-19', 5253126, 'nsasbpjt-h236-neuy-gsh8-1dhdnp8k0jv2', '2022-09-20'),
	('OR788811', 'CT958846', '2022-06-02', 9483243, 'ns01e2pl-6rsl-z0f0-cbo0-dw3d5yi8gj2w', '2022-06-03'),
	('OR790572', 'CT207216', '2022-06-03', 12148853, 'nqfpino9-u0a1-fmf0-6qqm-k068k5rathuk', '2022-06-04'),
	('OR792837', 'CT954122', '2023-02-02', 3674676, 'nh6278dp-np17-ca4y-986f-0ha2gco8u6zg', '2023-02-03'),
	('OR793836', 'CT041554', '2023-03-03', 4717359, 'ngpieelg-x9f2-30l0-an3m-3l5jw0m8ym4w', '2023-03-04'),
	('OR796145', 'CT731466', '2022-07-25', 4582828, 'nfsht8zd-l1a3-vbmb-jfvb-gdhqn1hzbp9y', '2022-07-26'),
	('OR798292', 'CT755571', '2022-12-10', 9838323, 'nbrnl77e-c04j-2d0z-50i0-egbfiynpualb', '2022-12-11'),
	('OR803640', 'CT413066', '2022-07-21', 15045528, 'nbdsmrs8-ly1u-yw8s-k1iq-tnm0vyuwj7bd', '2022-07-22'),
	('OR805538', 'CT514389', '2022-06-26', 10357590, 'n5xksvew-8r3o-coek-oio1-0kftc75m036g', '2022-06-27'),
	('OR833917', 'CT999001', '2022-12-21', 6605256, 'n2sla1uv-et50-j9z3-9x3d-k3wwj7yt2bez', '2022-12-22'),
	('OR838902', 'CT232291', '2022-11-16', 12017790, 'n14zamck-gpfr-zdk7-onf7-9nto95ll62ji', '2022-11-17'),
	('OR840903', 'CT200995', '2022-10-28', 8973847, 'mzv6ztan-4q0g-54zl-7wg7-c6ojcm0bt3n1', '2022-10-29'),
	('OR854213', 'CT205086', '2023-05-20', 6934320, 'mzu0jid6-zs8h-x842-ri9q-862rnn1iri0j', '2023-05-21'),
	('OR865667', 'CT084553', '2023-02-12', 5151158, 'mzqk6n0v-bwzh-da4c-1ugw-9bcjakdms6lp', '2023-02-13'),
	('OR867546', 'CT658935', '2023-03-11', 36072240, 'mu5v78sq-zigx-4gyx-10is-jlofig041akf', '2023-03-12'),
	('OR870147', 'CT590459', '2022-09-18', 10677099, 'msoh1izs-8hxv-8ob5-wjv6-lglscgnsuw5e', '2022-09-19'),
	('OR870326', 'CT365166', '2023-04-09', 20255853, 'mplfrqh3-0fg0-ocs8-itnm-q7ta8c5vk2xw', '2023-04-10'),
	('OR874075', 'CT716089', '2023-03-03', 2424826, 'mpe6c8vz-udb0-t539-hhkn-j3zs75jph85o', '2023-03-04'),
	('OR874888', 'CT444004', '2022-09-03', 8193358, 'mov3onag-keyc-sytk-t331-9ymjb00c1po1', '2022-09-04'),
	('OR877995', 'CT153648', '2023-03-08', 3429120, 'mjb5rn0t-dqs9-e3zv-v8ed-7hg7ojvwmnpq', '2023-03-09'),
	('OR880394', 'CT688603', '2023-01-14', 17806380, 'mgut19ig-65ng-gci6-067q-30n2dk0heor9', '2023-01-15'),
	('OR896115', 'CT487961', '2022-11-14', 17667573, 'mf1wfhco-k1tn-89om-9eu0-on1dap0y0ftz', '2022-11-15'),
	('OR896893', 'CT716089', '2023-02-13', 14533277, 'mesojdg1-a20z-c4n2-gvyi-d5dv0han5wnu', '2023-02-14'),
	('OR901401', 'CT484892', '2022-05-28', 2014874, 'mbpxmo8k-b6au-lk3k-6vdj-kosyu6j8qn0c', '2022-05-29'),
	('OR903023', 'CT590459', '2022-08-23', 3975548, 'm7xd6i6l-9n1e-wuyu-1fdn-jbt4licon5un', '2022-08-24'),
	('OR907492', 'CT602067', '2022-09-26', 8793124, 'm3yevuu4-rkf1-ciws-xgj3-fk8ng0w92pob', '2022-09-27'),
	('OR912532', 'CT630093', '2023-01-28', 2157160, 'm38txwj1-kzts-mew1-kqyv-woucb4c6uvcd', '2023-01-29'),
	('OR923123', 'CT960439', '2022-10-26', 3316704, 'm28v5tml-5pfo-l8mk-agbg-1fg4eb85a0br', '2022-10-27'),
	('OR926845', 'CT307718', '2022-09-19', 18325110, 'm239pdh5-mp57-6eeo-hmoh-0sti9fzjp760', '2022-09-20'),
	('OR933037', 'CT652747', '2022-10-06', 4677260, 'm0769z10-u02w-w8cn-mug5-fx3ivw3jcyhk', '2022-10-07'),
	('OR936492', 'CT133675', '2022-10-09', 14408226, 'lutn4vwr-au5e-oacl-0nxi-w1ll4nssn2vu', '2022-10-10'),
	('OR949912', 'CT153309', '2022-08-10', 4533188, 'lurlrhlv-v6k5-tnbi-zbir-iizopy5y66fs', '2022-08-11'),
	('OR952015', 'CT338133', '2022-09-04', 5315198, 'ls9ak5or-gbka-vp3g-kh4k-owvo9mu6ppni', '2022-09-05'),
	('OR959589', 'CT813581', '2022-06-01', 14090937, 'lqm07mi5-vl21-dmcl-74cb-3ucjz16txeb8', '2022-06-02'),
	('OR962607', 'CT395048', '2023-02-10', 12882264, 'loolnfgr-jsy2-y2ns-ckty-3mpnapx8rjh6', '2023-02-11'),
	('OR962617', 'CT871838', '2022-10-19', 5653266, 'll44prcr-cym4-p6ek-140o-18bazh9l242x', '2022-10-20'),
	('OR963727', 'CT505704', '2022-07-11', 15845564, 'lk5xug30-noyw-b8bw-dqbu-pakt0ep5autl', '2022-07-12'),
	('OR964331', 'CT869535', '2022-09-21', 11445196, 'letfvtbk-e2gk-zd3n-6pkj-hmmnhhct30ca', '2022-09-22'),
	('OR965828', 'CT437060', '2022-09-24', 6118255, 'ladc9f1g-lkw0-32is-mxsp-m2w7xdt7eyzn', '2022-09-25'),
	('OR970764', 'CT124325', '2022-12-02', 20434521, 'l9s382oc-c4cn-czmj-8gbs-enhtjrwotyl0', '2022-12-03'),
	('OR977243', 'CT776323', '2022-11-13', 23414856, 'l8hydtcx-ci30-mlv0-1v64-ogqkv624jchv', '2022-11-14'),
	('OR979048', 'CT854110', '2022-06-10', 9402166, 'l2yqrsnx-mcq0-84j1-h83k-fw9qacragdi6', '2022-06-11'),
	('OR981380', 'CT057935', '2022-12-07', 6527624, 'l0yvzznz-o2eu-p0va-new1-qrw3k7y5ag6m', '2022-12-08'),
	('OR989577', 'CT444004', '2022-11-13', 16737618, 'l01261xi-2tdb-tfws-wpb8-ki1r1fgj66q2', '2022-11-14'),
	('OR991948', 'CT652747', '2022-07-20', 13694472, 'kube9myi-xxoy-q96z-mvn1-ls4m2caboliz', '2022-07-21'),
	('OR993305', 'CT365166', '2022-09-28', 6590528, 'ksn2zqim-nhfl-to4x-frsk-7ar2v65cpkn8', '2022-09-29'),
	('OR994432', 'CT217412', '2022-08-09', 15344884, 'krh2r0qu-f2gz-8e4h-muoy-wxayicojc0b2', '2022-08-10'),
	('OR996621', 'CT755571', '2023-01-10', 7494450, 'klvzdid8-s8ze-8yy0-gjc3-5reycp249mx8', '2023-01-11'),
	('OR999917', 'CT871838', '2023-02-26', 23874462, 'klm427n7-x1lh-m5tc-0js3-ygzxlkjaj1a2', '2023-02-27');

-- Dumping structure for table dbecommerce.order_details
DROP TABLE IF EXISTS `order_details`;
CREATE TABLE IF NOT EXISTS `order_details` (
  `order_number` varchar(10) NOT NULL,
  `product_id` varchar(10) NOT NULL,
  `quantity` tinyint NOT NULL,
  `total_price` int DEFAULT NULL,
  PRIMARY KEY (`order_number`,`product_id`),
  KEY `FK_order_details_dbsellerzalya.product_fashion` (`product_id`)
) ENGINE=InnoDB DEFAULT CHARSET=utf8mb4 COLLATE=utf8mb4_0900_ai_ci;

-- Dumping data for table dbecommerce.order_details: ~500 rows (approximately)
DELETE FROM `order_details`;
INSERT INTO `order_details` (`order_number`, `product_id`, `quantity`, `total_price`) VALUES
	('OR008032', 'C5403684', 3, 2815479),
	('OR008032', 'F3074413', 2, 753548),
	('OR014945', 'C9503884', 1, 549988),
	('OR014945', 'F6612840', 2, 931014),
	('OR014945', 'P1409132', 1, 381627),
	('OR016846', 'C7190080', 3, 2185068),
	('OR016846', 'F2156098', 5, 2331885),
	('OR016846', 'P5431227', 1, 157941),
	('OR023439', 'C6713384', 2, 1896358),
	('OR023439', 'F4612655', 2, 907484),
	('OR023439', 'P4153377', 4, 997964),
	('OR028572', 'C9232974', 5, 2472955),
	('OR028572', 'F9519340', 3, 2731284),
	('OR028572', 'P3679279', 1, 186115),
	('OR046745', 'C1929374', 3, 2428833),
	('OR046745', 'F3388932', 2, 1509632),
	('OR049601', 'C9133220', 2, 687056),
	('OR049601', 'F3115617', 4, 3356692),
	('OR049601', 'P0467798', 2, 1263794),
	('OR050456', 'C2286737', 2, 109242),
	('OR050456', 'F0343271', 1, 690320),
	('OR058013', 'C6239499', 3, 2798805),
	('OR058013', 'F4535223', 2, 208646),
	('OR058013', 'P7025041', 2, 1166052),
	('OR061638', 'C7069298', 3, 2130615),
	('OR061638', 'F8199936', 3, 2205015),
	('OR074955', 'C7440803', 1, 708696),
	('OR074955', 'F4827313', 1, 280919),
	('OR077887', 'C5765456', 1, 635294),
	('OR077887', 'F7451970', 5, 4132115),
	('OR083225', 'C1059791', 3, 1607973),
	('OR083225', 'F0664000', 5, 572370),
	('OR083225', 'P9595005', 4, 3837188),
	('OR096235', 'C7645316', 5, 4650350),
	('OR096235', 'F7098593', 2, 819296),
	('OR096235', 'P3036521', 4, 2609316),
	('OR115575', 'C7603137', 4, 2088796),
	('OR115575', 'F3842409', 2, 1972022),
	('OR115575', 'P6872047', 5, 850450),
	('OR124844', 'C5151886', 4, 3857776),
	('OR124844', 'F4939547', 5, 2793795),
	('OR127047', 'C1147499', 4, 1323400),
	('OR127047', 'F6165387', 3, 1498602),
	('OR132953', 'C0194627', 4, 3567316),
	('OR132953', 'F7003570', 5, 3628175),
	('OR133210', 'C7898395', 2, 1479240),
	('OR133210', 'F1440753', 2, 1158690),
	('OR133210', 'P4172368', 4, 1725412),
	('OR137529', 'C4400880', 2, 640332),
	('OR137529', 'F6619206', 5, 1215295),
	('OR138403', 'C5575519', 3, 2401743),
	('OR138403', 'F7221836', 3, 959148),
	('OR138403', 'P0417548', 4, 1807604),
	('OR156832', 'C9123993', 1, 348554),
	('OR156832', 'F4663301', 3, 2420043),
	('OR156832', 'P2690689', 3, 2738082),
	('OR161777', 'C3127414', 5, 3548455),
	('OR161777', 'F1678275', 1, 863783),
	('OR161777', 'P8002159', 1, 424234),
	('OR163921', 'C6524320', 2, 220684),
	('OR163921', 'F7849452', 2, 303160),
	('OR163921', 'P5973685', 1, 69162),
	('OR168862', 'C9455819', 5, 3799145),
	('OR168862', 'F4713449', 3, 2292831),
	('OR172674', 'C1724963', 3, 2106456),
	('OR172674', 'F0063865', 2, 1996520),
	('OR182851', 'C5237960', 3, 1899558),
	('OR182851', 'F7890291', 4, 1224272),
	('OR182851', 'P6346949', 1, 846440),
	('OR186975', 'C7475945', 4, 593224),
	('OR186975', 'F5098210', 4, 1983596),
	('OR189444', 'C6687949', 2, 142708),
	('OR189444', 'F3482819', 5, 2640090),
	('OR194554', 'C9162549', 4, 2625944),
	('OR194554', 'F2617733', 2, 774572),
	('OR194554', 'P5294742', 4, 2579108),
	('OR197358', 'C3112772', 4, 3688512),
	('OR197358', 'F6539529', 4, 2888124),
	('OR197358', 'P8334557', 4, 785172),
	('OR197828', 'C2361926', 1, 915845),
	('OR197828', 'F9768961', 5, 2996225),
	('OR198529', 'C0434406', 5, 1567580),
	('OR198529', 'F6877089', 1, 756413),
	('OR211246', 'C2961741', 4, 3225996),
	('OR211246', 'F4470268', 5, 3786825),
	('OR220875', 'C6524320', 4, 441368),
	('OR220875', 'F7849452', 3, 454740),
	('OR226616', 'C3115074', 1, 75487),
	('OR226616', 'F3534332', 1, 691226),
	('OR226616', 'P2817115', 3, 2384262),
	('OR229077', 'C2461150', 1, 723662),
	('OR229077', 'F7963924', 1, 796812),
	('OR233183', 'C7069298', 4, 2840820),
	('OR233183', 'F8199936', 1, 735005),
	('OR233183', 'P8154805', 1, 827508),
	('OR233731', 'C7197339', 1, 459599),
	('OR233731', 'F1213182', 5, 1246655),
	('OR237580', 'C2806395', 5, 1440585),
	('OR237580', 'F8252341', 5, 699820),
	('OR237580', 'P1076040', 2, 1741384),
	('OR239488', 'C8864080', 5, 3990410),
	('OR239488', 'F4935081', 3, 535728),
	('OR239488', 'P3039948', 5, 3615030),
	('OR241762', 'C9340847', 5, 1947135),
	('OR241762', 'F0965627', 5, 1529880),
	('OR248868', 'C7645316', 4, 3720280),
	('OR248868', 'F7098593', 1, 409648),
	('OR256346', 'C2638392', 3, 804384),
	('OR256346', 'F3719957', 2, 442692),
	('OR265433', 'C3115074', 5, 377435),
	('OR265433', 'F3534332', 3, 2073678),
	('OR272570', 'C5403684', 5, 4692465),
	('OR272570', 'F3074413', 1, 376774),
	('OR272570', 'P1889005', 4, 2031120),
	('OR290221', 'C9348699', 1, 229747),
	('OR290221', 'F4122143', 4, 3816656),
	('OR290221', 'P8411958', 4, 2559848),
	('OR293355', 'C9416571', 5, 1610090),
	('OR293355', 'F2252156', 1, 238434),
	('OR296922', 'C7113931', 4, 3058824),
	('OR296922', 'F0056250', 1, 478457),
	('OR306040', 'C1410106', 1, 458786),
	('OR306040', 'F3902306', 2, 1281532),
	('OR307375', 'C4385093', 2, 198410),
	('OR307375', 'F6081062', 5, 3395195),
	('OR307375', 'P7536663', 4, 1213100),
	('OR310145', 'C8174704', 5, 3426500),
	('OR310145', 'F7811527', 2, 966856),
	('OR310145', 'P9195414', 5, 2943905),
	('OR311796', 'C9782508', 3, 730674),
	('OR311796', 'F7230204', 4, 3668976),
	('OR311796', 'P8140033', 1, 279728),
	('OR317201', 'C9353155', 4, 2045596),
	('OR317201', 'F0470949', 1, 316676),
	('OR329745', 'C1418683', 3, 1474419),
	('OR329745', 'F9601220', 4, 2934320),
	('OR346204', 'C0546744', 4, 2844848),
	('OR346204', 'F4862423', 5, 916160),
	('OR346204', 'P6695236', 5, 3118165),
	('OR346258', 'C1974326', 4, 2223512),
	('OR346258', 'F0285512', 5, 3940980),
	('OR347751', 'C2638392', 4, 1072512),
	('OR347751', 'F3719957', 4, 885384),
	('OR347751', 'P0476658', 4, 926812),
	('OR359184', 'C7394924', 3, 195414),
	('OR359184', 'F1757705', 2, 1732146),
	('OR362206', 'C5888863', 1, 946669),
	('OR362206', 'F6372360', 1, 555994),
	('OR373543', 'C1305061', 5, 626635),
	('OR373543', 'F7532489', 2, 1421776),
	('OR373543', 'P2930660', 1, 750211),
	('OR375749', 'C7194679', 5, 1327810),
	('OR375749', 'F9821817', 3, 1756971),
	('OR375749', 'P0170627', 5, 597070),
	('OR376731', 'C1417097', 3, 2498613),
	('OR376731', 'F7370848', 4, 2963268),
	('OR379618', 'C6909746', 1, 214304),
	('OR379618', 'F9258545', 5, 2392590),
	('OR379618', 'P6333195', 5, 2959070),
	('OR380551', 'C2455415', 5, 505480),
	('OR380551', 'F3243929', 5, 1240200),
	('OR380551', 'P3629995', 5, 3121920),
	('OR383060', 'C9348699', 1, 229747),
	('OR383060', 'F4122143', 4, 3816656),
	('OR383251', 'C8826431', 1, 819125),
	('OR383251', 'F1939816', 3, 1393971),
	('OR383251', 'P3389475', 3, 2686236),
	('OR392080', 'C6687949', 5, 356770),
	('OR392080', 'F3482819', 3, 1584054),
	('OR392080', 'P1359687', 2, 663284),
	('OR392997', 'C3537063', 3, 1912923),
	('OR392997', 'F7887645', 3, 754734),
	('OR393671', 'C2774051', 1, 694433),
	('OR393671', 'F3943190', 3, 1326468),
	('OR393671', 'P3543465', 5, 4912195),
	('OR393877', 'C8826431', 1, 819125),
	('OR393877', 'F1939816', 3, 1393971),
	('OR395436', 'C6713384', 4, 3792716),
	('OR395436', 'F4612655', 1, 453742),
	('OR395541', 'C5811158', 3, 1969854),
	('OR395541', 'F1515677', 1, 447331),
	('OR395541', 'P4204362', 4, 1095512),
	('OR406119', 'C1418683', 3, 1474419),
	('OR406119', 'F9601220', 1, 733580),
	('OR406119', 'P7212392', 5, 914895),
	('OR410657', 'C7022314', 4, 3664040),
	('OR410657', 'F3536760', 1, 655160),
	('OR410657', 'P4812246', 1, 378326),
	('OR415828', 'C3874683', 4, 2675448),
	('OR415828', 'F4527533', 5, 1798730),
	('OR436505', 'C6613812', 2, 581896),
	('OR436505', 'F7535636', 5, 2533935),
	('OR436505', 'P0246825', 4, 3749716),
	('OR451329', 'C7603137', 3, 1566597),
	('OR451329', 'F3842409', 3, 2958033),
	('OR452975', 'C6959259', 1, 688078),
	('OR452975', 'F3263912', 2, 1064844),
	('OR453293', 'C8079903', 2, 680522),
	('OR453293', 'F0561466', 5, 3015200),
	('OR454342', 'C9123993', 5, 1742770),
	('OR454342', 'F4663301', 2, 1613362),
	('OR462202', 'C7022314', 1, 916010),
	('OR462202', 'F3536760', 2, 1310320),
	('OR464032', 'C9416571', 4, 1288072),
	('OR464032', 'F2252156', 3, 715302),
	('OR464032', 'P4948947', 2, 1539878),
	('OR464321', 'C4794436', 2, 485460),
	('OR464321', 'F8999931', 2, 1830172),
	('OR465825', 'C9186907', 4, 2396576),
	('OR465825', 'F9864189', 4, 815964),
	('OR465825', 'P5665939', 3, 2418288),
	('OR468149', 'C8787709', 2, 1670766),
	('OR468149', 'F0643925', 3, 1693980),
	('OR468149', 'P2395911', 1, 460809),
	('OR475203', 'C1358259', 2, 404840),
	('OR475203', 'F8362697', 3, 2037339),
	('OR475203', 'P0683356', 2, 311628),
	('OR479116', 'C3945961', 5, 731265),
	('OR479116', 'F5169515', 1, 254315),
	('OR479116', 'P9393370', 2, 608388),
	('OR484601', 'C0194627', 2, 1783658),
	('OR484601', 'F7003570', 2, 1451270),
	('OR484601', 'P9769163', 3, 1182147),
	('OR490580', 'C1417097', 3, 2498613),
	('OR490580', 'F7370848', 2, 1481634),
	('OR490580', 'P2092745', 1, 305525),
	('OR498621', 'C4400880', 3, 960498),
	('OR498621', 'F6619206', 4, 972236),
	('OR498621', 'P3114207', 5, 2755595),
	('OR499531', 'C9503884', 5, 2749940),
	('OR499531', 'F6612840', 3, 1396521),
	('OR499578', 'C3127414', 4, 2838764),
	('OR499578', 'F1678275', 1, 863783),
	('OR504354', 'C3025801', 3, 1525203),
	('OR504354', 'F9061754', 5, 4866070),
	('OR504354', 'P7447600', 5, 2535825),
	('OR506273', 'C9802251', 3, 1175169),
	('OR506273', 'F9546153', 5, 3569830),
	('OR506273', 'P9298527', 4, 2012588),
	('OR506341', 'C4794436', 2, 485460),
	('OR506341', 'F8999931', 2, 1830172),
	('OR506341', 'P3439668', 5, 2456955),
	('OR506863', 'C9095620', 3, 1226586),
	('OR506863', 'F4422058', 1, 838882),
	('OR513296', 'C7013783', 2, 1331048),
	('OR513296', 'F2404604', 1, 193766),
	('OR513296', 'P1909233', 3, 1530702),
	('OR515356', 'C1724963', 5, 3510760),
	('OR515356', 'F0063865', 2, 1996520),
	('OR515356', 'P0437921', 1, 965208),
	('OR523191', 'C1929374', 2, 1619222),
	('OR523191', 'F3388932', 1, 754816),
	('OR523191', 'P5792344', 4, 508816),
	('OR524864', 'C1305061', 1, 125327),
	('OR524864', 'F7532489', 2, 1421776),
	('OR526467', 'C9597072', 4, 2092336),
	('OR526467', 'F7850938', 4, 586040),
	('OR531851', 'C2961741', 4, 3225996),
	('OR531851', 'F4470268', 4, 3029460),
	('OR531851', 'P1832748', 4, 2413924),
	('OR548374', 'C7898395', 4, 2958480),
	('OR548374', 'F1440753', 5, 2896725),
	('OR550139', 'C9162549', 3, 1969458),
	('OR550139', 'F2617733', 2, 774572),
	('OR554218', 'C3091750', 1, 262505),
	('OR554218', 'F9145351', 4, 3658456),
	('OR554503', 'C9379571', 2, 400546),
	('OR554503', 'F1380229', 3, 2048277),
	('OR563106', 'C5237960', 5, 3165930),
	('OR563106', 'F7890291', 2, 612136),
	('OR563430', 'C2461150', 2, 1447324),
	('OR563430', 'F7963924', 5, 3984060),
	('OR563430', 'P5801211', 1, 648904),
	('OR569179', 'C7194679', 3, 796686),
	('OR569179', 'F9821817', 3, 1756971),
	('OR572037', 'C7310671', 1, 975613),
	('OR572037', 'F8124688', 4, 3214756),
	('OR574586', 'C0713608', 3, 1530672),
	('OR574586', 'F0027981', 1, 927404),
	('OR577839', 'C4309847', 5, 1616680),
	('OR577839', 'F7964464', 4, 3069756),
	('OR578927', 'C5361543', 4, 777172),
	('OR578927', 'F9666558', 1, 831873),
	('OR578927', 'P3077923', 2, 1198864),
	('OR587495', 'C9379571', 3, 600819),
	('OR587495', 'F1380229', 4, 2731036),
	('OR587495', 'P8388528', 4, 2001532),
	('OR590630', 'C6544115', 3, 340485),
	('OR590630', 'F0608658', 2, 619520),
	('OR593381', 'C9450793', 2, 1909744),
	('OR593381', 'F3623994', 1, 436619),
	('OR593381', 'P8156206', 4, 1006336),
	('OR594108', 'C5683504', 3, 2028060),
	('OR594108', 'F6945608', 3, 1530810),
	('OR594108', 'P3737276', 2, 1047472),
	('OR594551', 'C5685190', 4, 427352),
	('OR594551', 'F4682635', 4, 3021108),
	('OR594551', 'P9855297', 3, 1427703),
	('OR612359', 'C1974326', 2, 1111756),
	('OR612359', 'F0285512', 3, 2364588),
	('OR612359', 'P9741485', 3, 2317791),
	('OR622343', 'C6909746', 4, 857216),
	('OR622343', 'F9258545', 4, 1914072),
	('OR622789', 'C9802251', 1, 391723),
	('OR622789', 'F9546153', 1, 713966),
	('OR623797', 'C6613812', 3, 872844),
	('OR623797', 'F7535636', 3, 1520361),
	('OR627188', 'C3874683', 1, 668862),
	('OR627188', 'F4527533', 3, 1079238),
	('OR627188', 'P2648475', 5, 2457995),
	('OR633284', 'C2455415', 4, 404384),
	('OR633284', 'F3243929', 5, 1240200),
	('OR637257', 'C2361926', 2, 1831690),
	('OR637257', 'F9768961', 5, 2996225),
	('OR637257', 'P5150613', 2, 106002),
	('OR639850', 'C7898319', 4, 3926852),
	('OR639850', 'F5828744', 4, 1903344),
	('OR640243', 'C5888863', 1, 946669),
	('OR640243', 'F6372360', 1, 555994),
	('OR640243', 'P9132381', 5, 4798790),
	('OR649785', 'C7440803', 3, 2126088),
	('OR649785', 'F4827313', 2, 561838),
	('OR649785', 'P9107760', 4, 1870196),
	('OR653457', 'C6959259', 5, 3440390),
	('OR653457', 'F3263912', 1, 532422),
	('OR653457', 'P6574178', 3, 1576074),
	('OR657319', 'C5685190', 3, 320514),
	('OR657319', 'F4682635', 5, 3776385),
	('OR667351', 'C7190080', 4, 2913424),
	('OR667351', 'F2156098', 2, 932754),
	('OR669740', 'C4385093', 4, 396820),
	('OR669740', 'F6081062', 1, 679039),
	('OR672537', 'C2774051', 2, 1388866),
	('OR672537', 'F3943190', 4, 1768624),
	('OR673787', 'C3091750', 3, 787515),
	('OR673787', 'F9145351', 5, 4573070),
	('OR673787', 'P2555601', 4, 3766316),
	('OR675569', 'C5151886', 4, 3857776),
	('OR675569', 'F4939547', 2, 1117518),
	('OR675569', 'P9209826', 3, 1417653),
	('OR676164', 'C8058755', 1, 434629),
	('OR676164', 'F8169626', 1, 188118),
	('OR694356', 'C4309847', 3, 970008),
	('OR694356', 'F7964464', 2, 1534878),
	('OR694356', 'P7211910', 4, 3083584),
	('OR699625', 'C9232974', 1, 494591),
	('OR699625', 'F9519340', 2, 1820856),
	('OR703195', 'C7475945', 1, 148306),
	('OR703195', 'F5098210', 4, 1983596),
	('OR703195', 'P2222038', 4, 305244),
	('OR714494', 'C7310671', 3, 2926839),
	('OR714494', 'F8124688', 2, 1607378),
	('OR714494', 'P4943954', 2, 1007302),
	('OR720762', 'C9782508', 5, 1217790),
	('OR720762', 'F7230204', 3, 2751732),
	('OR733661', 'C7898319', 1, 981713),
	('OR733661', 'F5828744', 3, 1427508),
	('OR733661', 'P6284344', 1, 732138),
	('OR734456', 'C3537063', 5, 3188205),
	('OR734456', 'F7887645', 3, 754734),
	('OR734456', 'P5966251', 3, 1132275),
	('OR749461', 'C7131637', 2, 464698),
	('OR749461', 'F7393199', 4, 934000),
	('OR757525', 'C9362290', 4, 3469808),
	('OR757525', 'F7275050', 2, 1406048),
	('OR761481', 'C0434930', 4, 1357616),
	('OR761481', 'F7986007', 5, 4981550),
	('OR768835', 'C6239499', 1, 932935),
	('OR768835', 'F4535223', 1, 104323),
	('OR769156', 'C7131637', 4, 929396),
	('OR769156', 'F7393199', 3, 700500),
	('OR769156', 'P7260596', 5, 2784930),
	('OR774053', 'C1147499', 4, 1323400),
	('OR774053', 'F6165387', 4, 1998136),
	('OR774053', 'P1289415', 3, 689271),
	('OR778442', 'C7113931', 2, 1529412),
	('OR778442', 'F0056250', 2, 956914),
	('OR778442', 'P9527744', 5, 3390760),
	('OR781784', 'C9133220', 5, 1717640),
	('OR781784', 'F3115617', 1, 839173),
	('OR788811', 'C7197339', 1, 459599),
	('OR788811', 'F1213182', 2, 498662),
	('OR788811', 'P6282945', 4, 2091820),
	('OR790572', 'C2286737', 5, 273105),
	('OR790572', 'F0343271', 3, 2070960),
	('OR790572', 'P7312159', 2, 1682886),
	('OR792837', 'C5361543', 5, 971465),
	('OR792837', 'F9666558', 1, 831873),
	('OR793836', 'C8058755', 2, 869258),
	('OR793836', 'F8169626', 1, 188118),
	('OR793836', 'P7712342', 1, 463077),
	('OR796145', 'C9186907', 3, 1797432),
	('OR796145', 'F9864189', 2, 407982),
	('OR798292', 'C0027291', 2, 1703730),
	('OR798292', 'F8563635', 3, 992295),
	('OR798292', 'P4188953', 1, 548416),
	('OR803640', 'C3112772', 5, 4610640),
	('OR803640', 'F6539529', 4, 2888124),
	('OR805538', 'C0713608', 1, 510224),
	('OR805538', 'F0027981', 3, 2782212),
	('OR805538', 'P0996712', 2, 114094),
	('OR833917', 'C8174704', 4, 2741200),
	('OR833917', 'F7811527', 1, 483428),
	('OR838902', 'C8787709', 5, 4176915),
	('OR838902', 'F0643925', 3, 1693980),
	('OR840903', 'C7394924', 5, 325690),
	('OR840903', 'F1757705', 2, 1732146),
	('OR840903', 'P6720006', 1, 844113),
	('OR854213', 'C7013783', 4, 2662096),
	('OR854213', 'F2404604', 4, 775064),
	('OR865667', 'C3025801', 1, 508401),
	('OR865667', 'F9061754', 2, 1946428),
	('OR867546', 'C9455819', 5, 3799145),
	('OR867546', 'F4713449', 5, 3821385),
	('OR867546', 'P7456710', 5, 4350550),
	('OR870147', 'C9348778', 1, 283060),
	('OR870147', 'F8117547', 5, 2045085),
	('OR870147', 'P6163461', 2, 1115888),
	('OR870326', 'C9178263', 5, 2964310),
	('OR870326', 'F8407147', 2, 897566),
	('OR870326', 'P0568794', 5, 2848075),
	('OR874075', 'C3001019', 1, 172879),
	('OR874075', 'F4341151', 3, 993534),
	('OR874888', 'C4300053', 5, 1261175),
	('OR874888', 'F1339400', 3, 2792004),
	('OR877995', 'C5683504', 1, 676020),
	('OR877995', 'F6945608', 2, 1020540),
	('OR880394', 'C9095620', 4, 1635448),
	('OR880394', 'F4422058', 4, 3355528),
	('OR880394', 'P0885075', 2, 818984),
	('OR896115', 'C9362290', 4, 3469808),
	('OR896115', 'F7275050', 2, 1406048),
	('OR896115', 'P9062377', 5, 900835),
	('OR896893', 'C3001019', 5, 864395),
	('OR896893', 'F4341151', 4, 1324712),
	('OR896893', 'P8460356', 4, 2635652),
	('OR901401', 'C2806395', 1, 288117),
	('OR901401', 'F8252341', 5, 699820),
	('OR903023', 'C9348778', 4, 1132240),
	('OR903023', 'F8117547', 2, 818034),
	('OR907492', 'C8864080', 5, 3990410),
	('OR907492', 'F4935081', 2, 357152),
	('OR912532', 'C3945961', 5, 731265),
	('OR912532', 'F5169515', 1, 254315),
	('OR923123', 'C1059791', 2, 1071982),
	('OR923123', 'F0664000', 5, 572370),
	('OR926845', 'C0434930', 1, 339404),
	('OR926845', 'F7986007', 4, 3985240),
	('OR926845', 'P0744039', 2, 1641726),
	('OR933037', 'C6596146', 5, 1055010),
	('OR933037', 'F7100984', 2, 1228870),
	('OR936492', 'C9597072', 3, 1569252),
	('OR936492', 'F7850938', 4, 586040),
	('OR936492', 'P2231441', 5, 2614950),
	('OR949912', 'C5575519', 2, 1601162),
	('OR949912', 'F7221836', 2, 639432),
	('OR952015', 'C1358259', 3, 607260),
	('OR952015', 'F8362697', 3, 2037339),
	('OR959589', 'C9353155', 5, 2556995),
	('OR959589', 'F0470949', 2, 633352),
	('OR959589', 'P7733327', 3, 1462632),
	('OR962607', 'C1410106', 4, 1835144),
	('OR962607', 'F3902306', 2, 1281532),
	('OR962607', 'P0650180', 4, 1095912),
	('OR962617', 'C8277473', 1, 845481),
	('OR962617', 'F8077074', 2, 1909902),
	('OR963727', 'C9340847', 4, 1557708),
	('OR963727', 'F0965627', 1, 305976),
	('OR963727', 'P1650225', 4, 3387504),
	('OR964331', 'C9450793', 5, 4774360),
	('OR964331', 'F3623994', 2, 873238),
	('OR965828', 'C6544115', 1, 113495),
	('OR965828', 'F0608658', 2, 619520),
	('OR965828', 'P2896108', 5, 1256070),
	('OR970764', 'C0434406', 5, 1567580),
	('OR970764', 'F6877089', 5, 3782065),
	('OR970764', 'P6404448', 2, 1319362),
	('OR977243', 'C5765456', 5, 3176470),
	('OR977243', 'F7451970', 4, 3305692),
	('OR977243', 'P4163759', 5, 1256790),
	('OR979048', 'C5811158', 5, 3283090),
	('OR979048', 'F1515677', 3, 1341993),
	('OR981380', 'C0546744', 4, 2844848),
	('OR981380', 'F4862423', 2, 366464),
	('OR989577', 'C4300053', 3, 756705),
	('OR989577', 'F1339400', 2, 1861336),
	('OR989577', 'P9618673', 5, 2891165),
	('OR991948', 'C6596146', 2, 422004),
	('OR991948', 'F7100984', 4, 2457740),
	('OR991948', 'P3476703', 3, 1613580),
	('OR993305', 'C9178263', 4, 2371448),
	('OR993305', 'F8407147', 2, 897566),
	('OR994432', 'C8079903', 5, 1701305),
	('OR994432', 'F0561466', 5, 3015200),
	('OR994432', 'P1047737', 1, 340123),
	('OR996621', 'C0027291', 4, 3407460),
	('OR996621', 'F8563635', 1, 330765),
	('OR999917', 'C8277473', 2, 1690962),
	('OR999917', 'F8077074', 2, 1909902),
	('OR999917', 'P0733559', 5, 4264790);

-- Dumping structure for table dbecommerce.order_per_seller
DROP TABLE IF EXISTS `order_per_seller`;
CREATE TABLE IF NOT EXISTS `order_per_seller` (
  `order_number` varchar(10) NOT NULL,
  `cust_id` varchar(10) NOT NULL,
  `seller_id` varchar(10) NOT NULL,
  `shipping_id` varchar(10) NOT NULL,
  `payment_amount` varchar(10) NOT NULL,
  PRIMARY KEY (`order_number`,`cust_id`,`seller_id`)
) ENGINE=InnoDB DEFAULT CHARSET=utf8mb4 COLLATE=utf8mb4_0900_ai_ci;

-- Dumping data for table dbecommerce.order_per_seller: ~500 rows (approximately)
DELETE FROM `order_per_seller`;
INSERT INTO `order_per_seller` (`order_number`, `cust_id`, `seller_id`, `shipping_id`, `payment_amount`) VALUES
	('OR008032', 'CT018895', 'SL062109', 'SH34538', '3617027\r'),
	('OR008032', 'CT018895', 'SL587994', 'SH48566', '3606527\r'),
	('OR014945', 'CT058064', 'SL062109', 'SH94842', '1933129\r'),
	('OR014945', 'CT058064', 'SL587994', 'SH15579', '1955629\r'),
	('OR014945', 'CT058064', 'SL764418', 'SH90841', '1894129\r'),
	('OR016846', 'CT948394', 'SL062109', 'SH25483', '4687894\r'),
	('OR016846', 'CT948394', 'SL587994', 'SH18928', '4687894\r'),
	('OR016846', 'CT948394', 'SL764418', 'SH20742', '4680894\r'),
	('OR023439', 'CT999828', 'SL062109', 'SH68311', '3891806\r'),
	('OR023439', 'CT999828', 'SL587994', 'SH43093', '3826806\r'),
	('OR023439', 'CT999828', 'SL764418', 'SH51364', '3826806\r'),
	('OR028572', 'CT146976', 'SL062109', 'SH91752', '5455354\r'),
	('OR028572', 'CT146976', 'SL587994', 'SH13673', '5487354\r'),
	('OR028572', 'CT146976', 'SL764418', 'SH14493', '5455354\r'),
	('OR046745', 'CT744478', 'SL062109', 'SH32017', '4024465\r'),
	('OR046745', 'CT744478', 'SL587994', 'SH20045', '4024465\r'),
	('OR049601', 'CT460639', 'SL062109', 'SH45224', '5436542\r'),
	('OR049601', 'CT460639', 'SL587994', 'SH52368', '5318042\r'),
	('OR049601', 'CT460639', 'SL764418', 'SH24819', '5436542\r'),
	('OR050456', 'CT207216', 'SL062109', 'SH93760', '819562\r'),
	('OR050456', 'CT207216', 'SL587994', 'SH79900', '819562\r'),
	('OR058013', 'CT106978', 'SL062109', 'SH40342', '4206503\r'),
	('OR058013', 'CT106978', 'SL587994', 'SH25729', '4267503\r'),
	('OR058013', 'CT106978', 'SL764418', 'SH14160', '4206503\r'),
	('OR061638', 'CT140834', 'SL062109', 'SH40977', '4370630\r'),
	('OR061638', 'CT140834', 'SL587994', 'SH22447', '4347630\r'),
	('OR074955', 'CT368224', 'SL062109', 'SH08343', '1051115\r'),
	('OR074955', 'CT368224', 'SL587994', 'SH71702', '1007615\r'),
	('OR077887', 'CT776323', 'SL062109', 'SH96968', '4845409\r'),
	('OR077887', 'CT776323', 'SL587994', 'SH03066', '4779409\r'),
	('OR083225', 'CT960439', 'SL062109', 'SH40148', '6091531\r'),
	('OR083225', 'CT960439', 'SL587994', 'SH45270', '6086531\r'),
	('OR083225', 'CT960439', 'SL764418', 'SH36182', '6086531\r'),
	('OR096235', 'CT874237', 'SL062109', 'SH47905', '8175962\r'),
	('OR096235', 'CT874237', 'SL587994', 'SH19652', '8160962\r'),
	('OR096235', 'CT874237', 'SL764418', 'SH28232', '8175962\r'),
	('OR115575', 'CT365819', 'SL062109', 'SH57250', '4933768\r'),
	('OR115575', 'CT365819', 'SL587994', 'SH59989', '4933768\r'),
	('OR115575', 'CT365819', 'SL764418', 'SH56809', '5052268\r'),
	('OR124844', 'CT338072', 'SL062109', 'SH50208', '6722071\r'),
	('OR124844', 'CT338072', 'SL587994', 'SH50472', '6722071\r'),
	('OR127047', 'CT335033', 'SL062109', 'SH80922', '2931502\r'),
	('OR127047', 'CT335033', 'SL587994', 'SH60101', '2931502\r'),
	('OR132953', 'CT653859', 'SL062109', 'SH39260', '7203491\r'),
	('OR132953', 'CT653859', 'SL587994', 'SH95483', '7203491\r'),
	('OR133210', 'CT091686', 'SL062109', 'SH66803', '4391342\r'),
	('OR133210', 'CT091686', 'SL587994', 'SH56999', '4391342\r'),
	('OR133210', 'CT091686', 'SL764418', 'SH77367', '4411342\r'),
	('OR137529', 'CT197967', 'SL062109', 'SH62067', '1917127\r'),
	('OR137529', 'CT197967', 'SL587994', 'SH52992', '1917127\r'),
	('OR138403', 'CT153309', 'SL062109', 'SH64146', '5239495\r'),
	('OR138403', 'CT153309', 'SL587994', 'SH43834', '5239495\r'),
	('OR138403', 'CT153309', 'SL764418', 'SH84391', '5212495\r'),
	('OR156832', 'CT979936', 'SL062109', 'SH05969', '5577679\r'),
	('OR156832', 'CT979936', 'SL587994', 'SH94185', '5557679\r'),
	('OR156832', 'CT979936', 'SL764418', 'SH74665', '5557679\r'),
	('OR161777', 'CT498493', 'SL062109', 'SH81210', '4914472\r'),
	('OR161777', 'CT498493', 'SL587994', 'SH32919', '4919472\r'),
	('OR161777', 'CT498493', 'SL764418', 'SH66128', '4936472\r'),
	('OR163921', 'CT176558', 'SL062109', 'SH34800', '614006\r'),
	('OR163921', 'CT176558', 'SL587994', 'SH93802', '608006\r'),
	('OR163921', 'CT176558', 'SL764418', 'SH00837', '631006\r'),
	('OR168862', 'CT658935', 'SL062109', 'SH84860', '6126976\r'),
	('OR168862', 'CT658935', 'SL587994', 'SH91567', '6153976\r'),
	('OR172674', 'CT786904', 'SL062109', 'SH28581', '4206476\r'),
	('OR172674', 'CT786904', 'SL587994', 'SH98354', '4206476\r'),
	('OR182851', 'CT276034', 'SL062109', 'SH03537', '4011270\r'),
	('OR182851', 'CT276034', 'SL587994', 'SH84899', '4024270\r'),
	('OR182851', 'CT276034', 'SL764418', 'SH48111', '4011270\r'),
	('OR186975', 'CT336162', 'SL062109', 'SH41821', '2720820\r'),
	('OR186975', 'CT336162', 'SL587994', 'SH32801', '2720820\r'),
	('OR189444', 'CT595257', 'SL062109', 'SH76842', '2877298\r'),
	('OR189444', 'CT595257', 'SL587994', 'SH66531', '2809798\r'),
	('OR194554', 'CT287501', 'SL062109', 'SH56901', '6079624\r'),
	('OR194554', 'CT287501', 'SL587994', 'SH18058', '6035624\r'),
	('OR194554', 'CT287501', 'SL764418', 'SH97058', '5998624\r'),
	('OR197358', 'CT413066', 'SL062109', 'SH66900', '7385808\r'),
	('OR197358', 'CT413066', 'SL587994', 'SH30808', '7450808\r'),
	('OR197358', 'CT413066', 'SL764418', 'SH90674', '7385808\r'),
	('OR197828', 'CT841001', 'SL062109', 'SH04405', '3969070\r'),
	('OR197828', 'CT841001', 'SL587994', 'SH09785', '4060570\r'),
	('OR198529', 'CT124325', 'SL062109', 'SH53542', '2379493\r'),
	('OR198529', 'CT124325', 'SL587994', 'SH67178', '2466493\r'),
	('OR211246', 'CT341751', 'SL062109', 'SH65088', '7107821\r'),
	('OR211246', 'CT341751', 'SL587994', 'SH56715', '7049821\r'),
	('OR220875', 'CT176558', 'SL062109', 'SH26040', '917108\r'),
	('OR220875', 'CT176558', 'SL587994', 'SH10324', '911108\r'),
	('OR226616', 'CT361836', 'SL062109', 'SH97779', '3203475\r'),
	('OR226616', 'CT361836', 'SL587994', 'SH73716', '3203475\r'),
	('OR226616', 'CT361836', 'SL764418', 'SH72642', '3186975\r'),
	('OR229077', 'CT044984', 'SL062109', 'SH98747', '1598474\r'),
	('OR229077', 'CT044984', 'SL587994', 'SH05001', '1535474\r'),
	('OR233183', 'CT140834', 'SL062109', 'SH42413', '4415333\r'),
	('OR233183', 'CT140834', 'SL587994', 'SH93306', '4438333\r'),
	('OR233183', 'CT140834', 'SL764418', 'SH82688', '4438333\r'),
	('OR233731', 'CT958846', 'SL062109', 'SH84560', '1851754\r'),
	('OR233731', 'CT958846', 'SL587994', 'SH15780', '1817254\r'),
	('OR237580', 'CT484892', 'SL062109', 'SH30172', '3962789\r'),
	('OR237580', 'CT484892', 'SL587994', 'SH07771', '3944789\r'),
	('OR237580', 'CT484892', 'SL764418', 'SH87196', '3962789\r'),
	('OR239488', 'CT602067', 'SL062109', 'SH32095', '8216168\r'),
	('OR239488', 'CT602067', 'SL587994', 'SH41940', '8165168\r'),
	('OR239488', 'CT602067', 'SL764418', 'SH86854', '8216168\r'),
	('OR241762', 'CT505704', 'SL062109', 'SH45737', '3508015\r'),
	('OR241762', 'CT505704', 'SL587994', 'SH22032', '3508015\r'),
	('OR248868', 'CT874237', 'SL062109', 'SH27344', '4226928\r'),
	('OR248868', 'CT874237', 'SL587994', 'SH60620', '4226928\r'),
	('OR256346', 'CT417103', 'SL062109', 'SH41435', '1312076\r'),
	('OR256346', 'CT417103', 'SL587994', 'SH65742', '1312076\r'),
	('OR265433', 'CT361836', 'SL062109', 'SH37450', '2503613\r'),
	('OR265433', 'CT361836', 'SL587994', 'SH66203', '2500613\r'),
	('OR272570', 'CT018895', 'SL062109', 'SH55139', '7137859\r'),
	('OR272570', 'CT018895', 'SL587994', 'SH54624', '7223359\r'),
	('OR272570', 'CT018895', 'SL764418', 'SH27686', '7223359\r'),
	('OR290221', 'CT216589', 'SL062109', 'SH20344', '6669251\r'),
	('OR290221', 'CT216589', 'SL587994', 'SH68899', '6700751\r'),
	('OR290221', 'CT216589', 'SL764418', 'SH48940', '6669251\r'),
	('OR293355', 'CT692261', 'SL062109', 'SH88219', '1917524\r'),
	('OR293355', 'CT692261', 'SL587994', 'SH16803', '1917524\r'),
	('OR296922', 'CT815958', 'SL062109', 'SH02791', '3601281\r'),
	('OR296922', 'CT815958', 'SL587994', 'SH88846', '3601281\r'),
	('OR306040', 'CT395048', 'SL062109', 'SH15017', '1867818\r'),
	('OR306040', 'CT395048', 'SL587994', 'SH74111', '1780818\r'),
	('OR307375', 'CT883825', 'SL062109', 'SH23331', '4929705\r'),
	('OR307375', 'CT883825', 'SL587994', 'SH92938', '4890705\r'),
	('OR307375', 'CT883825', 'SL764418', 'SH38430', '4929705\r'),
	('OR310145', 'CT999001', 'SL062109', 'SH90621', '7354261\r'),
	('OR310145', 'CT999001', 'SL587994', 'SH27001', '7437261\r'),
	('OR310145', 'CT999001', 'SL764418', 'SH50373', '7415261\r'),
	('OR311796', 'CT017401', 'SL062109', 'SH42011', '4734878\r'),
	('OR311796', 'CT017401', 'SL587994', 'SH55917', '4734878\r'),
	('OR311796', 'CT017401', 'SL764418', 'SH53542', '4734878\r'),
	('OR317201', 'CT813581', 'SL062109', 'SH10035', '2444772\r'),
	('OR317201', 'CT813581', 'SL587994', 'SH49208', '2440272\r'),
	('OR329745', 'CT408374', 'SL062109', 'SH97817', '4471739\r'),
	('OR329745', 'CT408374', 'SL587994', 'SH51902', '4500739\r'),
	('OR346204', 'CT057935', 'SL062109', 'SH58299', '6918173\r'),
	('OR346204', 'CT057935', 'SL587994', 'SH79329', '6956173\r'),
	('OR346204', 'CT057935', 'SL764418', 'SH11353', '6918173\r'),
	('OR346258', 'CT727229', 'SL062109', 'SH05403', '6211492\r'),
	('OR346258', 'CT727229', 'SL587994', 'SH78372', '6211492\r'),
	('OR347751', 'CT417103', 'SL062109', 'SH69433', '2979708\r'),
	('OR347751', 'CT417103', 'SL587994', 'SH43645', '2923708\r'),
	('OR347751', 'CT417103', 'SL764418', 'SH46154', '2979708\r'),
	('OR359184', 'CT200995', 'SL062109', 'SH73499', '1980560\r'),
	('OR359184', 'CT200995', 'SL587994', 'SH60862', '1980560\r'),
	('OR362206', 'CT482887', 'SL062109', 'SH70691', '1602663\r'),
	('OR362206', 'CT482887', 'SL587994', 'SH41179', '1528663\r'),
	('OR373543', 'CT513358', 'SL062109', 'SH93848', '2803622\r'),
	('OR373543', 'CT513358', 'SL587994', 'SH75193', '2872622\r'),
	('OR373543', 'CT513358', 'SL764418', 'SH16983', '2872622\r'),
	('OR375749', 'CT057905', 'SL062109', 'SH06156', '3819851\r'),
	('OR375749', 'CT057905', 'SL587994', 'SH68299', '3819851\r'),
	('OR375749', 'CT057905', 'SL764418', 'SH87635', '3764351\r'),
	('OR376731', 'CT219723', 'SL062109', 'SH18609', '5602881\r'),
	('OR376731', 'CT219723', 'SL587994', 'SH93476', '5602881\r'),
	('OR379618', 'CT241320', 'SL062109', 'SH00688', '5661964\r'),
	('OR379618', 'CT241320', 'SL587994', 'SH47434', '5652964\r'),
	('OR379618', 'CT241320', 'SL764418', 'SH34464', '5652964\r'),
	('OR380551', 'CT321738', 'SL062109', 'SH40229', '4963600\r'),
	('OR380551', 'CT321738', 'SL587994', 'SH54884', '4959600\r'),
	('OR380551', 'CT321738', 'SL764418', 'SH47305', '4965600\r'),
	('OR383060', 'CT216589', 'SL062109', 'SH16356', '4092903\r'),
	('OR383060', 'CT216589', 'SL587994', 'SH58046', '4140903\r'),
	('OR383251', 'CT002026', 'SL062109', 'SH06789', '4914332\r'),
	('OR383251', 'CT002026', 'SL587994', 'SH90731', '4914332\r'),
	('OR383251', 'CT002026', 'SL764418', 'SH51654', '4968332\r'),
	('OR392080', 'CT595257', 'SL062109', 'SH87881', '2617608\r'),
	('OR392080', 'CT595257', 'SL587994', 'SH54895', '2698608\r'),
	('OR392080', 'CT595257', 'SL764418', 'SH09185', '2698608\r'),
	('OR392997', 'CT917607', 'SL062109', 'SH50750', '2744157\r'),
	('OR392997', 'CT917607', 'SL587994', 'SH94807', '2744157\r'),
	('OR393671', 'CT934132', 'SL062109', 'SH89801', '7024096\r'),
	('OR393671', 'CT934132', 'SL587994', 'SH63566', '6942096\r'),
	('OR393671', 'CT934132', 'SL764418', 'SH12279', '7024096\r'),
	('OR393877', 'CT002026', 'SL062109', 'SH20784', '2228096\r'),
	('OR393877', 'CT002026', 'SL587994', 'SH39034', '2282096\r'),
	('OR395436', 'CT999828', 'SL062109', 'SH18662', '4271458\r'),
	('OR395436', 'CT999828', 'SL587994', 'SH09896', '4279458\r'),
	('OR395541', 'CT854110', 'SL062109', 'SH59874', '3573697\r'),
	('OR395541', 'CT854110', 'SL587994', 'SH47012', '3575697\r'),
	('OR395541', 'CT854110', 'SL764418', 'SH14392', '3603697\r'),
	('OR406119', 'CT408374', 'SL062109', 'SH82789', '3134894\r'),
	('OR406119', 'CT408374', 'SL587994', 'SH75752', '3185894\r'),
	('OR406119', 'CT408374', 'SL764418', 'SH98206', '3185894\r'),
	('OR410657', 'CT487659', 'SL062109', 'SH47378', '4805526\r'),
	('OR410657', 'CT487659', 'SL587994', 'SH48788', '4747026\r'),
	('OR410657', 'CT487659', 'SL764418', 'SH63733', '4747026\r'),
	('OR415828', 'CT768955', 'SL062109', 'SH78490', '4488178\r'),
	('OR415828', 'CT768955', 'SL587994', 'SH18018', '4488178\r'),
	('OR436505', 'CT929318', 'SL062109', 'SH11923', '6889547\r'),
	('OR436505', 'CT929318', 'SL587994', 'SH47848', '6889547\r'),
	('OR436505', 'CT929318', 'SL764418', 'SH57147', '6891047\r'),
	('OR451329', 'CT365819', 'SL062109', 'SH20917', '4641630\r'),
	('OR451329', 'CT365819', 'SL587994', 'SH29003', '4641630\r'),
	('OR452975', 'CT499467', 'SL062109', 'SH75124', '1880422\r'),
	('OR452975', 'CT499467', 'SL587994', 'SH70659', '1880422\r'),
	('OR453293', 'CT217412', 'SL062109', 'SH97252', '3749722\r'),
	('OR453293', 'CT217412', 'SL587994', 'SH31877', '3748722\r'),
	('OR454342', 'CT979936', 'SL062109', 'SH12628', '3427132\r'),
	('OR454342', 'CT979936', 'SL587994', 'SH37540', '3427132\r'),
	('OR462202', 'CT487659', 'SL062109', 'SH60773', '2275830\r'),
	('OR462202', 'CT487659', 'SL587994', 'SH14750', '2275830\r'),
	('OR464032', 'CT692261', 'SL062109', 'SH28561', '3648252\r'),
	('OR464032', 'CT692261', 'SL587994', 'SH49280', '3648252\r'),
	('OR464032', 'CT692261', 'SL764418', 'SH91688', '3579252\r'),
	('OR464321', 'CT884530', 'SL062109', 'SH01747', '2323132\r'),
	('OR464321', 'CT884530', 'SL587994', 'SH84449', '2323132\r'),
	('OR465825', 'CT731466', 'SL062109', 'SH32701', '5716828\r'),
	('OR465825', 'CT731466', 'SL587994', 'SH91098', '5675828\r'),
	('OR465825', 'CT731466', 'SL764418', 'SH52939', '5716828\r'),
	('OR468149', 'CT232291', 'SL062109', 'SH01801', '3941055\r'),
	('OR468149', 'CT232291', 'SL587994', 'SH67491', '3941055\r'),
	('OR468149', 'CT232291', 'SL764418', 'SH28052', '3941055\r'),
	('OR475203', 'CT338133', 'SL062109', 'SH55147', '2758807\r'),
	('OR475203', 'CT338133', 'SL587994', 'SH11762', '2842807\r'),
	('OR475203', 'CT338133', 'SL764418', 'SH98836', '2842807\r'),
	('OR479116', 'CT630093', 'SL062109', 'SH73866', '1673468\r'),
	('OR479116', 'CT630093', 'SL587994', 'SH73759', '1733468\r'),
	('OR479116', 'CT630093', 'SL764418', 'SH16124', '1686968\r'),
	('OR484601', 'CT653859', 'SL062109', 'SH47264', '4440075\r'),
	('OR484601', 'CT653859', 'SL587994', 'SH02214', '4487075\r'),
	('OR484601', 'CT653859', 'SL764418', 'SH32602', '4440075\r'),
	('OR490580', 'CT219723', 'SL062109', 'SH04121', '4410272\r'),
	('OR490580', 'CT219723', 'SL587994', 'SH61562', '4426772\r'),
	('OR490580', 'CT219723', 'SL764418', 'SH51280', '4426772\r'),
	('OR498621', 'CT197967', 'SL062109', 'SH22269', '4836829\r'),
	('OR498621', 'CT197967', 'SL587994', 'SH93586', '4836829\r'),
	('OR498621', 'CT197967', 'SL764418', 'SH26026', '4749829\r'),
	('OR499531', 'CT058064', 'SL062109', 'SH80636', '4177961\r'),
	('OR499531', 'CT058064', 'SL587994', 'SH88813', '4177961\r'),
	('OR499578', 'CT498493', 'SL062109', 'SH36865', '3802547\r'),
	('OR499578', 'CT498493', 'SL587994', 'SH08177', '3802547\r'),
	('OR504354', 'CT084553', 'SL062109', 'SH10877', '9053098\r'),
	('OR504354', 'CT084553', 'SL587994', 'SH00849', '9053098\r'),
	('OR504354', 'CT084553', 'SL764418', 'SH03618', '9029098\r'),
	('OR506273', 'CT159666', 'SL062109', 'SH99107', '6789587\r'),
	('OR506273', 'CT159666', 'SL587994', 'SH71033', '6851587\r'),
	('OR506273', 'CT159666', 'SL764418', 'SH14538', '6789587\r'),
	('OR506341', 'CT884530', 'SL062109', 'SH51113', '4832587\r'),
	('OR506341', 'CT884530', 'SL587994', 'SH20196', '4780087\r'),
	('OR506341', 'CT884530', 'SL764418', 'SH68709', '4832587\r'),
	('OR506863', 'CT688603', 'SL062109', 'SH02866', '2203468\r'),
	('OR506863', 'CT688603', 'SL587994', 'SH13266', '2203468\r'),
	('OR513296', 'CT205086', 'SL062109', 'SH32929', '3070516\r'),
	('OR513296', 'CT205086', 'SL587994', 'SH06545', '3110516\r'),
	('OR513296', 'CT205086', 'SL764418', 'SH75889', '3110516\r'),
	('OR515356', 'CT786904', 'SL062109', 'SH96447', '6509988\r'),
	('OR515356', 'CT786904', 'SL587994', 'SH53982', '6515988\r'),
	('OR515356', 'CT786904', 'SL764418', 'SH96703', '6509988\r'),
	('OR523191', 'CT744478', 'SL062109', 'SH44706', '2915854\r'),
	('OR523191', 'CT744478', 'SL587994', 'SH99930', '2915854\r'),
	('OR523191', 'CT744478', 'SL764418', 'SH73767', '2952854\r'),
	('OR524864', 'CT513358', 'SL062109', 'SH39486', '1552103\r'),
	('OR524864', 'CT513358', 'SL587994', 'SH97727', '1574103\r'),
	('OR526467', 'CT133675', 'SL062109', 'SH53608', '2736876\r'),
	('OR526467', 'CT133675', 'SL587994', 'SH12333', '2736876\r'),
	('OR531851', 'CT341751', 'SL062109', 'SH91878', '8706380\r'),
	('OR531851', 'CT341751', 'SL587994', 'SH71778', '8737380\r'),
	('OR531851', 'CT341751', 'SL764418', 'SH33089', '8737380\r'),
	('OR548374', 'CT091686', 'SL062109', 'SH37168', '5953205\r'),
	('OR548374', 'CT091686', 'SL587994', 'SH26538', '5903205\r'),
	('OR550139', 'CT287501', 'SL062109', 'SH42855', '2844030\r'),
	('OR550139', 'CT287501', 'SL587994', 'SH52144', '2763030\r'),
	('OR554218', 'CT447944', 'SL062109', 'SH00442', '3941961\r'),
	('OR554218', 'CT447944', 'SL587994', 'SH37245', '4048461\r'),
	('OR554503', 'CT832228', 'SL062109', 'SH38733', '2456823\r'),
	('OR554503', 'CT832228', 'SL587994', 'SH22790', '2533823\r'),
	('OR563106', 'CT276034', 'SL062109', 'SH44502', '3832066\r'),
	('OR563106', 'CT276034', 'SL587994', 'SH58776', '3832066\r'),
	('OR563430', 'CT044984', 'SL062109', 'SH61452', '6158288\r'),
	('OR563430', 'CT044984', 'SL587994', 'SH30469', '6099788\r'),
	('OR563430', 'CT044984', 'SL764418', 'SH99591', '6099788\r'),
	('OR569179', 'CT057905', 'SL062109', 'SH98359', '2636157\r'),
	('OR569179', 'CT057905', 'SL587994', 'SH80831', '2691657\r'),
	('OR572037', 'CT600025', 'SL062109', 'SH43633', '4271369\r'),
	('OR572037', 'CT600025', 'SL587994', 'SH15059', '4271369\r'),
	('OR574586', 'CT514389', 'SL062109', 'SH43258', '2499076\r'),
	('OR574586', 'CT514389', 'SL587994', 'SH45877', '2514076\r'),
	('OR577839', 'CT816479', 'SL062109', 'SH21122', '4783936\r'),
	('OR577839', 'CT816479', 'SL587994', 'SH76927', '4783936\r'),
	('OR578927', 'CT954122', 'SL062109', 'SH91112', '2823909\r'),
	('OR578927', 'CT954122', 'SL587994', 'SH85613', '2823909\r'),
	('OR578927', 'CT954122', 'SL764418', 'SH19267', '2823909\r'),
	('OR587495', 'CT832228', 'SL062109', 'SH44288', '5339387\r'),
	('OR587495', 'CT832228', 'SL587994', 'SH72169', '5339387\r'),
	('OR587495', 'CT832228', 'SL764418', 'SH79479', '5418387\r'),
	('OR590630', 'CT437060', 'SL062109', 'SH82733', '1011005\r'),
	('OR590630', 'CT437060', 'SL587994', 'SH69210', '1011005\r'),
	('OR593381', 'CT869535', 'SL062109', 'SH41853', '3427699\r'),
	('OR593381', 'CT869535', 'SL587994', 'SH42105', '3427699\r'),
	('OR593381', 'CT869535', 'SL764418', 'SH94938', '3427699\r'),
	('OR594108', 'CT153648', 'SL062109', 'SH54731', '4681342\r'),
	('OR594108', 'CT153648', 'SL587994', 'SH75247', '4681342\r'),
	('OR594108', 'CT153648', 'SL764418', 'SH94204', '4708342\r'),
	('OR594551', 'CT798121', 'SL062109', 'SH57161', '4952163\r'),
	('OR594551', 'CT798121', 'SL587994', 'SH75350', '4941163\r'),
	('OR594551', 'CT798121', 'SL764418', 'SH78633', '4941163\r'),
	('OR612359', 'CT727229', 'SL062109', 'SH43682', '5841135\r'),
	('OR612359', 'CT727229', 'SL587994', 'SH27478', '5841135\r'),
	('OR612359', 'CT727229', 'SL764418', 'SH73544', '5837135\r'),
	('OR622343', 'CT241320', 'SL062109', 'SH81191', '2829288\r'),
	('OR622343', 'CT241320', 'SL587994', 'SH19589', '2829288\r'),
	('OR622789', 'CT159666', 'SL062109', 'SH80568', '1137689\r'),
	('OR622789', 'CT159666', 'SL587994', 'SH85635', '1137689\r'),
	('OR623797', 'CT929318', 'SL062109', 'SH24611', '2459205\r'),
	('OR623797', 'CT929318', 'SL587994', 'SH54003', '2417205\r'),
	('OR627188', 'CT768955', 'SL062109', 'SH67228', '4281095\r'),
	('OR627188', 'CT768955', 'SL587994', 'SH98562', '4281095\r'),
	('OR627188', 'CT768955', 'SL764418', 'SH54053', '4281095\r'),
	('OR633284', 'CT321738', 'SL062109', 'SH98978', '1740584\r'),
	('OR633284', 'CT321738', 'SL587994', 'SH67679', '1740584\r'),
	('OR637257', 'CT841001', 'SL062109', 'SH36388', '5082417\r'),
	('OR637257', 'CT841001', 'SL587994', 'SH23715', '4990917\r'),
	('OR637257', 'CT841001', 'SL764418', 'SH77890', '5082417\r'),
	('OR639850', 'CT848660', 'SL062109', 'SH31289', '5950196\r'),
	('OR639850', 'CT848660', 'SL587994', 'SH84845', '5920196\r'),
	('OR640243', 'CT482887', 'SL062109', 'SH47258', '6323453\r'),
	('OR640243', 'CT482887', 'SL587994', 'SH17847', '6323453\r'),
	('OR640243', 'CT482887', 'SL764418', 'SH41871', '6323453\r'),
	('OR649785', 'CT368224', 'SL062109', 'SH71836', '4576122\r'),
	('OR649785', 'CT368224', 'SL587994', 'SH58603', '4606122\r'),
	('OR649785', 'CT368224', 'SL764418', 'SH92120', '4619622\r'),
	('OR653457', 'CT499467', 'SL062109', 'SH48349', '5692886\r'),
	('OR653457', 'CT499467', 'SL587994', 'SH41464', '5622386\r'),
	('OR653457', 'CT499467', 'SL764418', 'SH42199', '5622386\r'),
	('OR657319', 'CT798121', 'SL062109', 'SH64127', '4172899\r'),
	('OR657319', 'CT798121', 'SL587994', 'SH22264', '4151899\r'),
	('OR667351', 'CT948394', 'SL062109', 'SH50734', '3859178\r'),
	('OR667351', 'CT948394', 'SL587994', 'SH47214', '3859178\r'),
	('OR669740', 'CT883825', 'SL062109', 'SH63671', '1159859\r'),
	('OR669740', 'CT883825', 'SL587994', 'SH78786', '1159859\r'),
	('OR672537', 'CT934132', 'SL062109', 'SH80462', '3248490\r'),
	('OR672537', 'CT934132', 'SL587994', 'SH03692', '3248490\r'),
	('OR673787', 'CT447944', 'SL062109', 'SH07763', '9254401\r'),
	('OR673787', 'CT447944', 'SL587994', 'SH19898', '9147901\r'),
	('OR673787', 'CT447944', 'SL764418', 'SH14097', '9224401\r'),
	('OR675569', 'CT338072', 'SL062109', 'SH00482', '6476947\r'),
	('OR675569', 'CT338072', 'SL587994', 'SH60625', '6464947\r'),
	('OR675569', 'CT338072', 'SL764418', 'SH10171', '6463447\r'),
	('OR676164', 'CT041554', 'SL062109', 'SH37462', '664747\r'),
	('OR676164', 'CT041554', 'SL587994', 'SH60031', '679747\r'),
	('OR694356', 'CT816479', 'SL062109', 'SH80885', '5636470\r'),
	('OR694356', 'CT816479', 'SL587994', 'SH99679', '5636470\r'),
	('OR694356', 'CT816479', 'SL764418', 'SH89868', '5685970\r'),
	('OR699625', 'CT146976', 'SL062109', 'SH60922', '2412447\r'),
	('OR699625', 'CT146976', 'SL587994', 'SH25763', '2412447\r'),
	('OR703195', 'CT336162', 'SL062109', 'SH99668', '2507646\r'),
	('OR703195', 'CT336162', 'SL587994', 'SH26778', '2479146\r'),
	('OR703195', 'CT336162', 'SL764418', 'SH81477', '2479146\r'),
	('OR714494', 'CT600025', 'SL062109', 'SH36577', '5660019\r'),
	('OR714494', 'CT600025', 'SL587994', 'SH24599', '5604519\r'),
	('OR714494', 'CT600025', 'SL764418', 'SH37363', '5622519\r'),
	('OR720762', 'CT017401', 'SL062109', 'SH61077', '4106022\r'),
	('OR720762', 'CT017401', 'SL587994', 'SH81633', '4047522\r'),
	('OR733661', 'CT848660', 'SL062109', 'SH59867', '3231359\r'),
	('OR733661', 'CT848660', 'SL587994', 'SH98203', '3231359\r'),
	('OR733661', 'CT848660', 'SL764418', 'SH56998', '3231359\r'),
	('OR734456', 'CT917607', 'SL062109', 'SH50614', '5085714\r'),
	('OR734456', 'CT917607', 'SL587994', 'SH27145', '5085714\r'),
	('OR734456', 'CT917607', 'SL764418', 'SH52068', '5085714\r'),
	('OR749461', 'CT768855', 'SL062109', 'SH74184', '1483698\r'),
	('OR749461', 'CT768855', 'SL587994', 'SH72684', '1483698\r'),
	('OR757525', 'CT487961', 'SL062109', 'SH03252', '4983856\r'),
	('OR757525', 'CT487961', 'SL587994', 'SH11394', '4997356\r'),
	('OR761481', 'CT307718', 'SL062109', 'SH55895', '6468166\r'),
	('OR761481', 'CT307718', 'SL587994', 'SH27500', '6468166\r'),
	('OR768835', 'CT106978', 'SL062109', 'SH69722', '1070258\r'),
	('OR768835', 'CT106978', 'SL587994', 'SH85860', '1131258\r'),
	('OR769156', 'CT768855', 'SL062109', 'SH96081', '4499826\r'),
	('OR769156', 'CT768855', 'SL587994', 'SH90685', '4494826\r'),
	('OR769156', 'CT768855', 'SL764418', 'SH09830', '4474826\r'),
	('OR774053', 'CT335033', 'SL062109', 'SH79519', '4157807\r'),
	('OR774053', 'CT335033', 'SL587994', 'SH27098', '4120307\r'),
	('OR774053', 'CT335033', 'SL764418', 'SH70919', '4157807\r'),
	('OR778442', 'CT815958', 'SL062109', 'SH93815', '5961086\r'),
	('OR778442', 'CT815958', 'SL587994', 'SH33721', '5937086\r'),
	('OR778442', 'CT815958', 'SL764418', 'SH60270', '5937086\r'),
	('OR781784', 'CT460639', 'SL062109', 'SH48753', '2685813\r'),
	('OR781784', 'CT460639', 'SL587994', 'SH22813', '2567313\r'),
	('OR788811', 'CT958846', 'SL062109', 'SH98269', '3161081\r'),
	('OR788811', 'CT958846', 'SL587994', 'SH53684', '3161081\r'),
	('OR788811', 'CT958846', 'SL764418', 'SH29559', '3161081\r'),
	('OR790572', 'CT207216', 'SL062109', 'SH60668', '4046951\r'),
	('OR790572', 'CT207216', 'SL587994', 'SH05569', '4046951\r'),
	('OR790572', 'CT207216', 'SL764418', 'SH87291', '4054951\r'),
	('OR792837', 'CT954122', 'SL062109', 'SH25254', '1837338\r'),
	('OR792837', 'CT954122', 'SL587994', 'SH03980', '1837338\r'),
	('OR793836', 'CT041554', 'SL062109', 'SH19738', '1577453\r'),
	('OR793836', 'CT041554', 'SL587994', 'SH90676', '1562453\r'),
	('OR793836', 'CT041554', 'SL764418', 'SH98114', '1577453\r'),
	('OR796145', 'CT731466', 'SL062109', 'SH22530', '2291414\r'),
	('OR796145', 'CT731466', 'SL587994', 'SH96270', '2291414\r'),
	('OR798292', 'CT755571', 'SL062109', 'SH71401', '3253441\r'),
	('OR798292', 'CT755571', 'SL587994', 'SH29301', '3331441\r'),
	('OR798292', 'CT755571', 'SL764418', 'SH44342', '3253441\r'),
	('OR803640', 'CT413066', 'SL062109', 'SH58991', '7522764\r'),
	('OR803640', 'CT413066', 'SL587994', 'SH26237', '7522764\r'),
	('OR805538', 'CT514389', 'SL062109', 'SH35987', '3462530\r'),
	('OR805538', 'CT514389', 'SL587994', 'SH90223', '3447530\r'),
	('OR805538', 'CT514389', 'SL764418', 'SH42873', '3447530\r'),
	('OR833917', 'CT999001', 'SL062109', 'SH75016', '3302628\r'),
	('OR833917', 'CT999001', 'SL587994', 'SH13353', '3302628\r'),
	('OR838902', 'CT232291', 'SL062109', 'SH75813', '6008895\r'),
	('OR838902', 'CT232291', 'SL587994', 'SH10144', '6008895\r'),
	('OR840903', 'CT200995', 'SL062109', 'SH34214', '2993949\r'),
	('OR840903', 'CT200995', 'SL587994', 'SH85748', '2993949\r'),
	('OR840903', 'CT200995', 'SL764418', 'SH21931', '2985949\r'),
	('OR854213', 'CT205086', 'SL062109', 'SH15478', '3492160\r'),
	('OR854213', 'CT205086', 'SL587994', 'SH46368', '3442160\r'),
	('OR865667', 'CT084553', 'SL062109', 'SH18994', '2570329\r'),
	('OR865667', 'CT084553', 'SL587994', 'SH75924', '2580829\r'),
	('OR867546', 'CT658935', 'SL062109', 'SH50144', '12033080\r'),
	('OR867546', 'CT658935', 'SL587994', 'SH32039', '12006080\r'),
	('OR867546', 'CT658935', 'SL764418', 'SH37391', '12033080\r'),
	('OR870147', 'CT590459', 'SL062109', 'SH63734', '3589533\r'),
	('OR870147', 'CT590459', 'SL587994', 'SH75331', '3589533\r'),
	('OR870147', 'CT590459', 'SL764418', 'SH33056', '3498033\r'),
	('OR870326', 'CT365166', 'SL062109', 'SH51485', '6751951\r'),
	('OR870326', 'CT365166', 'SL587994', 'SH68170', '6751951\r'),
	('OR870326', 'CT365166', 'SL764418', 'SH16033', '6751951\r'),
	('OR874075', 'CT716089', 'SL062109', 'SH06397', '1221413\r'),
	('OR874075', 'CT716089', 'SL587994', 'SH80758', '1203413\r'),
	('OR874888', 'CT444004', 'SL062109', 'SH05983', '4096679\r'),
	('OR874888', 'CT444004', 'SL587994', 'SH37021', '4096679\r'),
	('OR877995', 'CT153648', 'SL062109', 'SH41156', '1714560\r'),
	('OR877995', 'CT153648', 'SL587994', 'SH23696', '1714560\r'),
	('OR880394', 'CT688603', 'SL062109', 'SH19930', '5947960\r'),
	('OR880394', 'CT688603', 'SL587994', 'SH04973', '5947960\r'),
	('OR880394', 'CT688603', 'SL764418', 'SH47217', '5910460\r'),
	('OR896115', 'CT487961', 'SL062109', 'SH80953', '5884691\r'),
	('OR896115', 'CT487961', 'SL587994', 'SH28742', '5898191\r'),
	('OR896115', 'CT487961', 'SL764418', 'SH04839', '5884691\r'),
	('OR896893', 'CT716089', 'SL062109', 'SH14985', '4861759\r'),
	('OR896893', 'CT716089', 'SL587994', 'SH93903', '4835759\r'),
	('OR896893', 'CT716089', 'SL764418', 'SH09282', '4835759\r'),
	('OR901401', 'CT484892', 'SL062109', 'SH05283', '1007437\r'),
	('OR901401', 'CT484892', 'SL587994', 'SH94470', '1007437\r'),
	('OR903023', 'CT590459', 'SL062109', 'SH99772', '1987774\r'),
	('OR903023', 'CT590459', 'SL587994', 'SH07998', '1987774\r'),
	('OR907492', 'CT602067', 'SL062109', 'SH67439', '4422562\r'),
	('OR907492', 'CT602067', 'SL587994', 'SH80617', '4370562\r'),
	('OR912532', 'CT630093', 'SL062109', 'SH70273', '1078580\r'),
	('OR912532', 'CT630093', 'SL587994', 'SH28582', '1078580\r'),
	('OR923123', 'CT960439', 'SL062109', 'SH94542', '1658352\r'),
	('OR923123', 'CT960439', 'SL587994', 'SH38044', '1658352\r'),
	('OR926845', 'CT307718', 'SL062109', 'SH68104', '6095370\r'),
	('OR926845', 'CT307718', 'SL587994', 'SH65212', '6114870\r'),
	('OR926845', 'CT307718', 'SL764418', 'SH94963', '6114870\r'),
	('OR933037', 'CT652747', 'SL062109', 'SH04493', '2325880\r'),
	('OR933037', 'CT652747', 'SL587994', 'SH54011', '2351380\r'),
	('OR936492', 'CT133675', 'SL062109', 'SH89802', '4828742\r'),
	('OR936492', 'CT133675', 'SL587994', 'SH00128', '4789742\r'),
	('OR936492', 'CT133675', 'SL764418', 'SH15883', '4789742\r'),
	('OR949912', 'CT153309', 'SL062109', 'SH43494', '2284594\r'),
	('OR949912', 'CT153309', 'SL587994', 'SH16706', '2248594\r'),
	('OR952015', 'CT338133', 'SL062109', 'SH24507', '2657599\r'),
	('OR952015', 'CT338133', 'SL587994', 'SH04947', '2657599\r'),
	('OR959589', 'CT813581', 'SL062109', 'SH81422', '4679979\r'),
	('OR959589', 'CT813581', 'SL587994', 'SH15171', '4679979\r'),
	('OR959589', 'CT813581', 'SL764418', 'SH17006', '4730979\r'),
	('OR962607', 'CT395048', 'SL062109', 'SH70650', '4253088\r'),
	('OR962607', 'CT395048', 'SL587994', 'SH04747', '4340088\r'),
	('OR962607', 'CT395048', 'SL764418', 'SH37167', '4289088\r'),
	('OR962617', 'CT871838', 'SL062109', 'SH49187', '2765883\r'),
	('OR962617', 'CT871838', 'SL587994', 'SH06112', '2887383\r'),
	('OR963727', 'CT505704', 'SL062109', 'SH39115', '5281188\r'),
	('OR963727', 'CT505704', 'SL587994', 'SH07920', '5282188\r'),
	('OR963727', 'CT505704', 'SL764418', 'SH76019', '5282188\r'),
	('OR964331', 'CT869535', 'SL062109', 'SH95959', '5722598\r'),
	('OR964331', 'CT869535', 'SL587994', 'SH33342', '5722598\r'),
	('OR965828', 'CT437060', 'SL062109', 'SH84059', '2040085\r'),
	('OR965828', 'CT437060', 'SL587994', 'SH03953', '2040085\r'),
	('OR965828', 'CT437060', 'SL764418', 'SH15237', '2038085\r'),
	('OR970764', 'CT124325', 'SL062109', 'SH95502', '6811507\r'),
	('OR970764', 'CT124325', 'SL587994', 'SH47343', '6811507\r'),
	('OR970764', 'CT124325', 'SL764418', 'SH66223', '6811507\r'),
	('OR977243', 'CT776323', 'SL062109', 'SH99815', '7846952\r'),
	('OR977243', 'CT776323', 'SL587994', 'SH22453', '7750952\r'),
	('OR977243', 'CT776323', 'SL764418', 'SH09646', '7816952\r'),
	('OR979048', 'CT854110', 'SL062109', 'SH57521', '4686083\r'),
	('OR979048', 'CT854110', 'SL587994', 'SH08680', '4716083\r'),
	('OR981380', 'CT057935', 'SL062109', 'SH39779', '3250312\r'),
	('OR981380', 'CT057935', 'SL587994', 'SH27995', '3277312\r'),
	('OR989577', 'CT444004', 'SL062109', 'SH24101', '5552706\r'),
	('OR989577', 'CT444004', 'SL587994', 'SH71505', '5632206\r'),
	('OR989577', 'CT444004', 'SL764418', 'SH18135', '5552706\r'),
	('OR991948', 'CT652747', 'SL062109', 'SH67218', '4598324\r'),
	('OR991948', 'CT652747', 'SL587994', 'SH53533', '4560824\r'),
	('OR991948', 'CT652747', 'SL764418', 'SH44640', '4535324\r'),
	('OR993305', 'CT365166', 'SL062109', 'SH42558', '3311014\r'),
	('OR993305', 'CT365166', 'SL587994', 'SH69763', '3279514\r'),
	('OR994432', 'CT217412', 'SL062109', 'SH03303', '5110628\r'),
	('OR994432', 'CT217412', 'SL587994', 'SH77441', '5109628\r'),
	('OR994432', 'CT217412', 'SL764418', 'SH12399', '5124628\r'),
	('OR996621', 'CT755571', 'SL062109', 'SH99487', '3747225\r'),
	('OR996621', 'CT755571', 'SL587994', 'SH72856', '3747225\r'),
	('OR999917', 'CT871838', 'SL062109', 'SH20968', '7997654\r'),
	('OR999917', 'CT871838', 'SL587994', 'SH16224', '7876154\r'),
	('OR999917', 'CT871838', 'SL764418', 'SH23685', '8000654');

-- Dumping structure for table dbecommerce.province
DROP TABLE IF EXISTS `province`;
CREATE TABLE IF NOT EXISTS `province` (
  `province_id` tinyint NOT NULL,
  `province` varchar(40) NOT NULL,
  PRIMARY KEY (`province_id`)
) ENGINE=InnoDB DEFAULT CHARSET=utf8mb4 COLLATE=utf8mb4_0900_ai_ci;

-- Dumping data for table dbecommerce.province: ~34 rows (approximately)
DELETE FROM `province`;
INSERT INTO `province` (`province_id`, `province`) VALUES
	(1, 'Bali\r'),
	(2, 'Bangka Belitung\r'),
	(3, 'Banten\r'),
	(4, 'Bengkulu\r'),
	(5, 'DI Yogyakarta\r'),
	(6, 'DKI Jakarta\r'),
	(7, 'Gorontalo\r'),
	(8, 'Jambi\r'),
	(9, 'Jawa Barat\r'),
	(10, 'Jawa Tengah\r'),
	(11, 'Jawa Timur\r'),
	(12, 'Kalimantan Barat\r'),
	(13, 'Kalimantan Selatan\r'),
	(14, 'Kalimantan Tengah\r'),
	(15, 'Kalimantan Timur\r'),
	(16, 'Kalimantan Utara\r'),
	(17, 'Kepulauan Riau\r'),
	(18, 'Lampung\r'),
	(19, 'Maluku\r'),
	(20, 'Maluku Utara\r'),
	(21, 'Nanggroe Aceh Darussalam (NAD)\r'),
	(22, 'Nusa Tenggara Barat (NTB)\r'),
	(23, 'Nusa Tenggara Timur (NTT)\r'),
	(24, 'Papua\r'),
	(25, 'Papua Barat\r'),
	(26, 'Riau\r'),
	(27, 'Sulawesi Barat\r'),
	(28, 'Sulawesi Selatan\r'),
	(29, 'Sulawesi Tengah\r'),
	(30, 'Sulawesi Tenggara\r'),
	(31, 'Sulawesi Utara\r'),
	(32, 'Sumatera Barat\r'),
	(33, 'Sumatera Selatan\r'),
	(34, 'Sumatera Utara');

-- Dumping structure for table dbecommerce.seller
DROP TABLE IF EXISTS `seller`;
CREATE TABLE IF NOT EXISTS `seller` (
  `seller_id` varchar(10) NOT NULL,
  `seller_name` varchar(10) NOT NULL,
  `phone` varchar(50) DEFAULT NULL,
  `email` varchar(50) DEFAULT NULL,
  `country` varchar(10) CHARACTER SET utf8mb4 COLLATE utf8mb4_0900_ai_ci DEFAULT NULL,
  `city` varchar(50) DEFAULT NULL,
  `address` varchar(30) CHARACTER SET utf8mb4 COLLATE utf8mb4_0900_ai_ci DEFAULT NULL,
  PRIMARY KEY (`seller_id`)
) ENGINE=InnoDB DEFAULT CHARSET=utf8mb4 COLLATE=utf8mb4_0900_ai_ci;

-- Dumping data for table dbecommerce.seller: ~3 rows (approximately)
DELETE FROM `seller`;
INSERT INTO `seller` (`seller_id`, `seller_name`, `phone`, `email`, `country`, `city`, `address`) VALUES
	('SL062109', 'Lumiere', '292-872-2710', 'lumierecosmetic@gmail.com', 'Indonesia', 'Bandung', '0614 Southridge Parkway'),
	('SL587994', 'Zalya', '332-272-1410', 'zalyafashion@gmail.com', 'Indonesia', 'Yogyakarta', '80074 Maywood Point'),
	('SL764418', 'Effe', '902-311-5885', 'effeperfume@gmail.com', 'Indonesia', 'Surabaya', '5 Lakewood Gardens Center');

-- Dumping structure for table dbecommerce.shipping_detail
DROP TABLE IF EXISTS `shipping_detail`;
CREATE TABLE IF NOT EXISTS `shipping_detail` (
  `shipping_id` varchar(10) NOT NULL,
  `shipper` varchar(10) NOT NULL,
  `shipping_number` varchar(10) NOT NULL,
  `shipping_fee` varchar(10) NOT NULL,
  PRIMARY KEY (`shipping_id`),
  KEY `FK_shipping_detail_dbshipperjne.jne_shipping` (`shipping_number`),
  CONSTRAINT `FK_shipping_detail_dbshipperjne.jne_shipping` FOREIGN KEY (`shipping_number`) REFERENCES `dbshipperjne`.`jne_shipping` (`shipping_number`),
  CONSTRAINT `FK_shipping_detail_dbshippersicepat.sicepat_shipping` FOREIGN KEY (`shipping_number`) REFERENCES `dbshippersicepat`.`sicepat_shipping` (`shipping_number`)
) ENGINE=InnoDB DEFAULT CHARSET=utf8mb4 COLLATE=utf8mb4_0900_ai_ci;

-- Dumping data for table dbecommerce.shipping_detail: ~500 rows (approximately)
DELETE FROM `shipping_detail`;
INSERT INTO `shipping_detail` (`shipping_id`, `shipper`, `shipping_number`, `shipping_fee`) VALUES
	('SH00128', 'JNE', 'JSH00128', '19500'),
	('SH00442', 'JNE', 'JSH00442', '21000'),
	('SH00482', 'JNE', 'JSH00482', '84000'),
	('SH00688', 'SiCepat', 'SSH00688', '96000'),
	('SH00837', 'SiCepat', 'SSH00837', '38000'),
	('SH00849', 'JNE', 'JSH00849', '126000'),
	('SH01747', 'JNE', 'JSH01747', '7500'),
	('SH01801', 'JNE', 'JSH01801', '115500'),
	('SH02214', 'SiCepat', 'SSH02214', '70000'),
	('SH02791', 'SiCepat', 'SSH02791', '64000'),
	('SH02866', 'JNE', 'JSH02866', '138000'),
	('SH03066', 'JNE', 'JSH03066', '12000'),
	('SH03252', 'JNE', 'JSH03252', '108000'),
	('SH03303', 'SiCepat', 'SSH03303', '54000'),
	('SH03537', 'SiCepat', 'SSH03537', '41000'),
	('SH03618', 'JNE', 'JSH03618', '102000'),
	('SH03692', 'SiCepat', 'SSH03692', '91000'),
	('SH03953', 'SiCepat', 'SSH03953', '51000'),
	('SH03980', 'SiCepat', 'SSH03980', '34000'),
	('SH04121', 'JNE', 'JSH04121', '124500'),
	('SH04405', 'JNE', 'JSH04405', '57000'),
	('SH04493', 'JNE', 'JSH04493', '42000'),
	('SH04747', 'JNE', 'JSH04747', '127500'),
	('SH04839', 'JNE', 'JSH04839', '108000'),
	('SH04947', 'SiCepat', 'SSH04947', '13000'),
	('SH04973', 'JNE', 'JSH04973', '138000'),
	('SH05001', 'JNE', 'JSH05001', '15000'),
	('SH05283', 'JNE', 'JSH05283', '19500'),
	('SH05403', 'SiCepat', 'SSH05403', '47000'),
	('SH05569', 'SiCepat', 'SSH05569', '20000'),
	('SH05969', 'SiCepat', 'SSH05969', '71000'),
	('SH05983', 'JNE', 'JSH05983', '43500'),
	('SH06112', 'JNE', 'JSH06112', '132000'),
	('SH06156', 'JNE', 'JSH06156', '138000'),
	('SH06397', 'SiCepat', 'SSH06397', '55000'),
	('SH06545', 'SiCepat', 'SSH06545', '55000'),
	('SH06789', 'SiCepat', 'SSH06789', '15000'),
	('SH07763', 'JNE', 'JSH07763', '127500'),
	('SH07771', 'JNE', 'JSH07771', '63000'),
	('SH07920', 'SiCepat', 'SSH07920', '31000'),
	('SH07998', 'JNE', 'JSH07998', '37500'),
	('SH08177', 'SiCepat', 'SSH08177', '100000'),
	('SH08343', 'JNE', 'JSH08343', '61500'),
	('SH08680', 'SiCepat', 'SSH08680', '91000'),
	('SH09185', 'JNE', 'JSH09185', '94500'),
	('SH09282', 'SiCepat', 'SSH09282', '11000'),
	('SH09646', 'JNE', 'JSH09646', '78000'),
	('SH09785', 'JNE', 'JSH09785', '148500'),
	('SH09830', 'SiCepat', 'SSH09830', '60000'),
	('SH09896', 'SiCepat', 'SSH09896', '33000'),
	('SH10035', 'JNE', 'JSH10035', '82500'),
	('SH10144', 'JNE', 'JSH10144', '138000'),
	('SH10171', 'JNE', 'JSH10171', '70500'),
	('SH10324', 'SiCepat', 'SSH10324', '15000'),
	('SH10877', 'JNE', 'JSH10877', '126000'),
	('SH11353', 'SiCepat', 'SSH11353', '39000'),
	('SH11394', 'JNE', 'JSH11394', '121500'),
	('SH11762', 'SiCepat', 'SSH11762', '89000'),
	('SH11923', 'JNE', 'JSH11923', '24000'),
	('SH12279', 'SiCepat', 'SSH12279', '91000'),
	('SH12333', 'JNE', 'JSH12333', '58500'),
	('SH12399', 'SiCepat', 'SSH12399', '68000'),
	('SH12628', 'SiCepat', 'SSH12628', '71000'),
	('SH13266', 'JNE', 'JSH13266', '138000'),
	('SH13353', 'SiCepat', 'SSH13353', '78000'),
	('SH13673', 'SiCepat', 'SSH13673', '97000'),
	('SH14097', 'JNE', 'JSH14097', '97500'),
	('SH14160', 'SiCepat', 'SSH14160', '33000'),
	('SH14392', 'SiCepat', 'SSH14392', '91000'),
	('SH14493', 'SiCepat', 'SSH14493', '65000'),
	('SH14538', 'SiCepat', 'SSH14538', '32000'),
	('SH14750', 'JNE', 'JSH14750', '49500'),
	('SH14985', 'SiCepat', 'SSH14985', '37000'),
	('SH15017', 'JNE', 'JSH15017', '127500'),
	('SH15059', 'JNE', 'JSH15059', '81000'),
	('SH15171', 'JNE', 'JSH15171', '27000'),
	('SH15237', 'SiCepat', 'SSH15237', '49000'),
	('SH15478', 'SiCepat', 'SSH15478', '55000'),
	('SH15579', 'JNE', 'JSH15579', '93000'),
	('SH15780', 'JNE', 'JSH15780', '111000'),
	('SH15883', 'JNE', 'JSH15883', '19500'),
	('SH16033', 'JNE', 'JSH16033', '42000'),
	('SH16124', 'JNE', 'JSH16124', '93000'),
	('SH16224', 'JNE', 'JSH16224', '10500'),
	('SH16356', 'JNE', 'JSH16356', '46500'),
	('SH16706', 'SiCepat', 'SSH16706', '8000'),
	('SH16803', 'JNE', 'JSH16803', '69000'),
	('SH16983', 'SiCepat', 'SSH16983', '74000'),
	('SH17006', 'JNE', 'JSH17006', '78000'),
	('SH17847', 'SiCepat', 'SSH17847', '22000'),
	('SH18018', 'SiCepat', 'SSH18018', '14000'),
	('SH18058', 'SiCepat', 'SSH18058', '56000'),
	('SH18135', 'JNE', 'JSH18135', '43500'),
	('SH18609', 'JNE', 'JSH18609', '141000'),
	('SH18662', 'SiCepat', 'SSH18662', '25000'),
	('SH18928', 'SiCepat', 'SSH18928', '13000'),
	('SH18994', 'JNE', 'JSH18994', '115500'),
	('SH19267', 'SiCepat', 'SSH19267', '16000'),
	('SH19589', 'SiCepat', 'SSH19589', '58000'),
	('SH19652', 'SiCepat', 'SSH19652', '82000'),
	('SH19738', 'JNE', 'JSH19738', '57000'),
	('SH19898', 'JNE', 'JSH19898', '21000'),
	('SH19930', 'JNE', 'JSH19930', '138000'),
	('SH20045', 'SiCepat', 'SSH20045', '86000'),
	('SH20196', 'JNE', 'JSH20196', '7500'),
	('SH20344', 'JNE', 'JSH20344', '63000'),
	('SH20742', 'SiCepat', 'SSH20742', '6000'),
	('SH20784', 'SiCepat', 'SSH20784', '15000'),
	('SH20917', 'JNE', 'JSH20917', '117000'),
	('SH20968', 'JNE', 'JSH20968', '132000'),
	('SH21122', 'JNE', 'JSH21122', '97500'),
	('SH21931', 'SiCepat', 'SSH21931', '84000'),
	('SH22032', 'SiCepat', 'SSH22032', '31000'),
	('SH22264', 'SiCepat', 'SSH22264', '55000'),
	('SH22269', 'JNE', 'JSH22269', '148500'),
	('SH22447', 'SiCepat', 'SSH22447', '12000'),
	('SH22453', 'JNE', 'JSH22453', '12000'),
	('SH22530', 'SiCepat', 'SSH22530', '86000'),
	('SH22790', 'SiCepat', 'SSH22790', '85000'),
	('SH22813', 'JNE', 'JSH22813', '10500'),
	('SH23331', 'JNE', 'JSH23331', '123000'),
	('SH23685', 'JNE', 'JSH23685', '135000'),
	('SH23696', 'JNE', 'JSH23696', '18000'),
	('SH23715', 'JNE', 'JSH23715', '57000'),
	('SH24101', 'JNE', 'JSH24101', '43500'),
	('SH24507', 'SiCepat', 'SSH24507', '13000'),
	('SH24599', 'JNE', 'JSH24599', '63000'),
	('SH24611', 'JNE', 'JSH24611', '66000'),
	('SH24819', 'JNE', 'JSH24819', '129000'),
	('SH25254', 'SiCepat', 'SSH25254', '34000'),
	('SH25483', 'SiCepat', 'SSH25483', '13000'),
	('SH25729', 'SiCepat', 'SSH25729', '94000'),
	('SH25763', 'SiCepat', 'SSH25763', '97000'),
	('SH26026', 'JNE', 'JSH26026', '61500'),
	('SH26040', 'SiCepat', 'SSH26040', '21000'),
	('SH26237', 'SiCepat', 'SSH26237', '24000'),
	('SH26538', 'SiCepat', 'SSH26538', '48000'),
	('SH26778', 'JNE', 'JSH26778', '42000'),
	('SH27001', 'SiCepat', 'SSH27001', '100000'),
	('SH27098', 'JNE', 'JSH27098', '109500'),
	('SH27145', 'JNE', 'JSH27145', '10500'),
	('SH27344', 'SiCepat', 'SSH27344', '97000'),
	('SH27478', 'SiCepat', 'SSH27478', '47000'),
	('SH27500', 'JNE', 'JSH27500', '129000'),
	('SH27686', 'JNE', 'JSH27686', '123000'),
	('SH27995', 'SiCepat', 'SSH27995', '66000'),
	('SH28052', 'JNE', 'JSH28052', '115500'),
	('SH28232', 'SiCepat', 'SSH28232', '97000'),
	('SH28561', 'JNE', 'JSH28561', '105000'),
	('SH28581', 'JNE', 'JSH28581', '103500'),
	('SH28582', 'JNE', 'JSH28582', '93000'),
	('SH28742', 'JNE', 'JSH28742', '121500'),
	('SH29003', 'JNE', 'JSH29003', '117000'),
	('SH29301', 'JNE', 'JSH29301', '87000'),
	('SH29559', 'JNE', 'JSH29559', '111000'),
	('SH30172', 'JNE', 'JSH30172', '81000'),
	('SH30469', 'JNE', 'JSH30469', '19500'),
	('SH30808', 'SiCepat', 'SSH30808', '89000'),
	('SH31289', 'JNE', 'JSH31289', '120000'),
	('SH31877', 'SiCepat', 'SSH31877', '53000'),
	('SH32017', 'SiCepat', 'SSH32017', '86000'),
	('SH32039', 'SiCepat', 'SSH32039', '35000'),
	('SH32095', 'SiCepat', 'SSH32095', '75000'),
	('SH32602', 'SiCepat', 'SSH32602', '23000'),
	('SH32701', 'SiCepat', 'SSH32701', '86000'),
	('SH32801', 'JNE', 'JSH32801', '144000'),
	('SH32919', 'SiCepat', 'SSH32919', '83000'),
	('SH32929', 'SiCepat', 'SSH32929', '15000'),
	('SH33056', 'JNE', 'JSH33056', '54000'),
	('SH33089', 'SiCepat', 'SSH33089', '68000'),
	('SH33342', 'SiCepat', 'SSH33342', '75000'),
	('SH33721', 'SiCepat', 'SSH33721', '60000'),
	('SH34214', 'SiCepat', 'SSH34214', '92000'),
	('SH34464', 'SiCepat', 'SSH34464', '87000'),
	('SH34538', 'JNE', 'JSH34538', '48000'),
	('SH34800', 'SiCepat', 'SSH34800', '21000'),
	('SH35987', 'SiCepat', 'SSH35987', '56000'),
	('SH36182', 'SiCepat', 'SSH36182', '69000'),
	('SH36388', 'JNE', 'JSH36388', '148500'),
	('SH36577', 'JNE', 'JSH36577', '118500'),
	('SH36865', 'SiCepat', 'SSH36865', '100000'),
	('SH37021', 'JNE', 'JSH37021', '43500'),
	('SH37167', 'JNE', 'JSH37167', '76500'),
	('SH37168', 'SiCepat', 'SSH37168', '98000'),
	('SH37245', 'JNE', 'JSH37245', '127500'),
	('SH37363', 'JNE', 'JSH37363', '81000'),
	('SH37391', 'SiCepat', 'SSH37391', '62000'),
	('SH37450', 'JNE', 'JSH37450', '52500'),
	('SH37462', 'JNE', 'JSH37462', '42000'),
	('SH37540', 'SiCepat', 'SSH37540', '71000'),
	('SH38044', 'SiCepat', 'SSH38044', '14000'),
	('SH38430', 'JNE', 'JSH38430', '123000'),
	('SH38733', 'SiCepat', 'SSH38733', '8000'),
	('SH39034', 'SiCepat', 'SSH39034', '69000'),
	('SH39115', 'SiCepat', 'SSH39115', '30000'),
	('SH39260', 'SiCepat', 'SSH39260', '8000'),
	('SH39486', 'SiCepat', 'SSH39486', '5000'),
	('SH39779', 'SiCepat', 'SSH39779', '39000'),
	('SH40148', 'SiCepat', 'SSH40148', '74000'),
	('SH40229', 'SiCepat', 'SSH40229', '96000'),
	('SH40342', 'SiCepat', 'SSH40342', '33000'),
	('SH40977', 'SiCepat', 'SSH40977', '35000'),
	('SH41156', 'JNE', 'JSH41156', '18000'),
	('SH41179', 'SiCepat', 'SSH41179', '26000'),
	('SH41435', 'SiCepat', 'SSH41435', '65000'),
	('SH41464', 'JNE', 'JSH41464', '73500'),
	('SH41821', 'JNE', 'JSH41821', '144000'),
	('SH41853', 'SiCepat', 'SSH41853', '75000'),
	('SH41871', 'SiCepat', 'SSH41871', '22000'),
	('SH41940', 'SiCepat', 'SSH41940', '24000'),
	('SH42011', 'JNE', 'JSH42011', '55500'),
	('SH42105', 'SiCepat', 'SSH42105', '75000'),
	('SH42199', 'JNE', 'JSH42199', '73500'),
	('SH42413', 'SiCepat', 'SSH42413', '12000'),
	('SH42558', 'JNE', 'JSH42558', '42000'),
	('SH42855', 'SiCepat', 'SSH42855', '100000'),
	('SH42873', 'SiCepat', 'SSH42873', '41000'),
	('SH43093', 'SiCepat', 'SSH43093', '25000'),
	('SH43258', 'SiCepat', 'SSH43258', '41000'),
	('SH43494', 'SiCepat', 'SSH43494', '44000'),
	('SH43633', 'JNE', 'JSH43633', '81000'),
	('SH43645', 'SiCepat', 'SSH43645', '39000'),
	('SH43682', 'SiCepat', 'SSH43682', '47000'),
	('SH43834', 'SiCepat', 'SSH43834', '71000'),
	('SH44288', 'SiCepat', 'SSH44288', '6000'),
	('SH44342', 'JNE', 'JSH44342', '9000'),
	('SH44502', 'SiCepat', 'SSH44502', '54000'),
	('SH44640', 'JNE', 'JSH44640', '42000'),
	('SH44706', 'SiCepat', 'SSH44706', '33000'),
	('SH45224', 'JNE', 'JSH45224', '129000'),
	('SH45270', 'SiCepat', 'SSH45270', '69000'),
	('SH45737', 'SiCepat', 'SSH45737', '31000'),
	('SH45877', 'SiCepat', 'SSH45877', '56000'),
	('SH46154', 'SiCepat', 'SSH46154', '95000'),
	('SH46368', 'SiCepat', 'SSH46368', '5000'),
	('SH47012', 'SiCepat', 'SSH47012', '63000'),
	('SH47214', 'SiCepat', 'SSH47214', '13000'),
	('SH47217', 'JNE', 'JSH47217', '100500'),
	('SH47258', 'SiCepat', 'SSH47258', '22000'),
	('SH47264', 'SiCepat', 'SSH47264', '23000'),
	('SH47305', 'SiCepat', 'SSH47305', '98000'),
	('SH47343', 'JNE', 'JSH47343', '142500'),
	('SH47378', 'JNE', 'JSH47378', '108000'),
	('SH47434', 'SiCepat', 'SSH47434', '87000'),
	('SH47848', 'JNE', 'JSH47848', '24000'),
	('SH47905', 'SiCepat', 'SSH47905', '97000'),
	('SH48111', 'SiCepat', 'SSH48111', '41000'),
	('SH48349', 'JNE', 'JSH48349', '144000'),
	('SH48566', 'JNE', 'JSH48566', '37500'),
	('SH48753', 'JNE', 'JSH48753', '129000'),
	('SH48788', 'JNE', 'JSH48788', '49500'),
	('SH48940', 'JNE', 'JSH48940', '63000'),
	('SH49187', 'JNE', 'JSH49187', '10500'),
	('SH49208', 'JNE', 'JSH49208', '78000'),
	('SH49280', 'JNE', 'JSH49280', '105000'),
	('SH50144', 'SiCepat', 'SSH50144', '62000'),
	('SH50208', 'JNE', 'JSH50208', '70500'),
	('SH50373', 'SiCepat', 'SSH50373', '78000'),
	('SH50472', 'JNE', 'JSH50472', '70500'),
	('SH50614', 'JNE', 'JSH50614', '10500'),
	('SH50734', 'SiCepat', 'SSH50734', '13000'),
	('SH50750', 'JNE', 'JSH50750', '76500'),
	('SH51113', 'JNE', 'JSH51113', '60000'),
	('SH51280', 'JNE', 'JSH51280', '141000'),
	('SH51364', 'SiCepat', 'SSH51364', '25000'),
	('SH51485', 'JNE', 'JSH51485', '42000'),
	('SH51654', 'SiCepat', 'SSH51654', '69000'),
	('SH51902', 'SiCepat', 'SSH51902', '92000'),
	('SH52068', 'JNE', 'JSH52068', '10500'),
	('SH52144', 'SiCepat', 'SSH52144', '19000'),
	('SH52368', 'JNE', 'JSH52368', '10500'),
	('SH52939', 'SiCepat', 'SSH52939', '86000'),
	('SH52992', 'JNE', 'JSH52992', '61500'),
	('SH53533', 'JNE', 'JSH53533', '67500'),
	('SH53542', 'JNE', 'JSH53542', '55500'),
	('SH53543', 'JNE', 'JSH53543', '0'),
	('SH53608', 'JNE', 'JSH53608', '58500'),
	('SH53684', 'JNE', 'JSH53684', '111000'),
	('SH53982', 'JNE', 'JSH53982', '43500'),
	('SH54003', 'JNE', 'JSH54003', '24000'),
	('SH54011', 'JNE', 'JSH54011', '67500'),
	('SH54053', 'SiCepat', 'SSH54053', '75000'),
	('SH54624', 'JNE', 'JSH54624', '123000'),
	('SH54731', 'JNE', 'JSH54731', '75000'),
	('SH54884', 'SiCepat', 'SSH54884', '92000'),
	('SH54895', 'JNE', 'JSH54895', '94500'),
	('SH55139', 'JNE', 'JSH55139', '37500'),
	('SH55147', 'SiCepat', 'SSH55147', '5000'),
	('SH55895', 'JNE', 'JSH55895', '129000'),
	('SH55917', 'JNE', 'JSH55917', '55500'),
	('SH56715', 'SiCepat', 'SSH56715', '37000'),
	('SH56809', 'JNE', 'JSH56809', '141000'),
	('SH56901', 'SiCepat', 'SSH56901', '100000'),
	('SH56998', 'JNE', 'JSH56998', '90000'),
	('SH56999', 'SiCepat', 'SSH56999', '28000'),
	('SH57147', 'JNE', 'JSH57147', '25500'),
	('SH57161', 'SiCepat', 'SSH57161', '76000'),
	('SH57250', 'JNE', 'JSH57250', '22500'),
	('SH57521', 'SiCepat', 'SSH57521', '61000'),
	('SH58046', 'JNE', 'JSH58046', '94500'),
	('SH58299', 'SiCepat', 'SSH58299', '39000'),
	('SH58603', 'JNE', 'JSH58603', '48000'),
	('SH58776', 'SiCepat', 'SSH58776', '54000'),
	('SH58991', 'SiCepat', 'SSH58991', '24000'),
	('SH59867', 'JNE', 'JSH59867', '90000'),
	('SH59874', 'SiCepat', 'SSH59874', '61000'),
	('SH59989', 'JNE', 'JSH59989', '22500'),
	('SH60031', 'JNE', 'JSH60031', '57000'),
	('SH60101', 'JNE', 'JSH60101', '109500'),
	('SH60270', 'SiCepat', 'SSH60270', '60000'),
	('SH60620', 'SiCepat', 'SSH60620', '97000'),
	('SH60625', 'JNE', 'JSH60625', '72000'),
	('SH60668', 'SiCepat', 'SSH60668', '20000'),
	('SH60773', 'JNE', 'JSH60773', '49500'),
	('SH60862', 'SiCepat', 'SSH60862', '53000'),
	('SH60922', 'SiCepat', 'SSH60922', '97000'),
	('SH61077', 'JNE', 'JSH61077', '136500'),
	('SH61452', 'JNE', 'JSH61452', '78000'),
	('SH61562', 'JNE', 'JSH61562', '141000'),
	('SH62067', 'JNE', 'JSH62067', '61500'),
	('SH63566', 'SiCepat', 'SSH63566', '9000'),
	('SH63671', 'JNE', 'JSH63671', '84000'),
	('SH63733', 'JNE', 'JSH63733', '49500'),
	('SH63734', 'JNE', 'JSH63734', '145500'),
	('SH64127', 'SiCepat', 'SSH64127', '76000'),
	('SH64146', 'SiCepat', 'SSH64146', '71000'),
	('SH65088', 'SiCepat', 'SSH65088', '95000'),
	('SH65212', 'JNE', 'JSH65212', '148500'),
	('SH65742', 'SiCepat', 'SSH65742', '65000'),
	('SH66128', 'SiCepat', 'SSH66128', '100000'),
	('SH66203', 'JNE', 'JSH66203', '49500'),
	('SH66223', 'JNE', 'JSH66223', '142500'),
	('SH66531', 'JNE', 'JSH66531', '27000'),
	('SH66803', 'SiCepat', 'SSH66803', '28000'),
	('SH66900', 'SiCepat', 'SSH66900', '24000'),
	('SH67178', 'JNE', 'JSH67178', '142500'),
	('SH67218', 'JNE', 'JSH67218', '105000'),
	('SH67228', 'SiCepat', 'SSH67228', '75000'),
	('SH67439', 'SiCepat', 'SSH67439', '75000'),
	('SH67491', 'JNE', 'JSH67491', '115500'),
	('SH67679', 'SiCepat', 'SSH67679', '96000'),
	('SH68104', 'JNE', 'JSH68104', '129000'),
	('SH68170', 'JNE', 'JSH68170', '42000'),
	('SH68299', 'JNE', 'JSH68299', '138000'),
	('SH68311', 'SiCepat', 'SSH68311', '90000'),
	('SH68709', 'JNE', 'JSH68709', '60000'),
	('SH68899', 'JNE', 'JSH68899', '94500'),
	('SH69210', 'SiCepat', 'SSH69210', '51000'),
	('SH69433', 'SiCepat', 'SSH69433', '95000'),
	('SH69722', 'SiCepat', 'SSH69722', '33000'),
	('SH69763', 'JNE', 'JSH69763', '10500'),
	('SH70273', 'JNE', 'JSH70273', '93000'),
	('SH70650', 'JNE', 'JSH70650', '40500'),
	('SH70659', 'JNE', 'JSH70659', '127500'),
	('SH70691', 'SiCepat', 'SSH70691', '100000'),
	('SH70919', 'JNE', 'JSH70919', '147000'),
	('SH71033', 'SiCepat', 'SSH71033', '94000'),
	('SH71401', 'JNE', 'JSH71401', '9000'),
	('SH71505', 'JNE', 'JSH71505', '123000'),
	('SH71702', 'JNE', 'JSH71702', '18000'),
	('SH71778', 'SiCepat', 'SSH71778', '68000'),
	('SH71836', 'JNE', 'JSH71836', '18000'),
	('SH72169', 'SiCepat', 'SSH72169', '6000'),
	('SH72642', 'JNE', 'JSH72642', '36000'),
	('SH72684', 'SiCepat', 'SSH72684', '85000'),
	('SH72856', 'JNE', 'JSH72856', '9000'),
	('SH73499', 'SiCepat', 'SSH73499', '53000'),
	('SH73544', 'SiCepat', 'SSH73544', '43000'),
	('SH73716', 'JNE', 'JSH73716', '52500'),
	('SH73759', 'JNE', 'JSH73759', '139500'),
	('SH73767', 'SiCepat', 'SSH73767', '70000'),
	('SH73866', 'JNE', 'JSH73866', '79500'),
	('SH74111', 'JNE', 'JSH74111', '40500'),
	('SH74184', 'SiCepat', 'SSH74184', '85000'),
	('SH74665', 'SiCepat', 'SSH74665', '51000'),
	('SH75016', 'SiCepat', 'SSH75016', '78000'),
	('SH75124', 'JNE', 'JSH75124', '127500'),
	('SH75193', 'SiCepat', 'SSH75193', '74000'),
	('SH75247', 'JNE', 'JSH75247', '75000'),
	('SH75331', 'JNE', 'JSH75331', '145500'),
	('SH75350', 'SiCepat', 'SSH75350', '65000'),
	('SH75752', 'SiCepat', 'SSH75752', '63000'),
	('SH75813', 'JNE', 'JSH75813', '138000'),
	('SH75889', 'SiCepat', 'SSH75889', '55000'),
	('SH75924', 'JNE', 'JSH75924', '126000'),
	('SH76019', 'SiCepat', 'SSH76019', '31000'),
	('SH76842', 'JNE', 'JSH76842', '94500'),
	('SH76927', 'JNE', 'JSH76927', '97500'),
	('SH77367', 'SiCepat', 'SSH77367', '48000'),
	('SH77441', 'SiCepat', 'SSH77441', '53000'),
	('SH77890', 'JNE', 'JSH77890', '148500'),
	('SH78372', 'SiCepat', 'SSH78372', '47000'),
	('SH78490', 'SiCepat', 'SSH78490', '14000'),
	('SH78633', 'SiCepat', 'SSH78633', '65000'),
	('SH78786', 'JNE', 'JSH78786', '84000'),
	('SH79329', 'SiCepat', 'SSH79329', '77000'),
	('SH79479', 'SiCepat', 'SSH79479', '85000'),
	('SH79519', 'JNE', 'JSH79519', '147000'),
	('SH79900', 'SiCepat', 'SSH79900', '20000'),
	('SH80462', 'SiCepat', 'SSH80462', '91000'),
	('SH80568', 'SiCepat', 'SSH80568', '32000'),
	('SH80617', 'SiCepat', 'SSH80617', '23000'),
	('SH80636', 'JNE', 'JSH80636', '31500'),
	('SH80758', 'SiCepat', 'SSH80758', '37000'),
	('SH80831', 'JNE', 'JSH80831', '138000'),
	('SH80885', 'JNE', 'JSH80885', '48000'),
	('SH80922', 'JNE', 'JSH80922', '109500'),
	('SH80953', 'JNE', 'JSH80953', '108000'),
	('SH81191', 'SiCepat', 'SSH81191', '58000'),
	('SH81210', 'SiCepat', 'SSH81210', '78000'),
	('SH81422', 'JNE', 'JSH81422', '27000'),
	('SH81477', 'JNE', 'JSH81477', '42000'),
	('SH81633', 'JNE', 'JSH81633', '78000'),
	('SH82688', 'SiCepat', 'SSH82688', '35000'),
	('SH82733', 'SiCepat', 'SSH82733', '51000'),
	('SH82789', 'SiCepat', 'SSH82789', '12000'),
	('SH84059', 'SiCepat', 'SSH84059', '51000'),
	('SH84391', 'SiCepat', 'SSH84391', '44000'),
	('SH84449', 'JNE', 'JSH84449', '7500'),
	('SH84560', 'JNE', 'JSH84560', '145500'),
	('SH84845', 'JNE', 'JSH84845', '90000'),
	('SH84860', 'SiCepat', 'SSH84860', '35000'),
	('SH84899', 'SiCepat', 'SSH84899', '54000'),
	('SH85613', 'SiCepat', 'SSH85613', '16000'),
	('SH85635', 'SiCepat', 'SSH85635', '32000'),
	('SH85748', 'SiCepat', 'SSH85748', '92000'),
	('SH85860', 'SiCepat', 'SSH85860', '94000'),
	('SH86854', 'SiCepat', 'SSH86854', '75000'),
	('SH87196', 'JNE', 'JSH87196', '81000'),
	('SH87291', 'SiCepat', 'SSH87291', '28000'),
	('SH87635', 'JNE', 'JSH87635', '82500'),
	('SH87881', 'JNE', 'JSH87881', '13500'),
	('SH88219', 'JNE', 'JSH88219', '69000'),
	('SH88813', 'JNE', 'JSH88813', '31500'),
	('SH88846', 'SiCepat', 'SSH88846', '64000'),
	('SH89801', 'SiCepat', 'SSH89801', '91000'),
	('SH89802', 'JNE', 'JSH89802', '58500'),
	('SH89868', 'JNE', 'JSH89868', '97500'),
	('SH90223', 'SiCepat', 'SSH90223', '41000'),
	('SH90621', 'SiCepat', 'SSH90621', '17000'),
	('SH90674', 'SiCepat', 'SSH90674', '24000'),
	('SH90676', 'JNE', 'JSH90676', '42000'),
	('SH90685', 'SiCepat', 'SSH90685', '80000'),
	('SH90731', 'SiCepat', 'SSH90731', '15000'),
	('SH90841', 'JNE', 'JSH90841', '31500'),
	('SH91098', 'SiCepat', 'SSH91098', '45000'),
	('SH91112', 'SiCepat', 'SSH91112', '16000'),
	('SH91567', 'SiCepat', 'SSH91567', '62000'),
	('SH91688', 'JNE', 'JSH91688', '36000'),
	('SH91752', 'SiCepat', 'SSH91752', '65000'),
	('SH91878', 'SiCepat', 'SSH91878', '37000'),
	('SH92120', 'JNE', 'JSH92120', '61500'),
	('SH92938', 'JNE', 'JSH92938', '84000'),
	('SH93306', 'SiCepat', 'SSH93306', '35000'),
	('SH93476', 'JNE', 'JSH93476', '141000'),
	('SH93586', 'JNE', 'JSH93586', '148500'),
	('SH93760', 'SiCepat', 'SSH93760', '20000'),
	('SH93802', 'SiCepat', 'SSH93802', '15000'),
	('SH93815', 'SiCepat', 'SSH93815', '84000'),
	('SH93848', 'SiCepat', 'SSH93848', '5000'),
	('SH93903', 'SiCepat', 'SSH93903', '11000'),
	('SH94185', 'SiCepat', 'SSH94185', '51000'),
	('SH94204', 'JNE', 'JSH94204', '102000'),
	('SH94470', 'JNE', 'JSH94470', '19500'),
	('SH94542', 'SiCepat', 'SSH94542', '14000'),
	('SH94807', 'JNE', 'JSH94807', '76500'),
	('SH94842', 'JNE', 'JSH94842', '70500'),
	('SH94938', 'SiCepat', 'SSH94938', '75000'),
	('SH94963', 'JNE', 'JSH94963', '148500'),
	('SH95483', 'SiCepat', 'SSH95483', '8000'),
	('SH95502', 'JNE', 'JSH95502', '142500'),
	('SH95959', 'SiCepat', 'SSH95959', '75000'),
	('SH96081', 'SiCepat', 'SSH96081', '85000'),
	('SH96270', 'SiCepat', 'SSH96270', '86000'),
	('SH96447', 'JNE', 'JSH96447', '37500'),
	('SH96703', 'JNE', 'JSH96703', '37500'),
	('SH96968', 'JNE', 'JSH96968', '78000'),
	('SH97058', 'SiCepat', 'SSH97058', '19000'),
	('SH97252', 'SiCepat', 'SSH97252', '54000'),
	('SH97727', 'SiCepat', 'SSH97727', '27000'),
	('SH97779', 'JNE', 'JSH97779', '52500'),
	('SH97817', 'SiCepat', 'SSH97817', '63000'),
	('SH98114', 'JNE', 'JSH98114', '57000'),
	('SH98203', 'JNE', 'JSH98203', '90000'),
	('SH98206', 'SiCepat', 'SSH98206', '63000'),
	('SH98269', 'JNE', 'JSH98269', '111000'),
	('SH98354', 'JNE', 'JSH98354', '103500'),
	('SH98359', 'JNE', 'JSH98359', '82500'),
	('SH98562', 'SiCepat', 'SSH98562', '75000'),
	('SH98747', 'JNE', 'JSH98747', '78000'),
	('SH98836', 'SiCepat', 'SSH98836', '89000'),
	('SH98978', 'SiCepat', 'SSH98978', '96000'),
	('SH99107', 'SiCepat', 'SSH99107', '32000'),
	('SH99487', 'JNE', 'JSH99487', '9000'),
	('SH99591', 'JNE', 'JSH99591', '19500'),
	('SH99668', 'JNE', 'JSH99668', '70500'),
	('SH99679', 'JNE', 'JSH99679', '48000'),
	('SH99772', 'JNE', 'JSH99772', '37500'),
	('SH99815', 'JNE', 'JSH99815', '108000'),
	('SH99930', 'SiCepat', 'SSH99930', '33000');

-- Dumping structure for procedure dbecommerce.spGetLatestOrder
DROP PROCEDURE IF EXISTS `spGetLatestOrder`;
DELIMITER //
CREATE PROCEDURE `spGetLatestOrder`()
BEGIN
SELECT * FROM orders
ORDER BY order_number DESC
LIMIT 1;
END//
DELIMITER ;

-- Dumping structure for procedure dbecommerce.spInsertOrderDetails
DROP PROCEDURE IF EXISTS `spInsertOrderDetails`;
DELIMITER //
CREATE PROCEDURE `spInsertOrderDetails`(
	IN `order_number_in` VARCHAR(50),
	IN `product_id_in` VARCHAR(50),
	IN `quantity_in` BIGINT,
	IN `total_price_in` BIGINT
)
BEGIN
INSERT INTO dbecommerce.order_details (order_number, product_id, quantity, total_price) 
VALUES (order_number_in, product_id_in, quantity_in, total_price_in);
END//
DELIMITER ;

-- Dumping structure for procedure dbecommerce.spInsertOrderPerSeller
DROP PROCEDURE IF EXISTS `spInsertOrderPerSeller`;
DELIMITER //
CREATE PROCEDURE `spInsertOrderPerSeller`(
	IN `order_number_in` VARCHAR(50),
	IN `cust_id_in` VARCHAR(50),
	IN `seller_id_in` VARCHAR(50),
	IN `shipping_id_in` VARCHAR(50),
	IN `payment_amount_in` BIGINT
)
BEGIN
INSERT INTO dbecommerce.order_per_seller (order_number, cust_id, seller_id, shipping_id, payment_amount) 
VALUES (order_number_in, cust_id_in, seller_id_in, shipping_id_in, payment_amount_in);
END//
DELIMITER ;

-- Dumping structure for procedure dbecommerce.spInsertOrders
DROP PROCEDURE IF EXISTS `spInsertOrders`;
DELIMITER //
CREATE PROCEDURE `spInsertOrders`(
	IN `order_number_in` VARCHAR(50),
	IN `cust_id_in` VARCHAR(50),
	IN `total_payment_in` BIGINT,
	IN `transaction_id_in` VARCHAR(50)
)
BEGIN
INSERT INTO dbecommerce.orders (order_number, cust_id, order_date, total_payment, transaction_id, payment_date) 
VALUES (order_number_in, cust_id_in, CURDATE(), total_payment_in, transaction_id_in, CURDATE());
END//
DELIMITER ;

-- Dumping structure for procedure dbecommerce.spUpdateCart1
DROP PROCEDURE IF EXISTS `spUpdateCart1`;
DELIMITER //
CREATE PROCEDURE `spUpdateCart1`(
	IN `in_cust_id` VARCHAR(50),
	IN `in_product_id` VARCHAR(50),
	IN `in_quantity` INT
)
BEGIN
	IF EXISTS (SELECT * FROM cart WHERE cust_id = in_cust_id AND product_id = in_product_id) THEN
		UPDATE cart SET quantity = quantity + in_quantity WHERE cust_id = in_cust_id AND product_id = in_product_id;
	ELSE 
		INSERT INTO cart (cust_id, product_id, quantity) VALUES (in_cust_id, in_product_id, in_quantity);
	END IF;
END//
DELIMITER ;

-- Dumping structure for trigger dbecommerce.after_insert_orderdetails_1
DROP TRIGGER IF EXISTS `after_insert_orderdetails_1`;
SET @OLDTMP_SQL_MODE=@@SQL_MODE, SQL_MODE='STRICT_TRANS_TABLES,NO_ENGINE_SUBSTITUTION';
DELIMITER //
CREATE TRIGGER `after_insert_orderdetails_1` AFTER INSERT ON `order_details` FOR EACH ROW BEGIN
DELETE FROM cart 
WHERE product_id = NEW.product_id
AND cust_id = (SELECT DISTINCT cust_id FROM orders
WHERE orders.order_number = NEW.order_number);
END//
DELIMITER ;
SET SQL_MODE=@OLDTMP_SQL_MODE;


-- Dumping database structure for dbpayment
DROP DATABASE IF EXISTS `dbpayment`;
CREATE DATABASE IF NOT EXISTS `dbpayment` /*!40100 DEFAULT CHARACTER SET utf8mb4 COLLATE utf8mb4_0900_ai_ci */ /*!80016 DEFAULT ENCRYPTION='N' */;
USE `dbpayment`;

-- Dumping structure for table dbpayment.payment
DROP TABLE IF EXISTS `payment`;
CREATE TABLE IF NOT EXISTS `payment` (
  `transaction_id` varchar(40) CHARACTER SET utf8mb4 COLLATE utf8mb4_0900_ai_ci NOT NULL,
  `fraud_status` varchar(10) NOT NULL,
  `gross_amount` int NOT NULL,
  `order_id` varchar(10) NOT NULL,
  `payment_type` varchar(20) NOT NULL,
  `pdf_url` varchar(250) CHARACTER SET utf8mb4 COLLATE utf8mb4_0900_ai_ci NOT NULL,
  `status_code` smallint NOT NULL,
  `status_message` varchar(30) NOT NULL,
  `transaction_status` varchar(10) NOT NULL,
  `transaction_time` datetime NOT NULL
) ENGINE=InnoDB DEFAULT CHARSET=utf8mb4 COLLATE=utf8mb4_0900_ai_ci;

-- Dumping data for table dbpayment.payment: ~200 rows (approximately)
DELETE FROM `payment`;
INSERT INTO `payment` (`transaction_id`, `fraud_status`, `gross_amount`, `order_id`, `payment_type`, `pdf_url`, `status_code`, `status_message`, `transaction_status`, `transaction_time`) VALUES
	('zyw28385-5vwp-fk20-8upb-iofm6svdo8xr', 'accept', 7223554, 'OR008032', 'credit_card', 'http://dummyimage.com/214x100.png/dddddd/000000', 200, 'Success, transaction is found', 'settlement', '2022-06-24 00:00:00'),
	('zt2hqk10-r3a3-qm43-h236-xb1ih4c4sbfn', 'accept', 5782887, 'OR014945', 'bca_klikbca', 'http://dummyimage.com/117x100.png/dddddd/000000', 200, 'Success, transaction is found', 'settlement', '2023-01-16 00:00:00'),
	('znl4e0de-k1z9-6pkn-k7na-jsx2go6n5b3s', 'accept', 14056682, 'OR016846', 'bank_transfer', 'http://dummyimage.com/225x100.png/5fa2dd/ffffff', 200, 'Success, transaction is found', 'settlement', '2023-04-09 00:00:00'),
	('zn4eojyg-g4jt-f3en-iigh-q3znru6qc9ck', 'accept', 11545418, 'OR023439', 'echannel', 'http://dummyimage.com/221x100.png/cc0000/ffffff', 200, 'Success, transaction is found', 'settlement', '2022-12-23 00:00:00'),
	('zba9qny4-53bi-63uh-jau0-9jfy8mxtds42', 'accept', 16398062, 'OR028572', 'bca_klikpay', 'http://dummyimage.com/131x100.png/dddddd/000000', 200, 'Success, transaction is found', 'settlement', '2022-10-27 00:00:00'),
	('za3mvhvg-j59h-ni0w-83t1-68kostzoqy2z', 'accept', 8048930, 'OR046745', 'gopay', 'http://dummyimage.com/164x100.png/5fa2dd/ffffff', 200, 'Success, transaction is found', 'settlement', '2022-08-13 00:00:00'),
	('z73j68nw-5r8t-72rb-zrw9-876nf2pmvos5', 'accept', 16191126, 'OR049601', 'credit_card', 'http://dummyimage.com/126x100.png/dddddd/000000', 200, 'Success, transaction is found', 'settlement', '2022-11-21 00:00:00'),
	('z5kzg8o2-a0he-b3b6-l0vm-mhx83mt6kfyk', 'accept', 1639124, 'OR050456', 'qris', 'http://dummyimage.com/197x100.png/ff4444/ffffff', 200, 'Success, transaction is found', 'settlement', '2023-05-18 00:00:00'),
	('z31m8l6n-me1n-o87j-uide-t279kwm09eq3', 'accept', 12680509, 'OR058013', 'bca_klikpay', 'http://dummyimage.com/185x100.png/cc0000/ffffff', 200, 'Success, transaction is found', 'settlement', '2022-08-27 00:00:00'),
	('z2jua4jk-lx5r-w5mt-42m9-mle8pywkitcw', 'accept', 8718260, 'OR061638', 'qris', 'http://dummyimage.com/205x100.png/cc0000/ffffff', 200, 'Success, transaction is found', 'settlement', '2023-04-01 00:00:00'),
	('z2bz9o6r-r1sx-r5q9-x57z-06vov2b3621z', 'accept', 2058730, 'OR074955', 'cstore', 'http://dummyimage.com/177x100.png/ff4444/ffffff', 200, 'Success, transaction is found', 'settlement', '2023-04-04 00:00:00'),
	('yyy69vb3-1dzb-hdeq-jkex-42th031bf8ol', 'accept', 9624818, 'OR077887', 'gopay', 'http://dummyimage.com/119x100.png/5fa2dd/ffffff', 200, 'Success, transaction is found', 'settlement', '2023-03-05 00:00:00'),
	('yyjyh7w5-bqy7-t0i6-4lwg-9wb9ufu1j746', 'accept', 18264593, 'OR083225', 'credit_card', 'http://dummyimage.com/104x100.png/dddddd/000000', 200, 'Success, transaction is found', 'settlement', '2022-07-31 00:00:00'),
	('ywwhe8cp-k86h-4knk-cjs7-6wmscicffeeg', 'accept', 24512886, 'OR096235', 'gopay', 'http://dummyimage.com/192x100.png/cc0000/ffffff', 200, 'Success, transaction is found', 'settlement', '2022-07-27 00:00:00'),
	('ywc84e5g-qj4v-o0h7-a717-flufdh3jrht1', 'accept', 14919804, 'OR115575', 'cstore', 'http://dummyimage.com/111x100.png/dddddd/000000', 200, 'Success, transaction is found', 'settlement', '2022-08-26 00:00:00'),
	('yswspe4j-h51z-2qoy-e17n-vdum9qmfxbe6', 'accept', 13444142, 'OR124844', 'echannel', 'http://dummyimage.com/128x100.png/dddddd/000000', 200, 'Success, transaction is found', 'settlement', '2023-04-07 00:00:00'),
	('ysdobff2-tutz-sqg3-g7ni-19fzpzj7xd22', 'accept', 5863004, 'OR127047', 'bca_klikpay', 'http://dummyimage.com/238x100.png/dddddd/000000', 200, 'Success, transaction is found', 'settlement', '2023-01-07 00:00:00'),
	('ymd7jjt1-lt63-kvi7-ykdl-m4w6khzqqwqc', 'accept', 14406982, 'OR132953', 'echannel', 'http://dummyimage.com/176x100.png/5fa2dd/ffffff', 200, 'Success, transaction is found', 'settlement', '2023-04-11 00:00:00'),
	('yjuk2yaw-rxsg-5uiy-gcbb-6v8usf37nfdb', 'accept', 13194026, 'OR133210', 'credit_card', 'http://dummyimage.com/146x100.png/ff4444/ffffff', 200, 'Success, transaction is found', 'settlement', '2022-09-14 00:00:00'),
	('yi7109qc-3lof-coe5-8y7j-89zo8sx79bml', 'accept', 3834254, 'OR137529', 'qris', 'http://dummyimage.com/170x100.png/dddddd/000000', 200, 'Success, transaction is found', 'settlement', '2022-11-05 00:00:00'),
	('yhn7868x-dngg-fyxn-ahak-8ac9v5113b0i', 'accept', 15691485, 'OR138403', 'credit_card', 'http://dummyimage.com/148x100.png/5fa2dd/ffffff', 200, 'Success, transaction is found', 'settlement', '2022-12-20 00:00:00'),
	('ygys8wzt-lc55-yeef-zfmu-i9lpm2l2c0qm', 'accept', 16693037, 'OR156832', 'echannel', 'http://dummyimage.com/250x100.png/cc0000/ffffff', 200, 'Success, transaction is found', 'settlement', '2023-02-28 00:00:00'),
	('yez31d27-wtl8-nq59-44p6-lomt48uy9n30', 'accept', 14770416, 'OR161777', 'credit_card', 'http://dummyimage.com/222x100.png/cc0000/ffffff', 200, 'Success, transaction is found', 'settlement', '2023-04-15 00:00:00'),
	('y8nlrhff-ej1u-vgx7-85jz-apbaegacuir3', 'accept', 1853018, 'OR163921', 'bca_klikbca', 'http://dummyimage.com/186x100.png/ff4444/ffffff', 200, 'Success, transaction is found', 'settlement', '2022-10-27 00:00:00'),
	('y8cxchnw-mszh-u7jb-exe8-dferddx6u2m6', 'accept', 12280952, 'OR168862', 'gopay', 'http://dummyimage.com/239x100.png/ff4444/ffffff', 200, 'Success, transaction is found', 'settlement', '2022-11-26 00:00:00'),
	('y5knci7c-58pi-gbxe-5kvp-3eaxc7ojr820', 'accept', 8412952, 'OR172674', 'qris', 'http://dummyimage.com/201x100.png/cc0000/ffffff', 200, 'Success, transaction is found', 'settlement', '2022-12-11 00:00:00'),
	('y4x0nfrz-8vem-zror-fsv6-8clbt48g0f8i', 'accept', 12046810, 'OR182851', 'credit_card', 'http://dummyimage.com/172x100.png/5fa2dd/ffffff', 200, 'Success, transaction is found', 'settlement', '2023-05-12 00:00:00'),
	('xwzhs8e0-umy5-lhz0-4tts-18ylsc0pgijq', 'accept', 5441640, 'OR186975', 'qris', 'http://dummyimage.com/103x100.png/cc0000/ffffff', 200, 'Success, transaction is found', 'settlement', '2022-12-03 00:00:00'),
	('xrt0ez3p-hf4b-ytt8-g15d-mx16jbl7i90h', 'accept', 5687096, 'OR189444', 'bca_klikbca', 'http://dummyimage.com/165x100.png/cc0000/ffffff', 200, 'Success, transaction is found', 'settlement', '2023-01-11 00:00:00'),
	('xq80game-7vb9-d5pz-kim0-hksaaxxyduio', 'accept', 18113872, 'OR194554', 'bca_klikpay', 'http://dummyimage.com/216x100.png/ff4444/ffffff', 200, 'Success, transaction is found', 'settlement', '2023-03-23 00:00:00'),
	('xpgk2iyt-n78c-tu7o-ln8p-vtc7cm95c4hz', 'accept', 22222424, 'OR197358', 'echannel', 'http://dummyimage.com/184x100.png/5fa2dd/ffffff', 200, 'Success, transaction is found', 'settlement', '2023-05-09 00:00:00'),
	('xorylgby-cdp6-w79c-6ea9-quwfhd8zbb02', 'accept', 8029640, 'OR197828', 'bca_klikpay', 'http://dummyimage.com/139x100.png/ff4444/ffffff', 200, 'Success, transaction is found', 'settlement', '2023-03-10 00:00:00'),
	('xmvgg3uf-04s3-nm92-dzfl-8ayr1b7evpi6', 'accept', 4845986, 'OR198529', 'cstore', 'http://dummyimage.com/155x100.png/ff4444/ffffff', 200, 'Success, transaction is found', 'settlement', '2023-02-19 00:00:00'),
	('xhjgwele-c7ie-6c7i-l52k-22ww0sx1pi1a', 'accept', 14157642, 'OR211246', 'credit_card', 'http://dummyimage.com/152x100.png/cc0000/ffffff', 200, 'Success, transaction is found', 'settlement', '2022-08-25 00:00:00'),
	('xhbsg7nw-2vav-k8r7-n6sm-nl3ag7xdsuga', 'accept', 1828216, 'OR220875', 'echannel', 'http://dummyimage.com/167x100.png/ff4444/ffffff', 200, 'Success, transaction is found', 'settlement', '2023-01-29 00:00:00'),
	('xaiiwvwa-2djk-13ll-hue0-m7x9ku8stqxi', 'accept', 9593925, 'OR226616', 'echannel', 'http://dummyimage.com/111x100.png/dddddd/000000', 200, 'Success, transaction is found', 'settlement', '2023-04-04 00:00:00'),
	('x9ybz2xz-07b3-c4ui-8s0d-k78f8cr9sagh', 'accept', 3133948, 'OR229077', 'bca_klikbca', 'http://dummyimage.com/102x100.png/cc0000/ffffff', 200, 'Success, transaction is found', 'settlement', '2022-11-03 00:00:00'),
	('x6fywjbz-avb3-lfwp-f8r7-ttmqnq5ku95v', 'accept', 13291999, 'OR233183', 'bca_klikbca', 'http://dummyimage.com/184x100.png/cc0000/ffffff', 200, 'Success, transaction is found', 'settlement', '2023-04-19 00:00:00'),
	('x5w4wkxh-m6po-nlkf-al1e-21vqd98h5r03', 'accept', 3669008, 'OR233731', 'echannel', 'http://dummyimage.com/190x100.png/5fa2dd/ffffff', 200, 'Success, transaction is found', 'settlement', '2022-11-17 00:00:00'),
	('x4bg3g6q-syhx-7qnp-mgz7-t8nj06nzw41p', 'accept', 11870367, 'OR237580', 'bca_klikpay', 'http://dummyimage.com/125x100.png/dddddd/000000', 200, 'Success, transaction is found', 'settlement', '2022-10-30 00:00:00'),
	('x3sbp9qg-rhmz-072v-66a8-qs0lccnt7dk4', 'accept', 24597504, 'OR239488', 'cstore', 'http://dummyimage.com/183x100.png/dddddd/000000', 200, 'Success, transaction is found', 'settlement', '2022-12-28 00:00:00'),
	('wyrh62q4-x55k-h1yw-2d9t-2chhwcw8e8xi', 'accept', 7016030, 'OR241762', 'credit_card', 'http://dummyimage.com/124x100.png/ff4444/ffffff', 200, 'Success, transaction is found', 'settlement', '2023-03-08 00:00:00'),
	('wru3unp8-2v5s-hjmq-rrgz-k7ra364qh31i', 'accept', 8453856, 'OR248868', 'echannel', 'http://dummyimage.com/173x100.png/dddddd/000000', 200, 'Success, transaction is found', 'settlement', '2023-04-05 00:00:00'),
	('wq44obec-g5su-gb88-6ok3-34uczrb1coui', 'accept', 2624152, 'OR256346', 'bca_klikpay', 'http://dummyimage.com/115x100.png/dddddd/000000', 200, 'Success, transaction is found', 'settlement', '2023-02-15 00:00:00'),
	('wpm1uxxt-sx9l-0icp-yisn-gy1hhla6549z', 'accept', 5004226, 'OR265433', 'cstore', 'http://dummyimage.com/174x100.png/cc0000/ffffff', 200, 'Success, transaction is found', 'settlement', '2023-03-10 00:00:00'),
	('wpfu37eh-di13-09r6-urg6-o380392b397m', 'accept', 21584577, 'OR272570', 'credit_card', 'http://dummyimage.com/139x100.png/5fa2dd/ffffff', 200, 'Success, transaction is found', 'settlement', '2023-04-04 00:00:00'),
	('wok36w2x-ldqa-qc2g-2i0j-nihus4r6k5ej', 'accept', 20039253, 'OR290221', 'cstore', 'http://dummyimage.com/207x100.png/dddddd/000000', 200, 'Success, transaction is found', 'settlement', '2023-03-31 00:00:00'),
	('wnr2tfr5-xxuy-7xuy-p3p7-pdr3nl6vrxwt', 'accept', 3835048, 'OR293355', 'qris', 'http://dummyimage.com/193x100.png/dddddd/000000', 200, 'Success, transaction is found', 'settlement', '2022-09-19 00:00:00'),
	('wnfvfl7g-7z7t-q87q-js32-e7pag81g8pn6', 'accept', 7202562, 'OR296922', 'bca_klikbca', 'http://dummyimage.com/199x100.png/ff4444/ffffff', 200, 'Success, transaction is found', 'settlement', '2023-02-27 00:00:00'),
	('wmqsadb5-0e3j-52ax-oiz2-vkzv7ecbdf3n', 'accept', 3648636, 'OR306040', 'cstore', 'http://dummyimage.com/204x100.png/cc0000/ffffff', 200, 'Success, transaction is found', 'settlement', '2023-05-24 00:00:00'),
	('wm7u7i04-46vm-96v1-ryvh-gj5mlt6lx7d4', 'accept', 14750115, 'OR307375', 'bank_transfer', 'http://dummyimage.com/125x100.png/5fa2dd/ffffff', 200, 'Success, transaction is found', 'settlement', '2023-04-23 00:00:00'),
	('wlk202me-4fg7-reu5-af3a-xbpa650o5ork', 'accept', 22206783, 'OR310145', 'bca_klikbca', 'http://dummyimage.com/220x100.png/dddddd/000000', 200, 'Success, transaction is found', 'settlement', '2022-08-21 00:00:00'),
	('wl3njfj4-w8ub-pz11-4dst-23bhizf9kk1c', 'accept', 14204634, 'OR311796', 'bank_transfer', 'http://dummyimage.com/236x100.png/5fa2dd/ffffff', 200, 'Success, transaction is found', 'settlement', '2023-01-17 00:00:00'),
	('wjv3h2ws-43lf-if9v-fooj-wj80ocovucxy', 'accept', 4885044, 'OR317201', 'qris', 'http://dummyimage.com/200x100.png/cc0000/ffffff', 200, 'Success, transaction is found', 'settlement', '2023-02-21 00:00:00'),
	('wbd7oj9s-5xkb-e9o9-ceqy-bk7gfzq84q0t', 'accept', 8972478, 'OR329745', 'bca_klikpay', 'http://dummyimage.com/128x100.png/dddddd/000000', 200, 'Success, transaction is found', 'settlement', '2023-04-19 00:00:00'),
	('w8jdd2o2-ldcc-mrsu-6yae-s58sr4qngn5y', 'accept', 20792519, 'OR346204', 'bca_klikpay', 'http://dummyimage.com/111x100.png/cc0000/ffffff', 200, 'Success, transaction is found', 'settlement', '2022-06-24 00:00:00'),
	('w8gutxkt-oggk-4a7s-yyuy-z6wzl20qpjj3', 'accept', 12422984, 'OR346258', 'gopay', 'http://dummyimage.com/212x100.png/cc0000/ffffff', 200, 'Success, transaction is found', 'settlement', '2023-04-07 00:00:00'),
	('w69s4rh2-cg0q-rklh-4vbb-fbxjkdnsqiu2', 'accept', 8883124, 'OR347751', 'bank_transfer', 'http://dummyimage.com/182x100.png/dddddd/000000', 200, 'Success, transaction is found', 'settlement', '2022-09-20 00:00:00'),
	('w4wep7bn-ttpb-m8lf-va99-t01ch9easyzw', 'accept', 3961120, 'OR359184', 'bank_transfer', 'http://dummyimage.com/139x100.png/cc0000/ffffff', 200, 'Success, transaction is found', 'settlement', '2023-02-07 00:00:00'),
	('vvhqhxi3-5pi1-5fvn-jo1i-sttkvgsjxfef', 'accept', 3131326, 'OR362206', 'bca_klikbca', 'http://dummyimage.com/136x100.png/5fa2dd/ffffff', 200, 'Success, transaction is found', 'settlement', '2023-02-06 00:00:00'),
	('vv4mp6jz-c524-ujos-73j0-4ycsh2b9rnn3', 'accept', 8548866, 'OR373543', 'cstore', 'http://dummyimage.com/111x100.png/cc0000/ffffff', 200, 'Success, transaction is found', 'settlement', '2022-07-20 00:00:00'),
	('vnophxjn-pyyk-ss0w-1dxz-grevllhbjtso', 'accept', 11404053, 'OR375749', 'gopay', 'http://dummyimage.com/126x100.png/5fa2dd/ffffff', 200, 'Success, transaction is found', 'settlement', '2023-02-26 00:00:00'),
	('vkwtcm2x-m8tq-oo3v-6oh8-09k47ni2wjp7', 'accept', 11205762, 'OR376731', 'cstore', 'http://dummyimage.com/238x100.png/ff4444/ffffff', 200, 'Success, transaction is found', 'settlement', '2022-11-06 00:00:00'),
	('visyd2h2-vrui-enpy-0g9u-eis0r8sgq793', 'accept', 16967892, 'OR379618', 'cstore', 'http://dummyimage.com/184x100.png/ff4444/ffffff', 200, 'Success, transaction is found', 'settlement', '2022-12-16 00:00:00'),
	('vcgod5h7-r4bu-7a3l-qzvd-b3xprp32oeof', 'accept', 14888800, 'OR380551', 'bca_klikpay', 'http://dummyimage.com/116x100.png/ff4444/ffffff', 200, 'Success, transaction is found', 'settlement', '2022-08-28 00:00:00'),
	('v9kokemh-p6gt-v0fw-sgxo-qpz2zcxybkoq', 'accept', 8233806, 'OR383060', 'cstore', 'http://dummyimage.com/104x100.png/cc0000/ffffff', 200, 'Success, transaction is found', 'settlement', '2023-05-22 00:00:00'),
	('v5l7tisd-qzu5-593w-qotz-bexjk5g2b1er', 'accept', 14796996, 'OR383251', 'bank_transfer', 'http://dummyimage.com/105x100.png/5fa2dd/ffffff', 200, 'Success, transaction is found', 'settlement', '2022-10-04 00:00:00'),
	('v4vr8zbu-pq1m-khr2-siuz-5kvk8bmhz8ii', 'accept', 8014824, 'OR392080', 'bank_transfer', 'http://dummyimage.com/126x100.png/ff4444/ffffff', 200, 'Success, transaction is found', 'settlement', '2023-03-07 00:00:00'),
	('v491kapi-2ey9-88fr-pu0t-3qasfhvqu4sm', 'accept', 5488314, 'OR392997', 'credit_card', 'http://dummyimage.com/231x100.png/dddddd/000000', 200, 'Success, transaction is found', 'settlement', '2022-07-08 00:00:00'),
	('ux7s2uqd-avi4-usdz-zg9u-euct42kpvpb9', 'accept', 20990288, 'OR393671', 'echannel', 'http://dummyimage.com/244x100.png/ff4444/ffffff', 200, 'Success, transaction is found', 'settlement', '2022-12-04 00:00:00'),
	('uwc32lpu-fl1p-82nu-lksb-zw5dgz5br1fo', 'accept', 4510192, 'OR393877', 'qris', 'http://dummyimage.com/162x100.png/cc0000/ffffff', 200, 'Success, transaction is found', 'settlement', '2022-07-15 00:00:00'),
	('uw84hrde-h29x-p19i-a1bf-g9zuspu5tiju', 'accept', 8550916, 'OR395436', 'bank_transfer', 'http://dummyimage.com/229x100.png/dddddd/000000', 200, 'Success, transaction is found', 'settlement', '2023-01-20 00:00:00'),
	('uufs8pcw-eklo-ic36-oe6y-21p5p9dhhoab', 'accept', 10753091, 'OR395541', 'credit_card', 'http://dummyimage.com/116x100.png/ff4444/ffffff', 200, 'Success, transaction is found', 'settlement', '2022-10-29 00:00:00'),
	('uqobozl3-0ypt-n8l7-cbfz-tsg8lc5otccw', 'accept', 9506682, 'OR406119', 'cstore', 'http://dummyimage.com/235x100.png/dddddd/000000', 200, 'Success, transaction is found', 'settlement', '2022-06-25 00:00:00'),
	('un4d0mf2-vw2o-spq7-4kx5-xa6z0b5hr27l', 'accept', 14299578, 'OR410657', 'bca_klikpay', 'http://dummyimage.com/124x100.png/dddddd/000000', 200, 'Success, transaction is found', 'settlement', '2023-02-08 00:00:00'),
	('uif6a0cr-7fck-byu4-lnjv-qyocfplvaod1', 'accept', 8976356, 'OR415828', 'bca_klikpay', 'http://dummyimage.com/149x100.png/ff4444/ffffff', 200, 'Success, transaction is found', 'settlement', '2022-07-26 00:00:00'),
	('uej3in4k-r847-lxwe-qp4h-lhvi3x39cwut', 'accept', 20670141, 'OR436505', 'gopay', 'http://dummyimage.com/139x100.png/ff4444/ffffff', 200, 'Success, transaction is found', 'settlement', '2023-05-12 00:00:00'),
	('ucahhraq-6e55-5bsq-6wzx-9ojaq4qj0q15', 'accept', 9283260, 'OR451329', 'credit_card', 'http://dummyimage.com/110x100.png/5fa2dd/ffffff', 200, 'Success, transaction is found', 'settlement', '2022-06-17 00:00:00'),
	('ubq8obkp-uprq-gl2l-w4ez-ke3l5z0f48p8', 'accept', 3760844, 'OR452975', 'credit_card', 'http://dummyimage.com/127x100.png/5fa2dd/ffffff', 200, 'Success, transaction is found', 'settlement', '2022-10-23 00:00:00'),
	('u90yeoup-j9ul-fykq-efe8-kpa4za0ljoxz', 'accept', 7498444, 'OR453293', 'bca_klikpay', 'http://dummyimage.com/209x100.png/cc0000/ffffff', 200, 'Success, transaction is found', 'settlement', '2022-12-22 00:00:00'),
	('u5q7ityy-7jwm-uzfs-c1qz-r0x7bpeddjy6', 'accept', 6854264, 'OR454342', 'bca_klikpay', 'http://dummyimage.com/131x100.png/dddddd/000000', 200, 'Success, transaction is found', 'settlement', '2023-04-20 00:00:00'),
	('u5czxhoy-aj7o-w9r4-ryrr-aslrjhuhzb12', 'accept', 4551660, 'OR462202', 'bca_klikbca', 'http://dummyimage.com/120x100.png/dddddd/000000', 200, 'Success, transaction is found', 'settlement', '2022-10-29 00:00:00'),
	('u2601utz-wszf-86xv-1mz9-22xp0tbq66v8', 'accept', 10875756, 'OR464032', 'gopay', 'http://dummyimage.com/155x100.png/ff4444/ffffff', 200, 'Success, transaction is found', 'settlement', '2022-09-15 00:00:00'),
	('txsgggdz-e7k3-ila2-a3ps-pbfr49b0d6nm', 'accept', 4646264, 'OR464321', 'bca_klikpay', 'http://dummyimage.com/145x100.png/ff4444/ffffff', 200, 'Success, transaction is found', 'settlement', '2023-04-07 00:00:00'),
	('txsgalxi-vqqq-n8yb-arbu-h90uwvq138mp', 'accept', 17109484, 'OR465825', 'bca_klikpay', 'http://dummyimage.com/216x100.png/cc0000/ffffff', 200, 'Success, transaction is found', 'settlement', '2022-10-27 00:00:00'),
	('tu14cagw-xv1e-imvf-7opu-kcqqvkpa6rtc', 'accept', 11823165, 'OR468149', 'echannel', 'http://dummyimage.com/186x100.png/dddddd/000000', 200, 'Success, transaction is found', 'settlement', '2022-12-03 00:00:00'),
	('tsso82oy-p24n-0tku-88gw-rownmli3wai4', 'accept', 8444421, 'OR475203', 'bca_klikpay', 'http://dummyimage.com/107x100.png/dddddd/000000', 200, 'Success, transaction is found', 'settlement', '2022-07-13 00:00:00'),
	('trs9vlg4-qkl9-6jwu-07a9-2vzrn6ghz6lp', 'accept', 5093904, 'OR479116', 'credit_card', 'http://dummyimage.com/130x100.png/5fa2dd/ffffff', 200, 'Success, transaction is found', 'settlement', '2022-10-15 00:00:00'),
	('tp4m50pq-kq1p-lw5x-xvwu-u3u7logyuuvh', 'accept', 13367225, 'OR484601', 'qris', 'http://dummyimage.com/212x100.png/dddddd/000000', 200, 'Success, transaction is found', 'settlement', '2022-08-03 00:00:00'),
	('tl1yfkt0-1iv0-yu8b-h5r4-lgkiaw5ns90n', 'accept', 13263816, 'OR490580', 'echannel', 'http://dummyimage.com/180x100.png/dddddd/000000', 200, 'Success, transaction is found', 'settlement', '2022-08-24 00:00:00'),
	('tbuvf6tz-fjgd-r477-kwdz-5dsh90kihnvc', 'accept', 14423487, 'OR498621', 'gopay', 'http://dummyimage.com/103x100.png/ff4444/ffffff', 200, 'Success, transaction is found', 'settlement', '2022-08-16 00:00:00'),
	('tbqj4lze-h0wg-iiac-yu29-4l5q32k8yyz8', 'accept', 8355922, 'OR499531', 'qris', 'http://dummyimage.com/147x100.png/ff4444/ffffff', 200, 'Success, transaction is found', 'settlement', '2022-11-25 00:00:00'),
	('tb8j5sjw-pr8u-gv77-w4ia-yaear6nqi587', 'accept', 7605094, 'OR499578', 'bca_klikbca', 'http://dummyimage.com/230x100.png/cc0000/ffffff', 200, 'Success, transaction is found', 'settlement', '2022-11-15 00:00:00'),
	('tamj2dts-0tn0-d7w0-3dhh-qax8ejpuyk0a', 'accept', 27135294, 'OR504354', 'credit_card', 'http://dummyimage.com/179x100.png/5fa2dd/ffffff', 200, 'Success, transaction is found', 'settlement', '2022-06-14 00:00:00'),
	('t2r9b4fx-5ng2-m7n4-8ssr-wvtk52fioibh', 'accept', 20430761, 'OR506273', 'credit_card', 'http://dummyimage.com/153x100.png/ff4444/ffffff', 200, 'Success, transaction is found', 'settlement', '2022-06-26 00:00:00'),
	('t0hzwiud-lt2g-eg57-9njx-6kbpmocawic9', 'accept', 14445261, 'OR506341', 'credit_card', 'http://dummyimage.com/119x100.png/5fa2dd/ffffff', 200, 'Success, transaction is found', 'settlement', '2023-03-12 00:00:00'),
	('sslq6u5e-d5wd-nvju-fumo-3qo749djapoj', 'accept', 4406936, 'OR506863', 'bca_klikbca', 'http://dummyimage.com/114x100.png/5fa2dd/ffffff', 200, 'Success, transaction is found', 'settlement', '2023-03-24 00:00:00'),
	('sq9022nt-8qrr-pve1-0t78-ss4ei8wexahj', 'accept', 9291548, 'OR513296', 'credit_card', 'http://dummyimage.com/159x100.png/cc0000/ffffff', 200, 'Success, transaction is found', 'settlement', '2023-03-12 00:00:00'),
	('smzjmitj-osow-0jun-vaap-l62uo3qeyurn', 'accept', 19535964, 'OR515356', 'cstore', 'http://dummyimage.com/225x100.png/ff4444/ffffff', 200, 'Success, transaction is found', 'settlement', '2022-06-02 00:00:00'),
	('sfbb88u2-c0x1-hg45-h7yp-j2f2kcs7xyq1', 'accept', 8784562, 'OR523191', 'echannel', 'http://dummyimage.com/159x100.png/5fa2dd/ffffff', 200, 'Success, transaction is found', 'settlement', '2022-12-28 00:00:00'),
	('s3nq9kya-l41p-k1td-a6ev-svb4yxvl7b0p', 'accept', 3126206, 'OR524864', 'bca_klikpay', 'http://dummyimage.com/173x100.png/dddddd/000000', 200, 'Success, transaction is found', 'settlement', '2023-05-25 00:00:00'),
	('s1cn8u4r-hcwr-r3z4-7el1-iz55nxm448zf', 'accept', 5473752, 'OR526467', 'credit_card', 'http://dummyimage.com/200x100.png/cc0000/ffffff', 200, 'Success, transaction is found', 'settlement', '2023-04-10 00:00:00'),
	('rtbrgc68-67vv-r07r-f07w-kx63o74uqm1v', 'accept', 26181140, 'OR531851', 'gopay', 'http://dummyimage.com/146x100.png/5fa2dd/ffffff', 200, 'Success, transaction is found', 'settlement', '2022-11-06 00:00:00'),
	('rsr90rxu-at1b-ndqh-rwck-m8llv8hcsxlf', 'accept', 11856410, 'OR548374', 'bca_klikbca', 'http://dummyimage.com/141x100.png/dddddd/000000', 200, 'Success, transaction is found', 'settlement', '2022-06-18 00:00:00'),
	('rrmhvy0q-we6k-c1nj-wz2n-f7b11s34dyyk', 'accept', 5607060, 'OR550139', 'cstore', 'http://dummyimage.com/181x100.png/cc0000/ffffff', 200, 'Success, transaction is found', 'settlement', '2022-12-31 00:00:00'),
	('rqpdoe3n-9wsz-jk9j-ad1j-bhz3wi1zomio', 'accept', 7990422, 'OR554218', 'bca_klikbca', 'http://dummyimage.com/231x100.png/dddddd/000000', 200, 'Success, transaction is found', 'settlement', '2022-10-29 00:00:00'),
	('rq6aew5f-jsbf-uhek-qu1x-4mt2nj484svm', 'accept', 4990646, 'OR554503', 'bank_transfer', 'http://dummyimage.com/161x100.png/5fa2dd/ffffff', 200, 'Success, transaction is found', 'settlement', '2023-05-24 00:00:00'),
	('rimhxzyr-nq32-ewgf-7nki-km9qa3h0q9tp', 'accept', 7664132, 'OR563106', 'bca_klikpay', 'http://dummyimage.com/125x100.png/cc0000/ffffff', 200, 'Success, transaction is found', 'settlement', '2022-11-05 00:00:00'),
	('rffs6wf9-hitx-1tm2-nxkk-f5kjsos5fcl6', 'accept', 18357864, 'OR563430', 'echannel', 'http://dummyimage.com/204x100.png/ff4444/ffffff', 200, 'Success, transaction is found', 'settlement', '2023-03-17 00:00:00'),
	('rc5zrzgo-fl3p-xvyf-va8d-mzyiir5m8w6b', 'accept', 5327814, 'OR569179', 'bca_klikpay', 'http://dummyimage.com/160x100.png/cc0000/ffffff', 200, 'Success, transaction is found', 'settlement', '2022-10-01 00:00:00'),
	('r9m08j00-jnjr-yons-ck84-qh5d3oydaqwy', 'accept', 8542738, 'OR572037', 'bank_transfer', 'http://dummyimage.com/238x100.png/dddddd/000000', 200, 'Success, transaction is found', 'settlement', '2022-12-09 00:00:00'),
	('r90qajxn-v1c2-5zst-re4a-qku50u957sa3', 'accept', 5013152, 'OR574586', 'echannel', 'http://dummyimage.com/152x100.png/ff4444/ffffff', 200, 'Success, transaction is found', 'settlement', '2022-08-18 00:00:00'),
	('qswkadav-qhz7-fq6g-4g4c-khkjypkkoo3l', 'accept', 9567872, 'OR577839', 'gopay', 'http://dummyimage.com/236x100.png/dddddd/000000', 200, 'Success, transaction is found', 'settlement', '2023-01-13 00:00:00'),
	('qrir6vp3-h4fd-jdcu-nxof-s27lucw29naa', 'accept', 8471727, 'OR578927', 'echannel', 'http://dummyimage.com/224x100.png/cc0000/ffffff', 200, 'Success, transaction is found', 'settlement', '2022-06-19 00:00:00'),
	('qiwjnz88-rzoj-wvf9-ibzn-rv8jtg6a3dno', 'accept', 16097161, 'OR587495', 'qris', 'http://dummyimage.com/189x100.png/dddddd/000000', 200, 'Success, transaction is found', 'settlement', '2023-01-30 00:00:00'),
	('qeitwcla-17qs-errp-nvp4-bec4p8mbp2tz', 'accept', 2022010, 'OR590630', 'bank_transfer', 'http://dummyimage.com/169x100.png/ff4444/ffffff', 200, 'Success, transaction is found', 'settlement', '2023-02-21 00:00:00'),
	('q32sqg0v-qdoq-0jd3-b9vn-dctlnpwjyth8', 'accept', 10283097, 'OR593381', 'bca_klikpay', 'http://dummyimage.com/223x100.png/dddddd/000000', 200, 'Success, transaction is found', 'settlement', '2023-01-20 00:00:00'),
	('px4z8u19-9o07-085p-pta4-9lch0v0ef28z', 'accept', 14071026, 'OR594108', 'bank_transfer', 'http://dummyimage.com/105x100.png/dddddd/000000', 200, 'Success, transaction is found', 'settlement', '2023-01-26 00:00:00'),
	('punvre0s-9hbl-mubn-2pb7-nnjp88ich97c', 'accept', 14834489, 'OR594551', 'credit_card', 'http://dummyimage.com/148x100.png/ff4444/ffffff', 200, 'Success, transaction is found', 'settlement', '2023-04-02 00:00:00'),
	('prh8kg80-oxdi-4a6l-v81k-x6j8c2jf8y7e', 'accept', 17519405, 'OR612359', 'cstore', 'http://dummyimage.com/199x100.png/cc0000/ffffff', 200, 'Success, transaction is found', 'settlement', '2023-02-09 00:00:00'),
	('pljyo10t-73zy-0qn7-6u6o-yhurqr5lix78', 'accept', 5658576, 'OR622343', 'credit_card', 'http://dummyimage.com/132x100.png/5fa2dd/ffffff', 200, 'Success, transaction is found', 'settlement', '2023-02-21 00:00:00'),
	('pkbdnd8x-l5ob-rr55-2qif-dbeeuoqxtqtf', 'accept', 2275378, 'OR622789', 'cstore', 'http://dummyimage.com/191x100.png/ff4444/ffffff', 200, 'Success, transaction is found', 'settlement', '2022-11-10 00:00:00'),
	('pjxu0b7h-ijl7-8x1n-58nf-jmu3b4p9sbte', 'accept', 4876410, 'OR623797', 'bca_klikpay', 'http://dummyimage.com/154x100.png/ff4444/ffffff', 200, 'Success, transaction is found', 'settlement', '2023-03-25 00:00:00'),
	('pgudqk96-k1v9-l1gl-6yhd-hglt3wvsootl', 'accept', 12843285, 'OR627188', 'qris', 'http://dummyimage.com/227x100.png/cc0000/ffffff', 200, 'Success, transaction is found', 'settlement', '2022-08-19 00:00:00'),
	('pfjsliks-eoem-lcjn-5syn-htxxo4x451t3', 'accept', 3481168, 'OR633284', 'cstore', 'http://dummyimage.com/240x100.png/cc0000/ffffff', 200, 'Success, transaction is found', 'settlement', '2022-08-31 00:00:00'),
	('pdk25zjx-psgz-3hx3-3lju-e3ps8qgogw9b', 'accept', 15155751, 'OR637257', 'cstore', 'http://dummyimage.com/160x100.png/dddddd/000000', 200, 'Success, transaction is found', 'settlement', '2022-09-22 00:00:00'),
	('pbk20n1h-fof0-k5vr-62hr-i288671uz177', 'accept', 11870392, 'OR639850', 'cstore', 'http://dummyimage.com/126x100.png/5fa2dd/ffffff', 200, 'Success, transaction is found', 'settlement', '2022-08-17 00:00:00'),
	('p840p76n-g2c2-yqqz-uqoa-y7iumvx6uici', 'accept', 18970359, 'OR640243', 'bank_transfer', 'http://dummyimage.com/195x100.png/dddddd/000000', 200, 'Success, transaction is found', 'settlement', '2023-02-09 00:00:00'),
	('p6yx32ch-qi7h-pzdx-s3f8-u9wg8od2kur8', 'accept', 13801866, 'OR649785', 'bank_transfer', 'http://dummyimage.com/143x100.png/ff4444/ffffff', 200, 'Success, transaction is found', 'settlement', '2023-05-22 00:00:00'),
	('p5ufyau5-evfb-xbsm-3ww3-mdqnnetpg6jt', 'accept', 16937658, 'OR653457', 'gopay', 'http://dummyimage.com/159x100.png/dddddd/000000', 200, 'Success, transaction is found', 'settlement', '2022-06-30 00:00:00'),
	('p4gz4g6q-f88c-9egn-985n-gw0rnc0b6ov8', 'accept', 8324798, 'OR657319', 'qris', 'http://dummyimage.com/167x100.png/ff4444/ffffff', 200, 'Success, transaction is found', 'settlement', '2022-12-28 00:00:00'),
	('p2ybs1qt-62ea-iaeb-j1rq-eog4y908jtfl', 'accept', 7718356, 'OR667351', 'bca_klikbca', 'http://dummyimage.com/189x100.png/dddddd/000000', 200, 'Success, transaction is found', 'settlement', '2023-02-09 00:00:00'),
	('p2sq9n8x-ym2d-k57n-slar-thxqm5rg0xms', 'accept', 2319718, 'OR669740', 'bca_klikpay', 'http://dummyimage.com/161x100.png/ff4444/ffffff', 200, 'Success, transaction is found', 'settlement', '2022-06-21 00:00:00'),
	('p2fekjek-ioap-fxyn-k470-3oy4klulv7eh', 'accept', 6496980, 'OR672537', 'bank_transfer', 'http://dummyimage.com/238x100.png/cc0000/ffffff', 200, 'Success, transaction is found', 'settlement', '2022-09-06 00:00:00'),
	('p1xjm1y5-9zo1-rj38-qtbr-1w71gskl98q2', 'accept', 27626703, 'OR673787', 'bca_klikpay', 'http://dummyimage.com/225x100.png/dddddd/000000', 200, 'Success, transaction is found', 'settlement', '2023-03-15 00:00:00'),
	('owtu7ehs-weqh-4ukg-oazd-q8u1ev8rfgba', 'accept', 19405341, 'OR675569', 'bca_klikpay', 'http://dummyimage.com/115x100.png/5fa2dd/ffffff', 200, 'Success, transaction is found', 'settlement', '2023-04-23 00:00:00'),
	('ov31dmdl-4cu2-zu0c-2brq-ospoaytjez7f', 'accept', 1344494, 'OR676164', 'bca_klikbca', 'http://dummyimage.com/121x100.png/ff4444/ffffff', 200, 'Success, transaction is found', 'settlement', '2022-06-22 00:00:00'),
	('oswhnns0-jgs9-9ii8-61g8-bfele70jhjqg', 'accept', 16958910, 'OR694356', 'qris', 'http://dummyimage.com/246x100.png/cc0000/ffffff', 200, 'Success, transaction is found', 'settlement', '2023-04-22 00:00:00'),
	('or5syzy4-xx7i-vwd6-1ush-3bb2upxto43p', 'accept', 4824894, 'OR699625', 'credit_card', 'http://dummyimage.com/179x100.png/ff4444/ffffff', 200, 'Success, transaction is found', 'settlement', '2022-07-28 00:00:00'),
	('oov8rdo4-mdpg-i6hi-n53n-jk7bwaal39w1', 'accept', 7465938, 'OR703195', 'gopay', 'http://dummyimage.com/228x100.png/5fa2dd/ffffff', 200, 'Success, transaction is found', 'settlement', '2023-02-02 00:00:00'),
	('oo3axxvw-xwvb-os02-m0i2-tzs0iyq6ya2s', 'accept', 16887057, 'OR714494', 'gopay', 'http://dummyimage.com/134x100.png/dddddd/000000', 200, 'Success, transaction is found', 'settlement', '2022-08-29 00:00:00'),
	('omojb0p0-7pp5-313w-e11s-3mq3klvvb6e0', 'accept', 8153544, 'OR720762', 'cstore', 'http://dummyimage.com/183x100.png/dddddd/000000', 200, 'Success, transaction is found', 'settlement', '2022-06-29 00:00:00'),
	('om3dnruv-umng-k6t3-ezcv-53c1kabnjvjr', 'accept', 9694077, 'OR733661', 'qris', 'http://dummyimage.com/203x100.png/5fa2dd/ffffff', 200, 'Success, transaction is found', 'settlement', '2022-10-11 00:00:00'),
	('okrt4sxa-rtmd-6juk-4edj-84wuzkhzk5sy', 'accept', 15257142, 'OR734456', 'bca_klikbca', 'http://dummyimage.com/211x100.png/cc0000/ffffff', 200, 'Success, transaction is found', 'settlement', '2022-11-05 00:00:00'),
	('okrdvcwl-bp9e-ollp-c8e8-zd470txyrxka', 'accept', 2967396, 'OR749461', 'qris', 'http://dummyimage.com/166x100.png/5fa2dd/ffffff', 200, 'Success, transaction is found', 'settlement', '2022-06-03 00:00:00'),
	('oabtjbzz-8gkb-rhqu-ucb7-6epe9fdoh9um', 'accept', 9981212, 'OR757525', 'credit_card', 'http://dummyimage.com/247x100.png/ff4444/ffffff', 200, 'Success, transaction is found', 'settlement', '2023-01-08 00:00:00'),
	('o886crpz-dkd6-tfuh-018o-sxh1ajwk6hf6', 'accept', 12936332, 'OR761481', 'bca_klikbca', 'http://dummyimage.com/232x100.png/ff4444/ffffff', 200, 'Success, transaction is found', 'settlement', '2022-07-21 00:00:00'),
	('o1ggdv9x-l5j4-fyjs-ovhc-vu6bwvx7w5dx', 'accept', 2201516, 'OR768835', 'qris', 'http://dummyimage.com/182x100.png/5fa2dd/ffffff', 200, 'Success, transaction is found', 'settlement', '2022-09-10 00:00:00'),
	('o1fyjluw-03wq-l9lw-zwl7-3yvkovamrgw8', 'accept', 13469478, 'OR769156', 'qris', 'http://dummyimage.com/202x100.png/cc0000/ffffff', 200, 'Success, transaction is found', 'settlement', '2022-11-30 00:00:00'),
	('o105vxq4-ybu8-ox0o-ow6d-uvjruu2itege', 'accept', 12435921, 'OR774053', 'bca_klikbca', 'http://dummyimage.com/221x100.png/ff4444/ffffff', 200, 'Success, transaction is found', 'settlement', '2022-10-14 00:00:00'),
	('o0lyiav4-aqm6-cz4p-jnc1-txgty01x3jp0', 'accept', 17835258, 'OR778442', 'qris', 'http://dummyimage.com/158x100.png/5fa2dd/ffffff', 200, 'Success, transaction is found', 'settlement', '2022-07-11 00:00:00'),
	('nsasbpjt-h236-neuy-gsh8-1dhdnp8k0jv2', 'accept', 5253126, 'OR781784', 'qris', 'http://dummyimage.com/198x100.png/5fa2dd/ffffff', 200, 'Success, transaction is found', 'settlement', '2022-09-20 00:00:00'),
	('ns01e2pl-6rsl-z0f0-cbo0-dw3d5yi8gj2w', 'accept', 9483243, 'OR788811', 'bank_transfer', 'http://dummyimage.com/112x100.png/cc0000/ffffff', 200, 'Success, transaction is found', 'settlement', '2022-06-03 00:00:00'),
	('nqfpino9-u0a1-fmf0-6qqm-k068k5rathuk', 'accept', 12148853, 'OR790572', 'gopay', 'http://dummyimage.com/138x100.png/dddddd/000000', 200, 'Success, transaction is found', 'settlement', '2022-06-04 00:00:00'),
	('nh6278dp-np17-ca4y-986f-0ha2gco8u6zg', 'accept', 3674676, 'OR792837', 'echannel', 'http://dummyimage.com/213x100.png/dddddd/000000', 200, 'Success, transaction is found', 'settlement', '2023-02-03 00:00:00'),
	('ngpieelg-x9f2-30l0-an3m-3l5jw0m8ym4w', 'accept', 4717359, 'OR793836', 'bank_transfer', 'http://dummyimage.com/102x100.png/cc0000/ffffff', 200, 'Success, transaction is found', 'settlement', '2023-03-04 00:00:00'),
	('nfsht8zd-l1a3-vbmb-jfvb-gdhqn1hzbp9y', 'accept', 4582828, 'OR796145', 'bca_klikpay', 'http://dummyimage.com/217x100.png/ff4444/ffffff', 200, 'Success, transaction is found', 'settlement', '2022-07-26 00:00:00'),
	('nbrnl77e-c04j-2d0z-50i0-egbfiynpualb', 'accept', 9838323, 'OR798292', 'bca_klikbca', 'http://dummyimage.com/218x100.png/cc0000/ffffff', 200, 'Success, transaction is found', 'settlement', '2022-12-11 00:00:00'),
	('nbdsmrs8-ly1u-yw8s-k1iq-tnm0vyuwj7bd', 'accept', 15045528, 'OR803640', 'bank_transfer', 'http://dummyimage.com/101x100.png/cc0000/ffffff', 200, 'Success, transaction is found', 'settlement', '2022-07-22 00:00:00'),
	('n5xksvew-8r3o-coek-oio1-0kftc75m036g', 'accept', 10357590, 'OR805538', 'bank_transfer', 'http://dummyimage.com/155x100.png/cc0000/ffffff', 200, 'Success, transaction is found', 'settlement', '2022-06-27 00:00:00'),
	('n2sla1uv-et50-j9z3-9x3d-k3wwj7yt2bez', 'accept', 6605256, 'OR833917', 'cstore', 'http://dummyimage.com/180x100.png/cc0000/ffffff', 200, 'Success, transaction is found', 'settlement', '2022-12-22 00:00:00'),
	('n14zamck-gpfr-zdk7-onf7-9nto95ll62ji', 'accept', 12017790, 'OR838902', 'bca_klikbca', 'http://dummyimage.com/100x100.png/5fa2dd/ffffff', 200, 'Success, transaction is found', 'settlement', '2022-11-17 00:00:00'),
	('mzv6ztan-4q0g-54zl-7wg7-c6ojcm0bt3n1', 'accept', 8973847, 'OR840903', 'bca_klikbca', 'http://dummyimage.com/222x100.png/5fa2dd/ffffff', 200, 'Success, transaction is found', 'settlement', '2022-10-29 00:00:00'),
	('mzu0jid6-zs8h-x842-ri9q-862rnn1iri0j', 'accept', 6934320, 'OR854213', 'echannel', 'http://dummyimage.com/147x100.png/5fa2dd/ffffff', 200, 'Success, transaction is found', 'settlement', '2023-05-21 00:00:00'),
	('mzqk6n0v-bwzh-da4c-1ugw-9bcjakdms6lp', 'accept', 5151158, 'OR865667', 'qris', 'http://dummyimage.com/130x100.png/ff4444/ffffff', 200, 'Success, transaction is found', 'settlement', '2023-02-13 00:00:00'),
	('mu5v78sq-zigx-4gyx-10is-jlofig041akf', 'accept', 36072240, 'OR867546', 'echannel', 'http://dummyimage.com/140x100.png/dddddd/000000', 200, 'Success, transaction is found', 'settlement', '2023-03-12 00:00:00'),
	('msoh1izs-8hxv-8ob5-wjv6-lglscgnsuw5e', 'accept', 10677099, 'OR870147', 'bca_klikbca', 'http://dummyimage.com/232x100.png/cc0000/ffffff', 200, 'Success, transaction is found', 'settlement', '2022-09-19 00:00:00'),
	('mplfrqh3-0fg0-ocs8-itnm-q7ta8c5vk2xw', 'accept', 20255853, 'OR870326', 'cstore', 'http://dummyimage.com/220x100.png/ff4444/ffffff', 200, 'Success, transaction is found', 'settlement', '2023-04-10 00:00:00'),
	('mpe6c8vz-udb0-t539-hhkn-j3zs75jph85o', 'accept', 2424826, 'OR874075', 'gopay', 'http://dummyimage.com/133x100.png/cc0000/ffffff', 200, 'Success, transaction is found', 'settlement', '2023-03-04 00:00:00'),
	('mov3onag-keyc-sytk-t331-9ymjb00c1po1', 'accept', 8193358, 'OR874888', 'cstore', 'http://dummyimage.com/105x100.png/5fa2dd/ffffff', 200, 'Success, transaction is found', 'settlement', '2022-09-04 00:00:00'),
	('mjb5rn0t-dqs9-e3zv-v8ed-7hg7ojvwmnpq', 'accept', 3429120, 'OR877995', 'bca_klikpay', 'http://dummyimage.com/187x100.png/ff4444/ffffff', 200, 'Success, transaction is found', 'settlement', '2023-03-09 00:00:00'),
	('mgut19ig-65ng-gci6-067q-30n2dk0heor9', 'accept', 17806380, 'OR880394', 'qris', 'http://dummyimage.com/118x100.png/5fa2dd/ffffff', 200, 'Success, transaction is found', 'settlement', '2023-01-15 00:00:00'),
	('mf1wfhco-k1tn-89om-9eu0-on1dap0y0ftz', 'accept', 17667573, 'OR896115', 'echannel', 'http://dummyimage.com/227x100.png/5fa2dd/ffffff', 200, 'Success, transaction is found', 'settlement', '2022-11-15 00:00:00'),
	('mesojdg1-a20z-c4n2-gvyi-d5dv0han5wnu', 'accept', 14533277, 'OR896893', 'echannel', 'http://dummyimage.com/245x100.png/5fa2dd/ffffff', 200, 'Success, transaction is found', 'settlement', '2023-02-14 00:00:00'),
	('mbpxmo8k-b6au-lk3k-6vdj-kosyu6j8qn0c', 'accept', 2014874, 'OR901401', 'qris', 'http://dummyimage.com/196x100.png/5fa2dd/ffffff', 200, 'Success, transaction is found', 'settlement', '2022-05-29 00:00:00'),
	('m7xd6i6l-9n1e-wuyu-1fdn-jbt4licon5un', 'accept', 3975548, 'OR903023', 'bca_klikbca', 'http://dummyimage.com/150x100.png/ff4444/ffffff', 200, 'Success, transaction is found', 'settlement', '2022-08-24 00:00:00'),
	('m3yevuu4-rkf1-ciws-xgj3-fk8ng0w92pob', 'accept', 8793124, 'OR907492', 'echannel', 'http://dummyimage.com/241x100.png/cc0000/ffffff', 200, 'Success, transaction is found', 'settlement', '2022-09-27 00:00:00'),
	('m38txwj1-kzts-mew1-kqyv-woucb4c6uvcd', 'accept', 2157160, 'OR912532', 'cstore', 'http://dummyimage.com/113x100.png/dddddd/000000', 200, 'Success, transaction is found', 'settlement', '2023-01-29 00:00:00'),
	('m28v5tml-5pfo-l8mk-agbg-1fg4eb85a0br', 'accept', 3316704, 'OR923123', 'credit_card', 'http://dummyimage.com/233x100.png/5fa2dd/ffffff', 200, 'Success, transaction is found', 'settlement', '2022-10-27 00:00:00'),
	('m239pdh5-mp57-6eeo-hmoh-0sti9fzjp760', 'accept', 18325110, 'OR926845', 'bca_klikpay', 'http://dummyimage.com/220x100.png/5fa2dd/ffffff', 200, 'Success, transaction is found', 'settlement', '2022-09-20 00:00:00'),
	('m0769z10-u02w-w8cn-mug5-fx3ivw3jcyhk', 'accept', 4677260, 'OR933037', 'bank_transfer', 'http://dummyimage.com/226x100.png/ff4444/ffffff', 200, 'Success, transaction is found', 'settlement', '2022-10-07 00:00:00'),
	('lutn4vwr-au5e-oacl-0nxi-w1ll4nssn2vu', 'accept', 14408226, 'OR936492', 'echannel', 'http://dummyimage.com/220x100.png/cc0000/ffffff', 200, 'Success, transaction is found', 'settlement', '2022-10-10 00:00:00'),
	('lurlrhlv-v6k5-tnbi-zbir-iizopy5y66fs', 'accept', 4533188, 'OR949912', 'cstore', 'http://dummyimage.com/120x100.png/ff4444/ffffff', 200, 'Success, transaction is found', 'settlement', '2022-08-11 00:00:00'),
	('ls9ak5or-gbka-vp3g-kh4k-owvo9mu6ppni', 'accept', 5315198, 'OR952015', 'qris', 'http://dummyimage.com/169x100.png/ff4444/ffffff', 200, 'Success, transaction is found', 'settlement', '2022-09-05 00:00:00'),
	('lqm07mi5-vl21-dmcl-74cb-3ucjz16txeb8', 'accept', 14090937, 'OR959589', 'bank_transfer', 'http://dummyimage.com/243x100.png/ff4444/ffffff', 200, 'Success, transaction is found', 'settlement', '2022-06-02 00:00:00'),
	('loolnfgr-jsy2-y2ns-ckty-3mpnapx8rjh6', 'accept', 12882264, 'OR962607', 'bank_transfer', 'http://dummyimage.com/188x100.png/cc0000/ffffff', 200, 'Success, transaction is found', 'settlement', '2023-02-11 00:00:00'),
	('ll44prcr-cym4-p6ek-140o-18bazh9l242x', 'accept', 5653266, 'OR962617', 'bca_klikbca', 'http://dummyimage.com/221x100.png/5fa2dd/ffffff', 200, 'Success, transaction is found', 'settlement', '2022-10-20 00:00:00'),
	('lk5xug30-noyw-b8bw-dqbu-pakt0ep5autl', 'accept', 15845564, 'OR963727', 'qris', 'http://dummyimage.com/170x100.png/5fa2dd/ffffff', 200, 'Success, transaction is found', 'settlement', '2022-07-12 00:00:00'),
	('letfvtbk-e2gk-zd3n-6pkj-hmmnhhct30ca', 'accept', 11445196, 'OR964331', 'bank_transfer', 'http://dummyimage.com/239x100.png/cc0000/ffffff', 200, 'Success, transaction is found', 'settlement', '2022-09-22 00:00:00'),
	('ladc9f1g-lkw0-32is-mxsp-m2w7xdt7eyzn', 'accept', 6118255, 'OR965828', 'echannel', 'http://dummyimage.com/184x100.png/dddddd/000000', 200, 'Success, transaction is found', 'settlement', '2022-09-25 00:00:00'),
	('l9s382oc-c4cn-czmj-8gbs-enhtjrwotyl0', 'accept', 20434521, 'OR970764', 'credit_card', 'http://dummyimage.com/148x100.png/cc0000/ffffff', 200, 'Success, transaction is found', 'settlement', '2022-12-03 00:00:00'),
	('l8hydtcx-ci30-mlv0-1v64-ogqkv624jchv', 'accept', 23414856, 'OR977243', 'bca_klikbca', 'http://dummyimage.com/152x100.png/dddddd/000000', 200, 'Success, transaction is found', 'settlement', '2022-11-14 00:00:00'),
	('l2yqrsnx-mcq0-84j1-h83k-fw9qacragdi6', 'accept', 9402166, 'OR979048', 'gopay', 'http://dummyimage.com/199x100.png/dddddd/000000', 200, 'Success, transaction is found', 'settlement', '2022-06-11 00:00:00'),
	('l0yvzznz-o2eu-p0va-new1-qrw3k7y5ag6m', 'accept', 6527624, 'OR981380', 'bca_klikpay', 'http://dummyimage.com/209x100.png/dddddd/000000', 200, 'Success, transaction is found', 'settlement', '2022-12-08 00:00:00'),
	('l01261xi-2tdb-tfws-wpb8-ki1r1fgj66q2', 'accept', 16737618, 'OR989577', 'bca_klikbca', 'http://dummyimage.com/102x100.png/dddddd/000000', 200, 'Success, transaction is found', 'settlement', '2022-11-14 00:00:00'),
	('kube9myi-xxoy-q96z-mvn1-ls4m2caboliz', 'accept', 13694472, 'OR991948', 'bank_transfer', 'http://dummyimage.com/104x100.png/ff4444/ffffff', 200, 'Success, transaction is found', 'settlement', '2022-07-21 00:00:00'),
	('ksn2zqim-nhfl-to4x-frsk-7ar2v65cpkn8', 'accept', 6590528, 'OR993305', 'credit_card', 'http://dummyimage.com/176x100.png/dddddd/000000', 200, 'Success, transaction is found', 'settlement', '2022-09-29 00:00:00'),
	('krh2r0qu-f2gz-8e4h-muoy-wxayicojc0b2', 'accept', 15344884, 'OR994432', 'credit_card', 'http://dummyimage.com/194x100.png/cc0000/ffffff', 200, 'Success, transaction is found', 'settlement', '2022-08-10 00:00:00'),
	('klvzdid8-s8ze-8yy0-gjc3-5reycp249mx8', 'accept', 7494450, 'OR996621', 'bank_transfer', 'http://dummyimage.com/182x100.png/5fa2dd/ffffff', 200, 'Success, transaction is found', 'settlement', '2023-01-11 00:00:00'),
	('klm427n7-x1lh-m5tc-0js3-ygzxlkjaj1a2', 'accept', 23874462, 'OR999917', 'bank_transfer', 'http://dummyimage.com/221x100.png/ff4444/ffffff', 200, 'Success, transaction is found', 'settlement', '2023-02-27 00:00:00');

-- Dumping structure for procedure dbpayment.spInsertPayment
DROP PROCEDURE IF EXISTS `spInsertPayment`;
DELIMITER //
CREATE PROCEDURE `spInsertPayment`(
	IN `fraud_status_in` VARCHAR(50),
	IN `gross_amount_in` BIGINT,
	IN `order_id_in` VARCHAR(50),
	IN `payment_type_in` VARCHAR(50),
	IN `pdf_url_in` VARCHAR(250),
	IN `status_code_in` VARCHAR(50),
	IN `status_message_in` VARCHAR(50),
	IN `transaction_id_in` VARCHAR(50),
	IN `transaction_status_in` VARCHAR(50),
	IN `transaction_time_in` DATETIME
)
BEGIN
INSERT INTO dbpayment.payment (fraud_status, gross_amount, order_id, payment_type, pdf_url, status_code, status_message, transaction_id, transaction_status, transaction_time) 
VALUES (fraud_status_in, gross_amount_in, order_id_in, payment_type_in, pdf_url_in, status_code_in, status_message_in, transaction_id_in, transaction_status_in, transaction_time_in);
END//
DELIMITER ;


-- Dumping database structure for dbsellereffe
DROP DATABASE IF EXISTS `dbsellereffe`;
CREATE DATABASE IF NOT EXISTS `dbsellereffe` /*!40100 DEFAULT CHARACTER SET utf8mb4 COLLATE utf8mb4_0900_ai_ci */ /*!80016 DEFAULT ENCRYPTION='N' */;
USE `dbsellereffe`;

-- Dumping structure for table dbsellereffe.effe_transaction
DROP TABLE IF EXISTS `effe_transaction`;
CREATE TABLE IF NOT EXISTS `effe_transaction` (
  `order_number` varchar(10) NOT NULL,
  `transaction_id` varchar(40) NOT NULL,
  `payment_type` varchar(50) CHARACTER SET utf8mb4 COLLATE utf8mb4_0900_ai_ci NOT NULL,
  `cust_id` varchar(10) NOT NULL,
  `product_id` varchar(50) CHARACTER SET utf8mb4 COLLATE utf8mb4_0900_ai_ci NOT NULL,
  `date` date NOT NULL,
  `quantity` bigint NOT NULL,
  `unit_price` bigint NOT NULL,
  `total_price` bigint NOT NULL DEFAULT '0'
) ENGINE=InnoDB DEFAULT CHARSET=utf8mb4 COLLATE=utf8mb4_0900_ai_ci;

-- Dumping data for table dbsellereffe.effe_transaction: ~100 rows (approximately)
DELETE FROM `effe_transaction`;
INSERT INTO `effe_transaction` (`order_number`, `transaction_id`, `payment_type`, `cust_id`, `product_id`, `date`, `quantity`, `unit_price`, `total_price`) VALUES
	('OR014945', 'zt2hqk10-r3a3-qm43-h236-xb1ih4c4sbfn', 'bca_klikbca', 'CT058064', 'P1409132', '2023-01-16', 1, 381627, 381627),
	('OR016846', 'znl4e0de-k1z9-6pkn-k7na-jsx2go6n5b3s', 'bank_transfer', 'CT948394', 'P5431227', '2023-04-09', 1, 157941, 157941),
	('OR023439', 'zn4eojyg-g4jt-f3en-iigh-q3znru6qc9ck', 'echannel', 'CT999828', 'P4153377', '2022-12-23', 4, 249491, 997964),
	('OR028572', 'zba9qny4-53bi-63uh-jau0-9jfy8mxtds42', 'bca_klikpay', 'CT146976', 'P3679279', '2022-10-27', 1, 186115, 186115),
	('OR049601', 'z73j68nw-5r8t-72rb-zrw9-876nf2pmvos5', 'credit_card', 'CT460639', 'P0467798', '2022-11-21', 2, 631897, 1263794),
	('OR058013', 'z31m8l6n-me1n-o87j-uide-t279kwm09eq3', 'bca_klikpay', 'CT106978', 'P7025041', '2022-08-27', 2, 583026, 1166052),
	('OR083225', 'yyjyh7w5-bqy7-t0i6-4lwg-9wb9ufu1j746', 'credit_card', 'CT960439', 'P9595005', '2022-07-31', 4, 959297, 3837188),
	('OR096235', 'ywwhe8cp-k86h-4knk-cjs7-6wmscicffeeg', 'gopay', 'CT874237', 'P3036521', '2022-07-27', 4, 652329, 2609316),
	('OR115575', 'ywc84e5g-qj4v-o0h7-a717-flufdh3jrht1', 'cstore', 'CT365819', 'P6872047', '2022-08-26', 5, 170090, 850450),
	('OR133210', 'yjuk2yaw-rxsg-5uiy-gcbb-6v8usf37nfdb', 'credit_card', 'CT091686', 'P4172368', '2022-09-14', 4, 431353, 1725412),
	('OR138403', 'yhn7868x-dngg-fyxn-ahak-8ac9v5113b0i', 'credit_card', 'CT153309', 'P0417548', '2022-12-20', 4, 451901, 1807604),
	('OR156832', 'ygys8wzt-lc55-yeef-zfmu-i9lpm2l2c0qm', 'echannel', 'CT979936', 'P2690689', '2023-02-28', 3, 912694, 2738082),
	('OR161777', 'yez31d27-wtl8-nq59-44p6-lomt48uy9n30', 'credit_card', 'CT498493', 'P8002159', '2023-04-15', 1, 424234, 424234),
	('OR163921', 'y8nlrhff-ej1u-vgx7-85jz-apbaegacuir3', 'bca_klikbca', 'CT176558', 'P5973685', '2022-10-27', 1, 69162, 69162),
	('OR182851', 'y4x0nfrz-8vem-zror-fsv6-8clbt48g0f8i', 'credit_card', 'CT276034', 'P6346949', '2023-05-12', 1, 846440, 846440),
	('OR194554', 'xq80game-7vb9-d5pz-kim0-hksaaxxyduio', 'bca_klikpay', 'CT287501', 'P5294742', '2023-03-23', 4, 644777, 2579108),
	('OR197358', 'xpgk2iyt-n78c-tu7o-ln8p-vtc7cm95c4hz', 'echannel', 'CT413066', 'P8334557', '2023-05-09', 4, 196293, 785172),
	('OR226616', 'xaiiwvwa-2djk-13ll-hue0-m7x9ku8stqxi', 'echannel', 'CT361836', 'P2817115', '2023-04-04', 3, 794754, 2384262),
	('OR233183', 'x6fywjbz-avb3-lfwp-f8r7-ttmqnq5ku95v', 'bca_klikbca', 'CT140834', 'P8154805', '2023-04-19', 1, 827508, 827508),
	('OR237580', 'x4bg3g6q-syhx-7qnp-mgz7-t8nj06nzw41p', 'bca_klikpay', 'CT484892', 'P1076040', '2022-10-30', 2, 870692, 1741384),
	('OR239488', 'x3sbp9qg-rhmz-072v-66a8-qs0lccnt7dk4', 'cstore', 'CT602067', 'P3039948', '2022-12-28', 5, 723006, 3615030),
	('OR272570', 'wpfu37eh-di13-09r6-urg6-o380392b397m', 'credit_card', 'CT018895', 'P1889005', '2023-04-04', 4, 507780, 2031120),
	('OR290221', 'wok36w2x-ldqa-qc2g-2i0j-nihus4r6k5ej', 'cstore', 'CT216589', 'P8411958', '2023-03-31', 4, 639962, 2559848),
	('OR307375', 'wm7u7i04-46vm-96v1-ryvh-gj5mlt6lx7d4', 'bank_transfer', 'CT883825', 'P7536663', '2023-04-23', 4, 303275, 1213100),
	('OR310145', 'wlk202me-4fg7-reu5-af3a-xbpa650o5ork', 'bca_klikbca', 'CT999001', 'P9195414', '2022-08-21', 5, 588781, 2943905),
	('OR311796', 'wl3njfj4-w8ub-pz11-4dst-23bhizf9kk1c', 'bank_transfer', 'CT017401', 'P8140033', '2023-01-17', 1, 279728, 279728),
	('OR346204', 'w8jdd2o2-ldcc-mrsu-6yae-s58sr4qngn5y', 'bca_klikpay', 'CT057935', 'P6695236', '2022-06-24', 5, 623633, 3118165),
	('OR347751', 'w69s4rh2-cg0q-rklh-4vbb-fbxjkdnsqiu2', 'bank_transfer', 'CT417103', 'P0476658', '2022-09-20', 4, 231703, 926812),
	('OR373543', 'vv4mp6jz-c524-ujos-73j0-4ycsh2b9rnn3', 'cstore', 'CT513358', 'P2930660', '2022-07-20', 1, 750211, 750211),
	('OR375749', 'vnophxjn-pyyk-ss0w-1dxz-grevllhbjtso', 'gopay', 'CT057905', 'P0170627', '2023-02-26', 5, 119414, 597070),
	('OR379618', 'visyd2h2-vrui-enpy-0g9u-eis0r8sgq793', 'cstore', 'CT241320', 'P6333195', '2022-12-16', 5, 591814, 2959070),
	('OR380551', 'vcgod5h7-r4bu-7a3l-qzvd-b3xprp32oeof', 'bca_klikpay', 'CT321738', 'P3629995', '2022-08-28', 5, 624384, 3121920),
	('OR383251', 'v5l7tisd-qzu5-593w-qotz-bexjk5g2b1er', 'bank_transfer', 'CT002026', 'P3389475', '2022-10-04', 3, 895412, 2686236),
	('OR392080', 'v4vr8zbu-pq1m-khr2-siuz-5kvk8bmhz8ii', 'bank_transfer', 'CT595257', 'P1359687', '2023-03-07', 2, 331642, 663284),
	('OR393671', 'ux7s2uqd-avi4-usdz-zg9u-euct42kpvpb9', 'echannel', 'CT934132', 'P3543465', '2022-12-04', 5, 982439, 4912195),
	('OR395541', 'uufs8pcw-eklo-ic36-oe6y-21p5p9dhhoab', 'credit_card', 'CT854110', 'P4204362', '2022-10-29', 4, 273878, 1095512),
	('OR406119', 'uqobozl3-0ypt-n8l7-cbfz-tsg8lc5otccw', 'cstore', 'CT408374', 'P7212392', '2022-06-25', 5, 182979, 914895),
	('OR410657', 'un4d0mf2-vw2o-spq7-4kx5-xa6z0b5hr27l', 'bca_klikpay', 'CT487659', 'P4812246', '2023-02-08', 1, 378326, 378326),
	('OR436505', 'uej3in4k-r847-lxwe-qp4h-lhvi3x39cwut', 'gopay', 'CT929318', 'P0246825', '2023-05-12', 4, 937429, 3749716),
	('OR464032', 'u2601utz-wszf-86xv-1mz9-22xp0tbq66v8', 'gopay', 'CT692261', 'P4948947', '2022-09-15', 2, 769939, 1539878),
	('OR465825', 'txsgalxi-vqqq-n8yb-arbu-h90uwvq138mp', 'bca_klikpay', 'CT731466', 'P5665939', '2022-10-27', 3, 806096, 2418288),
	('OR468149', 'tu14cagw-xv1e-imvf-7opu-kcqqvkpa6rtc', 'echannel', 'CT232291', 'P2395911', '2022-12-03', 1, 460809, 460809),
	('OR475203', 'tsso82oy-p24n-0tku-88gw-rownmli3wai4', 'bca_klikpay', 'CT338133', 'P0683356', '2022-07-13', 2, 155814, 311628),
	('OR479116', 'trs9vlg4-qkl9-6jwu-07a9-2vzrn6ghz6lp', 'credit_card', 'CT630093', 'P9393370', '2022-10-15', 2, 304194, 608388),
	('OR484601', 'tp4m50pq-kq1p-lw5x-xvwu-u3u7logyuuvh', 'qris', 'CT653859', 'P9769163', '2022-08-03', 3, 394049, 1182147),
	('OR490580', 'tl1yfkt0-1iv0-yu8b-h5r4-lgkiaw5ns90n', 'echannel', 'CT219723', 'P2092745', '2022-08-24', 1, 305525, 305525),
	('OR498621', 'tbuvf6tz-fjgd-r477-kwdz-5dsh90kihnvc', 'gopay', 'CT197967', 'P3114207', '2022-08-16', 5, 551119, 2755595),
	('OR504354', 'tamj2dts-0tn0-d7w0-3dhh-qax8ejpuyk0a', 'credit_card', 'CT084553', 'P7447600', '2022-06-14', 5, 507165, 2535825),
	('OR506273', 't2r9b4fx-5ng2-m7n4-8ssr-wvtk52fioibh', 'credit_card', 'CT159666', 'P9298527', '2022-06-26', 4, 503147, 2012588),
	('OR506341', 't0hzwiud-lt2g-eg57-9njx-6kbpmocawic9', 'credit_card', 'CT884530', 'P3439668', '2023-03-12', 5, 491391, 2456955),
	('OR513296', 'sq9022nt-8qrr-pve1-0t78-ss4ei8wexahj', 'credit_card', 'CT205086', 'P1909233', '2023-03-12', 3, 510234, 1530702),
	('OR515356', 'smzjmitj-osow-0jun-vaap-l62uo3qeyurn', 'cstore', 'CT786904', 'P0437921', '2022-06-02', 1, 965208, 965208),
	('OR523191', 'sfbb88u2-c0x1-hg45-h7yp-j2f2kcs7xyq1', 'echannel', 'CT744478', 'P5792344', '2022-12-28', 4, 127204, 508816),
	('OR531851', 'rtbrgc68-67vv-r07r-f07w-kx63o74uqm1v', 'gopay', 'CT341751', 'P1832748', '2022-11-06', 4, 603481, 2413924),
	('OR563430', 'rffs6wf9-hitx-1tm2-nxkk-f5kjsos5fcl6', 'echannel', 'CT044984', 'P5801211', '2023-03-17', 1, 648904, 648904),
	('OR578927', 'qrir6vp3-h4fd-jdcu-nxof-s27lucw29naa', 'echannel', 'CT954122', 'P3077923', '2022-06-19', 2, 599432, 1198864),
	('OR587495', 'qiwjnz88-rzoj-wvf9-ibzn-rv8jtg6a3dno', 'qris', 'CT832228', 'P8388528', '2023-01-30', 4, 500383, 2001532),
	('OR593381', 'q32sqg0v-qdoq-0jd3-b9vn-dctlnpwjyth8', 'bca_klikpay', 'CT869535', 'P8156206', '2023-01-20', 4, 251584, 1006336),
	('OR594108', 'px4z8u19-9o07-085p-pta4-9lch0v0ef28z', 'bank_transfer', 'CT153648', 'P3737276', '2023-01-26', 2, 523736, 1047472),
	('OR594551', 'punvre0s-9hbl-mubn-2pb7-nnjp88ich97c', 'credit_card', 'CT798121', 'P9855297', '2023-04-02', 3, 475901, 1427703),
	('OR612359', 'prh8kg80-oxdi-4a6l-v81k-x6j8c2jf8y7e', 'cstore', 'CT727229', 'P9741485', '2023-02-09', 3, 772597, 2317791),
	('OR627188', 'pgudqk96-k1v9-l1gl-6yhd-hglt3wvsootl', 'qris', 'CT768955', 'P2648475', '2022-08-19', 5, 491599, 2457995),
	('OR637257', 'pdk25zjx-psgz-3hx3-3lju-e3ps8qgogw9b', 'cstore', 'CT841001', 'P5150613', '2022-09-22', 2, 53001, 106002),
	('OR640243', 'p840p76n-g2c2-yqqz-uqoa-y7iumvx6uici', 'bank_transfer', 'CT482887', 'P9132381', '2023-02-09', 5, 959758, 4798790),
	('OR649785', 'p6yx32ch-qi7h-pzdx-s3f8-u9wg8od2kur8', 'bank_transfer', 'CT368224', 'P9107760', '2023-05-22', 4, 467549, 1870196),
	('OR653457', 'p5ufyau5-evfb-xbsm-3ww3-mdqnnetpg6jt', 'gopay', 'CT499467', 'P6574178', '2022-06-30', 3, 525358, 1576074),
	('OR673787', 'p1xjm1y5-9zo1-rj38-qtbr-1w71gskl98q2', 'bca_klikpay', 'CT447944', 'P2555601', '2023-03-15', 4, 941579, 3766316),
	('OR675569', 'owtu7ehs-weqh-4ukg-oazd-q8u1ev8rfgba', 'bca_klikpay', 'CT338072', 'P9209826', '2023-04-23', 3, 472551, 1417653),
	('OR694356', 'oswhnns0-jgs9-9ii8-61g8-bfele70jhjqg', 'qris', 'CT816479', 'P7211910', '2023-04-22', 4, 770896, 3083584),
	('OR703195', 'oov8rdo4-mdpg-i6hi-n53n-jk7bwaal39w1', 'gopay', 'CT336162', 'P2222038', '2023-02-02', 4, 76311, 305244),
	('OR714494', 'oo3axxvw-xwvb-os02-m0i2-tzs0iyq6ya2s', 'gopay', 'CT600025', 'P4943954', '2022-08-29', 2, 503651, 1007302),
	('OR733661', 'om3dnruv-umng-k6t3-ezcv-53c1kabnjvjr', 'qris', 'CT848660', 'P6284344', '2022-10-11', 1, 732138, 732138),
	('OR734456', 'okrt4sxa-rtmd-6juk-4edj-84wuzkhzk5sy', 'bca_klikbca', 'CT917607', 'P5966251', '2022-11-05', 3, 377425, 1132275),
	('OR769156', 'o1fyjluw-03wq-l9lw-zwl7-3yvkovamrgw8', 'qris', 'CT768855', 'P7260596', '2022-11-30', 5, 556986, 2784930),
	('OR774053', 'o105vxq4-ybu8-ox0o-ow6d-uvjruu2itege', 'bca_klikbca', 'CT335033', 'P1289415', '2022-10-14', 3, 229757, 689271),
	('OR778442', 'o0lyiav4-aqm6-cz4p-jnc1-txgty01x3jp0', 'qris', 'CT815958', 'P9527744', '2022-07-11', 5, 678152, 3390760),
	('OR788811', 'ns01e2pl-6rsl-z0f0-cbo0-dw3d5yi8gj2w', 'bank_transfer', 'CT958846', 'P6282945', '2022-06-03', 4, 522955, 2091820),
	('OR790572', 'nqfpino9-u0a1-fmf0-6qqm-k068k5rathuk', 'gopay', 'CT207216', 'P7312159', '2022-06-04', 2, 841443, 1682886),
	('OR793836', 'ngpieelg-x9f2-30l0-an3m-3l5jw0m8ym4w', 'bank_transfer', 'CT041554', 'P7712342', '2023-03-04', 1, 463077, 463077),
	('OR798292', 'nbrnl77e-c04j-2d0z-50i0-egbfiynpualb', 'bca_klikbca', 'CT755571', 'P4188953', '2022-12-11', 1, 548416, 548416),
	('OR805538', 'n5xksvew-8r3o-coek-oio1-0kftc75m036g', 'bank_transfer', 'CT514389', 'P0996712', '2022-06-27', 2, 57047, 114094),
	('OR840903', 'mzv6ztan-4q0g-54zl-7wg7-c6ojcm0bt3n1', 'bca_klikbca', 'CT200995', 'P6720006', '2022-10-29', 1, 844113, 844113),
	('OR867546', 'mu5v78sq-zigx-4gyx-10is-jlofig041akf', 'echannel', 'CT658935', 'P7456710', '2023-03-12', 5, 870110, 4350550),
	('OR870147', 'msoh1izs-8hxv-8ob5-wjv6-lglscgnsuw5e', 'bca_klikbca', 'CT590459', 'P6163461', '2022-09-19', 2, 557944, 1115888),
	('OR870326', 'mplfrqh3-0fg0-ocs8-itnm-q7ta8c5vk2xw', 'cstore', 'CT365166', 'P0568794', '2023-04-10', 5, 569615, 2848075),
	('OR880394', 'mgut19ig-65ng-gci6-067q-30n2dk0heor9', 'qris', 'CT688603', 'P0885075', '2023-01-15', 2, 409492, 818984),
	('OR896115', 'mf1wfhco-k1tn-89om-9eu0-on1dap0y0ftz', 'echannel', 'CT487961', 'P9062377', '2022-11-15', 5, 180167, 900835),
	('OR896893', 'mesojdg1-a20z-c4n2-gvyi-d5dv0han5wnu', 'echannel', 'CT716089', 'P8460356', '2023-02-14', 4, 658913, 2635652),
	('OR926845', 'm239pdh5-mp57-6eeo-hmoh-0sti9fzjp760', 'bca_klikpay', 'CT307718', 'P0744039', '2022-09-20', 2, 820863, 1641726),
	('OR936492', 'lutn4vwr-au5e-oacl-0nxi-w1ll4nssn2vu', 'echannel', 'CT133675', 'P2231441', '2022-10-10', 5, 522990, 2614950),
	('OR959589', 'lqm07mi5-vl21-dmcl-74cb-3ucjz16txeb8', 'bank_transfer', 'CT813581', 'P7733327', '2022-06-02', 3, 487544, 1462632),
	('OR962607', 'loolnfgr-jsy2-y2ns-ckty-3mpnapx8rjh6', 'bank_transfer', 'CT395048', 'P0650180', '2023-02-11', 4, 273978, 1095912),
	('OR963727', 'lk5xug30-noyw-b8bw-dqbu-pakt0ep5autl', 'qris', 'CT505704', 'P1650225', '2022-07-12', 4, 846876, 3387504),
	('OR965828', 'ladc9f1g-lkw0-32is-mxsp-m2w7xdt7eyzn', 'echannel', 'CT437060', 'P2896108', '2022-09-25', 5, 251214, 1256070),
	('OR970764', 'l9s382oc-c4cn-czmj-8gbs-enhtjrwotyl0', 'credit_card', 'CT124325', 'P6404448', '2022-12-03', 2, 659681, 1319362),
	('OR977243', 'l8hydtcx-ci30-mlv0-1v64-ogqkv624jchv', 'bca_klikbca', 'CT776323', 'P4163759', '2022-11-14', 5, 251358, 1256790),
	('OR989577', 'l01261xi-2tdb-tfws-wpb8-ki1r1fgj66q2', 'bca_klikbca', 'CT444004', 'P9618673', '2022-11-14', 5, 578233, 2891165),
	('OR991948', 'kube9myi-xxoy-q96z-mvn1-ls4m2caboliz', 'bank_transfer', 'CT652747', 'P3476703', '2022-07-21', 3, 537860, 1613580),
	('OR994432', 'krh2r0qu-f2gz-8e4h-muoy-wxayicojc0b2', 'credit_card', 'CT217412', 'P1047737', '2022-08-10', 1, 340123, 340123),
	('OR999917', 'klm427n7-x1lh-m5tc-0js3-ygzxlkjaj1a2', 'bank_transfer', 'CT871838', 'P0733559', '2023-02-27', 5, 852958, 4264790);

-- Dumping structure for table dbsellereffe.product_perfume
DROP TABLE IF EXISTS `product_perfume`;
CREATE TABLE IF NOT EXISTS `product_perfume` (
  `product_id` varchar(10) NOT NULL,
  `product_name` varchar(50) NOT NULL,
  `price` mediumint NOT NULL,
  `stock` smallint NOT NULL,
  `rating` decimal(20,6) NOT NULL,
  `weight` tinyint NOT NULL,
  `dimensions` varchar(30) NOT NULL,
  `color` varchar(10) NOT NULL,
  `category` varchar(10) NOT NULL,
  `brand` varchar(50) NOT NULL,
  `description` text NOT NULL,
  PRIMARY KEY (`product_id`)
) ENGINE=InnoDB DEFAULT CHARSET=utf8mb4 COLLATE=utf8mb4_0900_ai_ci;

-- Dumping data for table dbsellereffe.product_perfume: ~100 rows (approximately)
DELETE FROM `product_perfume`;
INSERT INTO `product_perfume` (`product_id`, `product_name`, `price`, `stock`, `rating`, `weight`, `dimensions`, `color`, `category`, `brand`, `description`) VALUES
	('P0170627', 'Champs Lunaires Eau de Toilette', 119414, 1825, 4.100000, 75, '78cm L x 72cm W x 81cm H', '-', 'perfume', 'Rogue Perfumery', ' An intangible summer night; Moonlit fields of white flowers.\nInspired by Serge Lutens\' Tubereuse Crimenelle, and the lusty creamy fruit notes of Piguet\'s Fracas, Champs Lunaires, was an intense journey for perfumer Manuel Cross, a personal challenge to create a tuberose of satisfying balance -- indolic, green, buttery, creamy, realistic, uplifting.'),
	('P0246825', 'Tabac Rose Eau de Parfum', 937429, 1481, 4.100000, 17, '10cm L x 18cm W x 15cm H', '-', 'perfume', 'BDK Parfums', ' A dense and potent elixir that pays tribute to the most famous of all flowers used in perfumery. David Benedek chose to work with rose in a different manner in order to unveil its atypical facets. Tabac Rose is a fragrance that expresses textures, highlighting an oriental and mysterious sensuality depicted in layers of pink, purple and plum shades. Opulent addictive tobacco, boosted by delectable plum and chocolate join forces with the majestic Turkish rose. IFF perfumer Julien Rasquinet brings contrast by adding The spicy notes of pink pepper and cinnamon. The sweet voluptuousness is prolonged thanks to the deep and mystical notes of patchouli and labdanum.'),
	('P0417548', 'Mad About You Eau de Parfum', 451901, 1972, 3.900000, 71, '82cm L x 15cm W x 02cm H', '-', 'perfume', 'Pierre Guillaume Paris Black Collection', ' Composed in 2017 for "The Kiss" art exhibition, Mad About You is a seductive and surprisingly complex fragrance inspired by the humor and discordance of neo-romanticism and love in the age of social media. It presents this concept as a contrast between sweeping, sweetly romantic gourmand notes- candy, juicy red fruit, a touch of lipstick- and a woody, powdery leather and violet base, buttressed with smoky black tea. It\'s enchanting, playful, and pretty, and yet the tea and leather hum underneath, reminding us of the constant stream of electricity and data undergirding interactions once accomplished entirely face-to-face. Of course, with a lovely, fun, and sophisticated scent like this in your arsenal, we have a feeling that first meet-up is going to go just fine.'),
	('P0437921', 'Sel d\'Argent Eau de Parfum', 965208, 1405, 2.700000, 25, '37cm L x 84cm W x 84cm H', '-', 'perfume', 'BDK Parfums', ' Late afternoon on the rocks of the Isle of Beauty. The silver sea glimmers under the fading light. Our last swim was barely an hour ago and I can still taste the salt on my skin. The waves are subsiding little by little, and the moon, discreet, is rising in the sky as the red sun sets. On the way home, the scent of the fig trees perfumes the early evening and the fresh, clear sea air already signals the wistfulness of the end of summer.'),
	('P0467798', 'Dolceacqua Eau de Parfum', 631897, 1998, 4.600000, 95, '15cm L x 73cm W x 10cm H', '-', 'perfume', 'Masque Milano', ' Nice, 8am. Sunshine and light traffic on the Promenade des Anglais. Here she comes, with the soft top down, and you jump in. As the road unwinds, the view of the gulf suddenly becomes amazing. Her colorful Hermes foulard sweeps with the breeze and you breathe deeply to catch the rich mixture of Cote d\'Azur flavors, in their magic blend of floral and marine. She parks at a panoramic spot and draws out of the back of the car a basket with your breakfast. She doesn\'t mind sitting on the ground, she bought her lovely dress at the market stalls for a few dollars and it is not worth worrying about. What a woman! - you think - she can match a few-dollar-dress with such an astonishing pearl necklace. You open a bottle of Beaujolais wine and lean towards her to pour some wine into her glass. You can\'t help stopping pouring wine and close your eyes, as you smell her perfume. So much in line with her, with her style: sweet and mellow, a mixture of flowers and fruit and some hints of vanilla at the base.'),
	('P0476658', 'Disobbedienza Eau de Parfum', 231703, 1434, 4.300000, 95, '47cm L x 38cm W x 53cm H', '-', 'perfume', 'Hilde Soliani', ' Disobedience does not have to be a bad thing. In the talented and unrestricted artistic imagination of a perfumer like Hilde Soliani, it represents risk-tasking, freedom, and creative liberation. Inspired by her time performing experimental theater, Disobbedienza is an olfactive tribute to blazing one\'s own path in the face of stultifying conformity. There are notes chosen for their symbolism- a black, rare rose, both dark and romantic; smoky, mysterious ash to represent the phoenix-like cycle of destruction and rebirth; and, as befitting the Queen of Gourmand, a sweet and spicy opening with the tantalizing fizz of fine champagne. As with many of Hilde\'s most distinctive and compelling offerings, Disobbedienza rejects easy categorization, and yet it\'s as wonderfully easy to wear as any of her magical creations. Break away from conformity- lose yourself in the whimsical, bold, and iconoclastic world of Disobbedienza today.'),
	('P0568794', 'Avatar Eau de Parfum', 569615, 946, 2.900000, 48, '43cm L x 83cm W x 06cm H', '-', 'perfume', 'Hilde Soliani', ' Do we even have to tell you at this point that Hilde Soliani is the undisputed Queen of Gourmand? If there\'s even a shred of doubt left in your mind, we urge you to indulge in Avatar, Hilde\'s latest and greatest, which pulls off the wonderful trick of re-creating the exact smell the moment you walk into an ice cream store. We bet you can picture it just from reading the words- the sweet, mouthwatering aroma of cream and sugar diffused into the crisp snap of cold, with the subtly savory crunch of waffle cone ever present in the background. It\'s that simple but oh so nostalgic tableau that Hilde has created with Avatar, inspired by Paolo Brunelli, proprietor of Compagnia Gelatieri, and as with all of her marvelous gourmands, the magic isn\'t in unnecessary embellishments or needless complication, but in the sheer alchemy of how perfect the facsimile is- the milky, sugary, crisply cool ice cream is pitch perfect, evoking immediate memories of childhood summers and palaces of frozen delight. The Queen of Gourmand has done it again.'),
	('P0650180', 'Interlude Black Iris Eau de Parfum', 273978, 1057, 3.000000, 51, '70cm L x 76cm W x 87cm H', '-', 'perfume', 'Amouage', ' Inspired by a 1926 close-up painting of an Iris flower by Georgia O\'Keeffe, Interlude Black Iris is a deeply seductive and wickedly clever re-imagining of a regal men\'s classic. Just as with the original Interlude Man, a initially imposing burst of almost majestically powerful frankincense reveals a wondrously harmonious interior life as it develops; but whereas the original Interlude carried the effusive, spice-laden warmth of the baking desert sun, Black Iris is a dispatch from the inky midnight sky, stars illuminating a mouthwatering smorgasbord of rare delights. The intense aromatic oregano and rosemary of the original is toned down here, leaving the opening relatively cool, sparkling, and wet, which in turn unlocks the narcotic smoothness of buttery orris and violet leaf. Richly smoky agarwood and frankincense still carry their royal splendor, but the base leans more towards sandalwood and cedar, creamy and robust. If Interlude Man is a blinding crown of polished jewels, Interlude Black Iris is a flowing, impossibly soft velvet robe- and what king doesn\'t need both?'),
	('P0683356', 'Oud Stars - Indochine Parfum', 155814, 876, 2.400000, 5, '20cm L x 84cm W x 01cm H', '-', 'perfume', 'Xerjoff', ' The promise of an oud scent is boundless complexity- with the myriad of smoky, creamy, animalic, green, and spicy tones that quality oud is capable of, each sniff can potentially yield a new, exciting experience. While this is all too often lost in practice, Indochine offers a uniquely Xerjoff version of this complexity, pairing a shapeshifting oud against a signature XJ palette of indulgently gourmand fruits and luscious European florals for a sweet, smoky floral oud that reveals new dimensions with each passing moment. At first, the sweet fruit leaps off the skin, a mouthwatering candied strawberry brightened with Brasilian orange and a tingle of pink pepper. But soon enough, rich and sensual Bulgarian rose carries the moment, freshened with a surrounding bouquet of peony and freesia. Everything is building into an oud that plays off sweet and lush alike with smoky and creamy facets, imparting an almost mystical elegance. Truly a fragrance of rare distinction, Indochine is a sophisticated oud with great rewards for a discerning wearer.'),
	('P0733559', 'Vetiver de Pierre Eau de Parfum', 852958, 1759, 2.300000, 90, '19cm L x 80cm W x 83cm H', '-', 'perfume', 'Anthologie de Grands Crus', ' In Les Cayes, Haiti, vetiver roots with their dry, earthy notes are laid out in front of L\'Atelier Franais des Matires partner Pierre Lger\'s factory where the prized ingredient will be distilled. That earthy scent quality is amplified in Vetiver de Pierre in one of its two acts. You see, there are at least two acts in this stunning and unusual fragrance that amplifies vetiver\'s natural complexity, which is a perfume in and of itself.\nIn the first act, vetiver\'s dry earthy qualities are intensified by gourmand notes of cacao absolute from the Ivory Coast and Venezuelan tonka. Combined with blond tobacco absolute from Turkey, and you\'re practically transported to an expensive cigar store in Santo Domingo.\nIn the second act  or woven throughout the first  a citrusy green, rose-like creamy floral quality of vetiver radiates out adding a delicate refinement to its earthy qualities.\nSmooth, elegant and complex, Vetiver de Pierre will be a treat for vetiver lovers, surprising you at every turn with a complex symphony.'),
	('P0744039', 'Petits Papiers Eau de Parfum', 820863, 858, 2.400000, 99, '30cm L x 92cm W x 31cm H', '-', 'perfume', 'Mad et Len', ' Sweet,  warm,  and resinous,  Petits Papiers is inspired by Papiers d\'Armenie,  benzoin-coated incense papers that took France by storm in the late 19th century. Transposed by Mad et Len into scented candle form,  this combination of resins,  woods and a highly-evocative paper note had already brought this rich,  evocative and historic aroma into the home- but now,  exclusively for Luckyscent\'s 15th anniversary,  Mad et Len has made this timeless scent available in Eau de Parfum form. Enjoy the balsamic complexity of this dynamic,  yet subtle composition,  as can only be truly appreciated on the greatest canvas of all- your skin.'),
	('P0885075', 'Tubereuse Imperiale Eau de Parfum', 409492, 741, 3.400000, 67, '93cm L x 14cm W x 68cm H', '-', 'perfume', 'BDK Parfums', ' Nonchalant, she walks with regular strides. The swing of her hips well rehearsed. She doesn\'t want to seem too pretty in her white headdress. Sovereign, she feigns ignorance while a passerby\'s stare fixate on her light colored turban that unfolds like a corolla. Her delicate silhouette sways proudly under the weight of this crown of sunshine: the envy of all flowers.'),
	('P0996712', 'Tihota Eau de Parfum', 57047, 1408, 3.500000, 10, '58cm L x 04cm W x 81cm H', '-', 'perfume', 'Indult', ' Rapa Nui for sugar, Tihota is, quite simply, The One. The One that will call to you every moment you\'re not smelling it, The One that you\'ve only had hints of in other vanilla perfumes, The One that lasts and lasts, The One that has perfectly captured the essence of the pure nature of fresh vanilla beans and has harnessed it beyond your wildest dreams. It inspires obsessive devotion with its fragrance of smooth, vanilla bean pods dipped in honeyed water and left to steep. The result is the pure magic, an unbridled vanilla, sweet, raw and achingly desirable. Of course, Tihota isn\'t the first perfume to focus on the dark sweetness of vanilla... perfumery is filled with vanillas, but this smells like the dream of a master perfumer who was obsessed with vanilla and was finally given free rein to worship the note with no apologies. It is, without a sliver of a doubt, the finest pure vanilla we\'ve ever had the honor of carrying, and it\'s so beautiful it pains us to put the bottle down.'),
	('P1047737', 'Kagiroi Parfum', 340123, 1139, 3.700000, 68, '62cm L x 06cm W x 28cm H', '-', 'perfume', 'Di Ser', ' An aromatic ode to the ancient beauty of Japan, Kagiroi represents the changes in the shade of the dawn sky over the mountains of Hokkaido, Japan. As the dawn sky transitions through shades of purple, yellow, orange and red, this scent that showcases many ingredients used for the first time in perfumery transitions from an aromatic slightly spicy top to an earthy and woody base, representing the ebb and flow in the stages of life. The perfume opens with notes of Japanese herbs and citruses, moves to a slightly floral spicy middle and settles into a deep woody base accentuated by the use of the Hinoki cedar that dot the mountain landscapes. A deeply personal and spiritual scent, Kagiroi is a scent of shifting aromatic complexities representing transitions in the journey of life.Parfum Edition: We are honored and delighted to offer the rare and precious Parfum edition of Kagiroi, which adds to the composition a precious specimen of Japanese agarwood, which adds rich, spiritual dimensionality and a truly impressive and long-lasting drydown to this already complex and wonderful scent.'),
	('P1076040', 'Vanille d\'Amine Eau de Parfum', 870692, 1522, 4.500000, 54, '83cm L x 04cm W x 94cm H', '-', 'perfume', 'Anthologie de Grands Crus', ' This is not your teenager\'s vanilla. Rich, smoky, and smoothlike a fine cognacVanille d\'Amine hints at intrigues on dark nights, with vanilla from Madagascar undergirded by velvety smooth clove, with incense adding another layer of mystery. Smelling Vanille d\'Amine for the first time is like opening a leather-bound vintage book in a library impregnated with the scent of pipe smoke from day\'s long gone by. \nNamed in homage to Amine Kalfane, L\'Atelier Franais des Matires\' partner in Comoros/Madagascar who provides both the vanilla and clove for the fragrance, Vanille d\'Amine uses an oleoresin extraction whose olfactive profile of vanilla planifolia is quite different from the standard, with dark chocolate and plum facets. \nIf you are only familiar with conventionally confectionary vanilla, take a walk on the dark side. It smells pretty sexy over here.'),
	('P1289415', 'Velvet Fantasy Eau de Parfum', 229757, 1277, 2.700000, 98, '42cm L x 82cm W x 70cm H', '-', 'perfume', 'Montale', ' Velvet Fantasy is a solar fragrance where citrus and velvety fruits mingle with the elegance of rose and the gourmand femininity of violet. Thereafter, incense unveils amber and white musk to create a bewitching and wild dance. What We Think A sweet and fruity fragrance with a rich long lasting warmth. Like a decadent dessert, it starts off bringing together the bright freshness of the tangerine with some sweet berry and apple notes and the creaminess of the toffee and vanilla. The fragrance smoothly transitions into a deliciously bold blend of amber, leather, sweet vanilla and creamy woods. Absolutely mouthwatering.'),
	('P1359687', 'Gold II Sahara Parfum Extrait', 331642, 592, 2.400000, 9, '66cm L x 93cm W x 95cm H', '-', 'perfume', 'Widian', ' Like its companion fragrance Gold I, the luminous, captivating Gold II (now presented as Gold II Sahara) is built around the fragrance accord most associated with the precious metal- amber. But while Gold I\'s amber was powerful and opulent, Sahara is luxuriously smooth, a floral musk with a deep, soft muskiness that evaporates the concerns and trivialities of everyday life in a wondrous cloud of creamy, gently powdery sensuality.\nOn the very first spray of Sahara, a remarkably uplifting opening of bright citrus, rich saffron and spicy elemi invigorates, before the softness of the rose and orange blossom heart steadies the tempo and soothes the soul. In the deep, sweet base, creamy vanillic amber and musky cedarwood relax and seduce. The beauty of gold is its versatility, the ability to dazzle with subtlety as easily as with excess. In Gold II Sahara, Widian chooses that subtle road less traveled, and you\'re sure to go along for the journey.'),
	('P1409132', 'Oshun Extrait de Parfum', 381627, 1137, 3.400000, 62, '95cm L x 01cm W x 15cm H', '-', 'perfume', 'CALAJ Perfumes', ' Revered for her sensuality, beauty, love and fertility, Oshun, the Love goddess of the Yoruba people, was known to be generous and kind goddess with a touch of hidden tempestuous temper which rarely come to the surface.\nOshun is a dualistic perfume: One part sensual, tender, sexy and another part, strong and determined. What We Think Sweet, fresh, bright, and floral when it goes on, Oshun reveals a sensual, intense animalic side with warm, balsamic amber.'),
	('P1650225', 'New York Eau de Parfum', 846876, 1758, 2.700000, 30, '52cm L x 93cm W x 75cm H', '-', 'perfume', 'Widian', ' New York City in the spring may be the most magical place in the world. For once a year, the electric bustle of the city is balanced with delightfully mild temperatures, gentle sunshine, and a fresh breeze that draws even the most cynical citydwellers out into New York\'s beautiful and far-flung public spaces, now teeming with the energy of new life. This is the inspiration for New York, the latest in Widian\'s tribute to the great cities, an explosion of bright citrus, spicy florals, and musky woods that positively vibrates with the extraordinary dynamism of the Big Apple. \nAll the energy of a New York spring is present from the very first spray, as New York bursts forth with sun-soaked notes of lemon, bergamot, and mandarin, kissed with a burst of pink pepper. The spicy, aromatic bouquet only grows richer in the romantic heart notes, as striking floral notes of lavender, geranium and rose are combined with coriander and juniper, conjuring a lusciously fresh and deeply sensual tone. And as the smooth, ambered base of tobacco, musk, and never-too-heavy vanilla emerges, you can practically feel the sun setting, and a nighttime of endless possibilities on the horizon. It\'s just another perfect spring day in the greatest city in the world.'),
	('P1832748', 'Isra & Miraj Eau de Parfum', 603481, 1874, 2.100000, 68, '17cm L x 55cm W x 00cm H', '-', 'perfume', 'Stephane Humbert Lucas 777', ' To celebrate the 7 year anniversary of the 777 collection, Stephane Humbert Lucas Paris reconnects with its original inspiration and emphasizes on spirituality and wonders of the East.\nIsra & Miraj, sublime story of the Orient, tells of a voyage under the moonlight and an ascension to the 7th sky. This fragrance is the interpretation of a spiritual journey of hope, peace and fulfillment. An absolute quest wherein, sky after sky, the most precious raw materials are layered to create a perfume that is nothing short of perfection.\nAn intense sensual amber dressed up in a magnetic heliotrope take center stage as the white and brown musks start to create a mesmerizing aura that hovers over the skin. Natural oud infuses the fragrance with an enchanting woody and animalic richness that is absolutely heavenly. A meticulous work of olfactive art to that demonstrates this French house\'s mastery. One whiff of this and you\'ll agree, Stephane Humbert Lucas has never been more on top of his game.'),
	('P1889005', 'Fuyu Eau de Parfum', 507780, 1494, 2.700000, 82, '63cm L x 83cm W x 26cm H', '-', 'perfume', 'Tom Daxon', ' Inspired by the delicate juiciness of a Japanese fuyu persimmon, Fuyu is a floral skin musk of unique refinement and subtle yet indescribable pleasure. It opens on an accord of exceptional cleverness- white peach providing the sophisticated sweetness and cedarwood delivering a subtly creamy woodsiness that together create the illusion of a soft, perfectly ripe persimmon. The heart notes quickly unfold, revealing a bouquet of beguilingly powdery iris set against a luscious jasmine that keeps the fruity tones balanced. And all is laid softly on a bed of pillowy musks that surround the skin, softening, soothing, and purring with gentle sensuality. It\'s a true beauty of a skin scent, as perfect for iris lovers as it is for fans of subtly fruity musks- a fragrance with minimal intensity, but maximum complexity, and one that proves that Tom Daxon\'s talents extend to every aspect of fragrance.'),
	('P1909233', 'Citrus Riviera Eau de Parfum', 510234, 1384, 4.500000, 15, '78cm L x 91cm W x 70cm H', '-', 'perfume', 'BDK Parfums', ' Leaving Paris, heading south, I reach the Cap d\'Antibes. It\'s here in this white house that I find those forgotten feelings again, of the breeze that freshens the veranda, of the warmth of the steps leading to the garden, and of the turquoise water gleaming in the pool. I lie down under the lemon trees, in the shade, and scan the blue sky, where a few clouds drift, lost. The song of the cicadas is slowly replaced by laughter. The sun\'s rays stroke my face, and I am soothed; seduced by the sweetness of summer.'),
	('P2092745', 'Vanille de Tahiti Eau de Parfum', 305525, 991, 4.100000, 83, '17cm L x 39cm W x 07cm H', '-', 'perfume', 'Perris Monte Carlo', ' Native to Central America, the plant of vanilla belongs to orchid family and grows in the humid tropical forests. The most vibrant of all the varieties is the Tahitensis. This vanilla is not extracted with solvents, but through a more natural and less invasive process, known as CO2 supercritical. This process preserves all the aromatic facets of its profile and ensures an extract of the highest purity. The captivating aroma of this powerful and exotic raw material brings to life the soft texture of the vanilla pod.\nVanille de Tahiti is a symphony of warm, exotic and gentle sweet notes. An enveloping vanilla enriched with floral notes of ylang ylang and champaka, while enchanting warm notes of amber mingle with musk and sandalwood.'),
	('P2222038', 'Morning Chess Eau de Parfum', 76311, 816, 2.700000, 47, '29cm L x 03cm W x 73cm H', '-', 'perfume', 'Vilhelm Parfumerie', ' Swedish summers. Bright endless mornings in a cottage, minds battling in wit over a chessboard: the memories of a grandfather\'s checkmate. The ripe, green lushness of summer on the Swedish coast, where grassy notes are light enough to hint at the evergreen sharpness of the distant winter air. What We Think Fresh, green, and a touch wild- a leather with a comfortably natural streak.'),
	('P2231441', 'Lil Fleur Eau de Parfum', 522990, 602, 3.200000, 13, '85cm L x 95cm W x 00cm H', '-', 'perfume', 'BYREDO', ' With the swirl of emotions that dominate our teenage years- the joys and heartbreaks, the aspirations and fears, it\'s no wonder that our memories of those heady times will always be among our most intense and indelible. Lil Fleur is a fragrance dedicated to the complexity of adolescence, a lush and beautiful rose scent perched between innocence and sensuality, with all the occasionally bitter sweetness contained therein. \nAt the heart of Lil Fleur is a beautiful Damascena Rose, sparkling, crisp, and tantalizingly sweet. Top notes of cassis and tangerine add to the incandescence, while a smooth, mouthwatering note of saffron glows with the warmth of nostalgia. A romantic and gourmand base is composed of creamy vanilla and a sexy, grown-up touch of blonde, ambered woods, marking Lil Fleur with an unpretentious sophistication that makes it the perfect choice for rose lovers of all ages. A true encapsulation of the complicated and beautiful spirit of youth, Lil Fleur is a bright, warm, enchanting gem of a scent.'),
	('P2395911', 'L\'Homme A La Rose Eau de Parfum', 460809, 1306, 2.400000, 77, '33cm L x 56cm W x 18cm H', '-', 'perfume', 'Maison Francis Kurkdjian', ' Francis Kurkdjian has a talent for making masculines that balance French sophistication with modern style- classic enough to impress, cool enough to wear anywhere. And while he\'s already given men a sultry, evening rose with Lumiere Noire, his newest release reinvents the masculine rose as a fresh, bright, all-day sexy stunner. L\'Homme A La Rose doesn\'t lack for floral strength, as it\'s built around a dynamic pair of two of the world\'s most renowned roses: deep, sweet Damask roses from Bulgaria, and smooth, fresh Centifolia rose from Grasse. A fruity, zesty grapefruit accord accentuates the floral roundness, while a dynamic ambery wood accord blends with aromatic sage for a contemporary, distinctive signature. A rose that any man will want atop his wardrobe, L\'Homme A La Rose is a new standard for masculine florals.'),
	('P2555601', 'Arsalan Parfum', 941579, 1332, 3.100000, 65, '90cm L x 44cm W x 63cm H', '-', 'perfume', 'PRIN', ' The Persian legend of Arsalan is a story of a royal heir who rediscovers his hidden heritage and decides to reclaim his throne. And as would befit a fragrance based on hidden power, Arsalan is a gorgeous and richly textured floral spice scent that feels warm, lush, and romantic, but also reveals an intensely potent blend of some of the finest Southeast Asian ouds available. Beneath a bright, alluring bouquet of luscious, smooth champaca and jasmine, an intense and carnal rush of Cambodian oud and Thai Trat oud displays a multifaceted profile of sweet, warm, sensual oud tones. A bright, sparkling olibanum incense plays off of an exotic spice blend, uplifting and giving sophisticated complexity. Arsalan the prince needed a long journey before he was able to reveal his nobility, but Arsalan the fragrance is undeniably, wonderfully regal.'),
	('P2648475', 'Koala Extrait de Parfum', 491599, 1760, 2.900000, 98, '96cm L x 26cm W x 88cm H', '-', 'perfume', 'Zoologist', ' A cloak of rich green velvet sweeps across the Australian horizon, the majestic eucalypt forest flattering every curve of the undulating landscape. Tucked high in the crook of a tree, the koala is oblivious to the mesmerizing views. It would rather curl into a ball and sleep off a feast of oily eucalyptus, the aromatic leaves that sustain it. Despite their sleepy demeanour and friendly expression, koalas are territorial creatures. Males mark the soaring trunks with their musk, establishing their dominance.\nZoologist Koala opens with an invigorating blend of lemony honey and the sweet aroma of eucalyptus. They float above a blanket of black tea and spices, then draw you even deeper into musky amber and woods. The result is a unique and carefree scent that snuggles in around you, enveloping you in an embrace both playful and independent.'),
	('P2690689', 'Prends-Moi Eau de Parfum', 912694, 1112, 4.500000, 51, '48cm L x 99cm W x 15cm H', '-', 'perfume', 'Isabey', ' Take me.It\'s a bold and forward statement in any era, and in the early 1930\'s, when Isabey first released Prends-Mois (as it was called then), it was shockingly controversial- and highly coveted. Now, the iconic scent has been relaunched as Prends-Moi, and we\'re pleased to report the fragrance housed in the emblematic red bottle has every bit of the passionate romanticism that turned heads almost a century before. \nPrends-Moi opens with a fiery spark of pink pepper, leading to a lush and daring contrast of florals in the heart- a light, innocent rose intertwined with bold, unapologetically carnal tuberose. The powdered elegance of lipstick is balanced against an almost animalic cocoa, representing a seduction both sophisticated and primal. Erotic, romantic, and classic, Prends-Moi is everything French perfume should be.'),
	('P2817115', 'Escale En Indonesie Eau De Cologne', 794754, 718, 4.800000, 24, '63cm L x 30cm W x 75cm H', '-', 'perfume', 'Les Indemodables', ' Perhaps the most classic of all scents, the "L\'eau de Cologne" style stays perpetually in fashion because of its wonderful simplicity. Featuring a lighter concentration that puts its emphasis on freshness and wearability, an EDC can actually be an ideal format to showcase exquisite natural materials in high concentrations that might feel overwhelming as part of a richer, more busy perfume. \nWith Escale En Indonesie, Les Indemodables has chosen to showcase a spectacular specimen of one of the most precious materials in all of perfumery- ambergris. Recovered from the paradise of Sumatra, Indonesia, this top-graded white ambergris was painstakingly distilled into a "Grand Cru" tincture, broken down with state-of-the-art ultrasound and then carefully tinctured for over six months to achieve a sublime level of complexity. Every possible facet of this fabled material- vivid ozonic tones, sensual animalics, and electric saltiness- are fully presented, delivering a depth and longevity that are rare for an eau de cologne. And a suite of carefully chosen complementary notes add more EDC freshness- a sunny sparkle of Calabrian bergamot and Sicilian lemon combine with a green, floral freshness from Moroccan neroli oil. Each note teases out even more complexity from the ambergris, which feels as bright and refreshing as the citrus opening but soon gains creamy, seductive tonality from a smooth jasmine and sandalwood base. Don\'t worry if this sounds a bit heavy for an EDC, as it\'s delivered with a wonderfully light touch that makes it oh so wearable. But if you\'ve ever wanted a scent that harnessed the true power of ambergris while also maintaining delightful everyday wearability, don\'t let this hidden gem pass you by.'),
	('P2896108', 'Kurokami Parfum', 251214, 1288, 3.200000, 78, '54cm L x 58cm W x 21cm H', '-', 'perfume', 'Di Ser', ' This perfume represents the essence of Japanese aesthetics. A sleek and polished beauty that conjures up the sheen and well-groomed elegance of meticulously brushed hair. Indeed, Kurokami is Japanese for black hair. This is a fascinating floral fragrance filled with the refinement of Jasmine and Rose. A fragrance that exudes grace and sophistication.'),
	('P2930660', 'Undergrowth Eau de Parfum', 750211, 1892, 2.200000, 74, '00cm L x 99cm W x 32cm H', '-', 'perfume', 'Rook Perfumes', ' Undergrowth is visceral. I wanted to re-create the scent evoked by pulling fresh garden mint from damp earth and bottle it. I love watching people react to this scent. It is somehow familiar but it being born from a perfume bottle takes a moment to accept. Undergrowth is the scent that takes people\'s noses back to their wrist over and over again until they finally succumb and can\'t live without it.  Perfumer Nadeem What We Think Aromatic and earthy with the compellingly authentic snap of fresh, green mint, it\'s an undeniably addictive scent that evokes a beautifully cultivated herb garden.'),
	('P3036521', 'Escentric 05 - Travel Spray Eau de Toilette', 652329, 1238, 5.000000, 91, '84cm L x 58cm W x 70cm H', '-', 'perfume', 'Escentric Molecules', ' "With Escentric 05 I wanted to create a different kind of summer fragrance. Instead of the usual aqueous notes, I was inspired by walking up from the sea on a hot afternoon through dry, aromatic Mediterranean herbs and trees." -Geza Schoen\nCashmeran, the molecule at the heart of the 05 series, is dry, radiant, warm and woody with an unexpected touch of pine resin. It\'s this vibrant quality that caused Geza Schoen to flash back to the Mediterranean, where he spent his childhood summers, and as a result Escentric 05 is truly a different kind of summer scent, infused with vivid, glowing warmth and the contrast of sun-baked plants and trees.\nEscentric 05 opens with a wonderfully simply top of light, fresh bergamot, and a bright and happy orange note, chosen to represent the orange groves of our hypothetical island destination. Laurel and rosemary carry a signature freshness and spiciness, while a the herbal character of juniper plays against the dry, pungent woodiness of cypress. The drydown features two classic Mediterranean ingredients- cistus labdanum, with its sweet, leathery, balsamic richness, and mastic, a tree-based resin with the clean, sharp scent of newly-cut branches. And they\'re both layered over the signature 05 Series ingredient, cashmeran- an intoxicating 15% concentration within the formula that provides sensual, woodsy warmth. Far from a typically "freshie" summer scent, Escentric 05 captures the emotional warmth of summer memories in a scent with all the signature stylishness of Escentric Molecules.'),
	('P3039948', 'Nocturnal Poetry Parfum', 723006, 588, 3.400000, 24, '92cm L x 83cm W x 10cm H', '-', 'perfume', 'PRIN', ' Who says a nightmare needs to be a bad experience? In the talented imagination of Prin Lomros, the surreal feeling that accompanies an unsettling dream is sublime inspiration. This sensation is captured to enchanting effect in Nocturnal Poetry, a lush, intoxicating floral with the spicy, animalic complexity that PRIN is known for. A cool, green and thorny bouquet of violet, champaca, and rose sits in a misty fog of incense and myrrh, kissed with sweet, earthy notes of beeswax, hay, and coffee. A dark base of oud, animalics and leather beckons with provocative mystery, but Lomros always keeps Nocturnal Poetry from becoming too unsettling- ultimately, this dreamlike floral is a journey anyone will enjoy taking.'),
	('P3077923', 'Black Citrus Eau de Parfum', 599432, 1866, 4.200000, 16, '60cm L x 88cm W x 46cm H', '-', 'perfume', 'Vilhelm Parfumerie', ' The triumph of London rain. A sudden shower cooling the air: the romantic smell of London after a rainsquall when water has washed away frivolity, leaving only a zesty and triumphant breeze with a soft echo of the storm. The strength of bergamot, cardamom and violet is tempered by birch tree and a dusting of patchouli. What We Think Spicy, fresh, invigorating citrus with an intriguingly modern profile from the mate and violet heart.'),
	('P3114207', 'Puritas Eau de Parfum', 551119, 877, 4.000000, 22, '90cm L x 52cm W x 34cm H', '-', 'perfume', 'Electimuss', ' Inspired by Vesta, the Roman goddess of purity, home and hearth. Her purity of heart and promise of fertility were symbolized in the eternal flames burning in her temples.  \nPuritas has a graceful floral incense heart, with bright, peppery top notes and a warm spicy base.  Like its inspiration this fragrance has an eternal elegance, simplicity and a lightness of touch.'),
	('P3389475', 'Poets of Berlin Eau de Parfum', 895412, 955, 2.100000, 65, '52cm L x 39cm W x 54cm H', '-', 'perfume', 'Vilhelm Parfumerie', ' Berlin, a city that is alive with the same kinetic, magnetic energy that attracted David Bowie for a few formative, recuperative and prolific years in the Seventies. Perpetual creative movement embodied in a bold collision of blueberry, lemon, bamboo, green wild orris and Haitian vetiver. What We Think Vibrant, fresh, and green, with just the right amount of discord, this scent certainly captures the "beautiful chaos" of bohemian creativity.'),
	('P3439668', 'Eshu Extrait', 491391, 620, 3.200000, 40, '14cm L x 02cm W x 05cm H', '-', 'perfume', 'PRIN', ' Eshu, the mischievous god of Yoruba legend, who translates between the gods and all the peoples of earth. Eshu, a groundbreaking 2000 Fall/Autumn collection from the late Alexander McQueen, which inspired Prin Lomros to create this scent. Eshu, the fragrance, a universally fluent dialogue between rich, earthy tobacco, fiery spices, sweet cognac, and touches of animalics, woods, and musk. The synthesis is surprisingly smooth, a powerful yet utterly wearable boozy tobacco with intense, sophisticated resin and spice tones, distinctive and unforgettable. An ingenious juxtaposition of traditional tribal elements and modern twists, Eshu is not to be missed.'),
	('P3476703', 'Lavande Romaine Eau de Parfum', 537860, 1076, 3.900000, 70, '45cm L x 11cm W x 11cm H', '-', 'perfume', 'Perris Monte Carlo', '  At harvest time, evenings are filled with its aroma and the sunset is colored by the newly cut flowers strewn over the fields. The humble alembics installed near the reservoirs glow with red flames into the night.\nLavender is so connected to Provence that often farmers don\'t realize that it was introduced during the Roman invasion which gave this region the designation of Provincia Romana\' from which its name derives..\nLavande Romaine captures the essence of these landscapes and the beauty of the lavender fields where flocks of blue butterfly\'s float in the air. A joyful fragrance that dances and sings a summer tune.'),
	('P3543465', 'La Danza delle Libellule Eau de Parfum', 982439, 1123, 2.400000, 25, '92cm L x 31cm W x 66cm H', '-', 'perfume', 'Nobile 1942', ' Since when did Italian fragrance become such a serious endeavor? We have to admit,  we\'ve been feeling a bit lost lately amongst all these challenging,  avant-garde conceptual pieces- every now and again,  don\'t you just want to wear something unapologetically luxurious? La Danza Delle Libellule (the dance of the dragonflies, ),  a joyously self-assured fruity gourmand,  is the answer to our casual,  indulgent,  dare-we-say-girly? prayers. Based on an operetta by the Austrian composer Franz Lehar,  it\'s the kind bold,  beautiful,  and unapologetically feminine scent that\'s sure to conjure up fantasies of majestic castles and storybook romance to charm even the most jaded fragrance fan.\nLike the delicately beautiful insects that inspired Lehar in the first place,  La Danza Della Libellule delights us with its playful grace. Opening with an intensely juicy burst of apple and bergamot,  La Danza immediately distinguishes itself from more straightforward gourmands with its understated approach to sweetness: dry cedar and rich cinnamon give contrast to the bright fruitiness without ever getting sugary or cloying. A pure vanilla,  supported with cocoa and musk,  comforts and pampers to soothe even the most troubled heart. We wear fragrance for plenty of reasons: for love,  for fashion,  for art. This fragrance,  we just want to wear for ourselves.'),
	('P3629995', 'Gris Charnel Eau de Parfum', 624384, 598, 2.100000, 92, '82cm L x 65cm W x 65cm H', '-', 'perfume', 'BDK Parfums', ' Quai Saint-Bernard, near the Jardin des Plantes, the first couples arrive at the Tino-Rossi garden. As the night falls, the number of dancers increases and the bleachers fill up. Under the silver moon and the lights of the tourist barges that criss-cross the quay a few meters away, the bodies mingle to the rhythm of the music. It is then that two glances cross paths. A discreet invitation brings them to the center of the track. As if they were carried away, they dance in the heat of the night. From this hand-to-hand seduction punctuated by knowing smiles, they end up slipping away to give free flow to more carnal desires. In the early morning, the sheets give off a scent of sleepless nights, mischievous and lascivious embraces.'),
	('P3679279', '2018 Roxo Tonic Eau de Parfum', 186115, 1615, 2.400000, 65, '84cm L x 50cm W x 12cm H', '-', 'perfume', 'Les Bains Guerbois', ' Roxo, the ultra-glamorous new restaurant in the latest reincarnation of Bains Guerbois, is more than just a dining room. It\'s a designer\'s delight, where organic shapes transform in space, where day meets night in a dance of light and shadow. And it\'s a party, where encounters of all kinds intoxicate one\'s senses as powerfully as their potent and whimsical cocktails.\nRoxo Tonic is, therefore, a fragrance under the influence. Intense citrus and fiery ginger liberate the soul and sparkle with bold and daring intent. The bracing, bitter booziness of gentian liqueur stimulates the spirit, while smooth neroli adds a touch of silky romance. As the warm, musky base envelops us, we feel a moment of joy, desire and uninhibited delight. This is the Roxo Tonic, and it can bring a touch of sensual Parisian wonder to any situation.'),
	('P3737276', 'Freckled and Beautiful Eau de Parfum', 523736, 1607, 4.300000, 68, '04cm L x 05cm W x 20cm H', '-', 'perfume', 'A Lab on Fire', ' There\'s no beauty quite like being young in the City of Angels- the wind in your hair, the sand between your toes, the endless possibilities for freedom and adventure in a sun-dappled, ocean-kissed paradise where the days never end and anything is possible. Freckled and Beautiful is a perfect tribute to the beauty of youth in L.A., a warm and hazy beachside floral with an unforgettable gourmand touch. It\'s a fragrance that highlights everything that makes A Lab On Fire Great- creamy, romantic orange blossom, the unmistakable tang of salty ocean air, and a mouthwatering and unique gourmand component- in this case, a warm milk and Petit-Beurre pastry accord that comforts and nourishes like the perfect after-school snack. Delicious and delightful, Freckled and Beautiful captures the unique jubilation of youth, and is a must-try for all lovers of A Lab on Fire\'s gift for floral gourmands.'),
	('P4153377', 'Amber Eau de Parfum', 249491, 1909, 2.600000, 90, '27cm L x 00cm W x 55cm H', '-', 'perfume', 'Rook Perfumes', ' When we say we love amber scents, we don\'t just mean the traditional blend of labdanum and vanilla that are so often considered the definitive "amber" note in perfume. Which is good, because neither ingredient is anywhere to be found in Rook\'s new Amber scent. What we really love, however, is the spirit of amber- powerful, sensual, spiritual, and comforting, all at once- and that, this Amber has in multitudes. It opens with a genuinely hypnotic smoke note- sweetened with saffron, but rich and animalic, coaxing out the syrupy amber-maple heart like semi-fossilized resin seeping from ancient bark. A tonka bean base adds a touch of familiar vanillic tone, but stripped of the typically creamy dessert trappings. This amber glows with the intensity of late summer dusk in the wilderness, satisfyingly sweet but also exhilarating and primal. In other words, exactly what you\'d hope for from Rook.'),
	('P4163759', 'Poudrextase Eau de Parfum', 251358, 1555, 2.500000, 72, '63cm L x 82cm W x 91cm H', '-', 'perfume', 'Marlou', ' With a name that combines the French words for "powder" and "ecstasy, " it\'s not difficult to imagine what Marlou has in mind with their newest fragrance. But concept alone can\'t do justice to Pourdrextase; after all,  this is Marlou we\'re talking about here,  a line that does one thing- intensely erotic,  deeply animalic musk- and does it just about better than anyone. And even if their smolderingly over-the-top previous releases have been a bit too intense for you,  we\'d strongly encourage you to try again,  as Poudrextase explores a duality of skin scents- on one hand,  the primal musk,  on the other,  the fresh powder and minimal florals of expensive cosmetics on clean skin- and the result is Marlou\'s most wonderfully accessible scent yet. Here,  the rice powder is bright and fresh,  almost citrussy,  and the dried rose just delicately sweet enough to smooth out the funk of the animalics,  which retain every ounce of the full-bodied carnality of Marlou\'s previous gems. It\'s very much a portrait of skin in full- the proper and the profane,  the clean and the dirty. We\'re entranced.'),
	('P4172368', 'Purple Fig Eau de Parfum', 431353, 1230, 2.800000, 28, '99cm L x 96cm W x 22cm H', '-', 'perfume', 'Vilhelm Parfumerie', ' What would you do if it were your last night on earth? For Johann Friedrich Struensee, doomed doctor of the Danish court, it meant a picnic with his love and their friends on the last night before his death. As always, champagne and figs, his favorite fruit, were on the menu, as dusk turned the sky purple. Joy and tears, sorrow and laughter, a bitter sweet cocktail that lives on in this Purple Fig. What We Think A spicy, thorny, fresh-green take on fig- bittersweet enough to match the story.'),
	('P4188953', 'Anti-Blues', 548416, 859, 2.200000, 58, '64cm L x 83cm W x 27cm H', '-', 'perfume', 'Pierre Guillaume Paris Black Collection', ' "In the paintings of Jacques Monory, blue forgives everything. It makes the crime aesthetic, the threat fascination. Bathed in shades of highly desirable blue, urban and contemporary violence paradoxically becomes hypnotic."\nAnti-Blues, the first in Pierre Guillaume\'s new Confidentiel series, is a dark gourmand that, like the paintings of Monory, bathes warm mineral and woody gourmand notes in a cool blue wash of frankincense, combining the dangerous and the delicious. The frankincense is stark and cold, mixed with an almost alien vetiver, disguising the imposing woody bitterness coming from cacao, saffron, and amyris. Touches of hay and dark chocolate coax out the animal nuances of vanilla, already dirtied with leather and tobacco. It\'s a fragrance of olfactory illusion, enticing edible notes and seductive woods painting a distinctly tinted portrait of delectable darkness.'),
	('P4204362', 'Rozu Eau de Parfum', 273878, 1127, 3.000000, 63, '80cm L x 63cm W x 33cm H', '-', 'perfume', 'Aesop', ' The beauty of Aesop fragrances lies in their ability to elegantly balance between sophistication and naturalism- an Aesop scent is gorgeously refined, yet possessed with an unmistakable and primal connection to the raw materials from which it was created. So it shouldn\'t surprise anyone to hear that their foray into rose scents is no delicate young flower, but a lush, gorgeously green wild rose with vibrant shiso accords, woods and spice, and a light touch of sophisticated smoke. The rose note is sumptuously romantic, with enough floral fullness to make any rose lover swoon, but the eastern influence of the aromatics and guaiac wood impart a soulful spirituality that set Rozu apart. A beautiful floral that\'s every bit an Aesop scent, Rozu is a must try for rose lovers.'),
	('P4812246', 'Fatal Charme Eau de Parfum', 378326, 1546, 4.100000, 72, '49cm L x 96cm W x 81cm H', '-', 'perfume', 'Xerjoff - Join the Club', ' Fatal Charme is the fashion-themed fragrance from theJoin the Club series by Xerjoff. It evokes that insatiable desire for the next fashion-forward vogue, with an elegant sense of compositional balance and discernment.\nZesty aldehydes lead with a mouthwatering lemony top, giving Fatal Charme a fresh modern edginess. The fresh top is grounded with an elegant, powdery iris and a charming fruity zip of violet hard candy, adding a mysterious yet familiar quality. The effervescence of Fatal Charme brings to mind the fizz of a cream soda or cuba libre.  The final drydown is tinged with an irresistible hit of sheer musk. Edgy, elegant, sexy - but not taking itself too seriously - this Xerjoff creation would make any woman feel ready for the runway.'),
	('P4943954', 'Dear Polly Eau de Parfum', 503651, 1398, 4.600000, 42, '11cm L x 14cm W x 16cm H', '-', 'perfume', 'Vilhelm Parfumerie', ' Distance is nothing to the heart: The scent of black tea, brewed just how she likes it, and the crispiness of morning light, slowly easing away the night that still clings to the senses. Ceylon black tea immediately warms the skin while sensuous musk simmers below.'),
	('P4948947', '1979 New Wave Eau de Parfum', 769939, 1342, 4.000000, 70, '43cm L x 42cm W x 12cm H', '-', 'perfume', 'Les Bains Guerbois', ' As the seventies turned to the eighties, the nightlife at Bains Douches turned from the glitzy excess of disco to a new sound that was both melodic and modern, but also rawer and more emotionally intense than what had come before. As an ode to this New Romanticism and its dark and cheerful contradictions, 1979 New Wave is a truly intriguing combination of exceptionally bright, aldehydic herbaceous notes contrasted against a rich base of gorgeous, woodsy orris. The cool, bracing freshness of a mint bouquet explodes off the skin, the aldehydes providing a modern, gently soapy sparkle, which lifts up the (dare we say gloomy?) sensuality of the buttery orris heart, which otherwise might sink under its own complex richness. The smoothly musky base supports both the lighter and darker aspects of the scent, as crisp, aromatic cedarwood keeps the energy up while creamy sandalwood and warm amber coax warmer aspects from the orris. Looking for a new, sexy take on iris/orris? 1979 New Wave is here to transport you.'),
	('P5150613', 'Wood Jasmin Eau de Parfum', 53001, 1602, 4.000000, 63, '92cm L x 17cm W x 78cm H', '-', 'perfume', 'BDK Parfums', ' He walks along the long wooded pathway and a strange light shimmering with gold appears. Suddenly, the sky darkens, raindrops fall on his skin hastened by the breeze. Silhouettes form behind him and he realizes he\'s being followed. A sweet and melodious chant almost surreal emerges. Behind this wall of Jasmine flowers is a fairy. She is laying on the water, her golden hair caressing the stream. Fascinated, he approaches to collect drops of this precious elixir. But before night falls, he must leave. These woods are as gorgeous as they are mysterious.'),
	('P5294742', 'Mango Skin Eau de Parfum', 644777, 1191, 3.300000, 56, '23cm L x 64cm W x 92cm H', '-', 'perfume', 'Vilhelm Parfumerie', ' Have you ever really tasted one? With a single bite, you can feel the mango in your veins. Wild colors, endless skies and untamed happiness: breathtaking South Africa becomes the backdrop for this expressionist burst of blackberries, mango and black pepper. A ripe fruit that reveals its complex flavors  a cocktail of wild orris, black lotus and jasmine that leaves behind patchouli, vanilla and a hint of pink sugar. What We Think Luscious and mouthwatering with a small but lively touch of spice- perfect for lovers of full bodied fruit scents.'),
	('P5431227', 'Jasmin de Cherifa Eau de Parfum', 157941, 1139, 3.600000, 73, '53cm L x 49cm W x 10cm H', '-', 'perfume', 'Anthologie de Grands Crus', ' Just over an hour\'s drive north of Cairo, there\'s a botanical garden where L\'Atelier Franais des Matires Egyptian partner Cherifa Fakhry and his family cultivate an array of aromatic plants, including the stellar jasmine used in the perfume that pays him homage  Jasmin de Chrifa.\nDue to jasmine\'s high cost, most perfumes use synthetic versions, which tend to smell sharp and linear. Jasmin de Cherifa\'s real jasmine will take you on a journey of the flower\'s scent life cycle and in the process, taking your breathe away...\nCherifa was asked to use the flowers from their fields\' early, middle, and late crops to provide the full olfactive spectrum of the jasmine they harvest from June to October. Early jasmine, from June and July, is fresh and fruity. It turns floral and creamy midway through, in August, maturing into an animalic, indolic beauty in September. And that, along with an Egyptian rose absolute centifolia and a creamy Indian sandalwood to sing in its chorus, is what you get.\nVelvety, fruity, creamy, and sensuous, with a surprise touch of clary sage for added brightness and dimension, Jasmin de Cherifa is a revelation demonstrating that its simplicity of construction makes it even more elegant and luxurious. As Oscar Wilde once said,I\'m a man of simple tastes. I\'m always satisfied with the best.'),
	('P5665939', 'Blackberry Woods Eau de Parfum', 806096, 1261, 4.500000, 45, '93cm L x 15cm W x 48cm H', '-', 'perfume', 'Shay & Blue', ' Shay & Blue has a unique gift for playful sophistication- fragrances that can put a smile on your face and make your pulse elevate all at once. With its effortless combination of darkly sensual musky woods and glossy fruit notes, Blackberry Woods may be their most enchanting fusion yet. The delightful complexity is evident right from the start, with a sumptuous, mouthwatering harvest of sunny blackberry just bursting with joy, contrasted against a rich, green, and aromatic floral heart of neroli and lemon leaf. The aromatic sensuality carries into a base of darker, musky cypress wood, creating an alluring cocktail with a decidedly rebellious streak. If Blackberry Woods featured only the delicious blackberry opening, it would still be an instant summer favorite. What a gift, however, that this intoxicating, enchanting gem offers so much more.'),
	('P5792344', 'Love Toxin Extrait de Parfum', 127204, 1734, 2.700000, 70, '54cm L x 91cm W x 72cm H', '-', 'perfume', 'CALAJ Perfumes', ' From ancient times, people were curious to discover the philosophical stone and the magic potion of love, we read about their attempts in all stories, legends and history books. Even if they are just a myth, something must be true. I am convinced that there has been evidence that has convinced people. What if it wasn\'t magic? What if the potion of love was real? If they found a combination of scents, a secret formula of herbal oils that they put together had the effect of poisoning you. It seems plausible that when you fall in love, you seem to float, you are in your own world, everything is pink and beautiful as if only you two existed on earth. This is Love Toxin...'),
	('P5801211', 'Eau de Cuisine Eau de Parfum', 648904, 1270, 4.900000, 13, '40cm L x 03cm W x 70cm H', '-', 'perfume', 'Hilde Soliani', ' We\'ve always known Hilde Soliani makes the most mouthwatering sweet scents out there, but being "The Queen Of Gourmand" doesn\'t begin and end with dessert. Eau de Cuisine, her tribute to longtime friend and renowned modern Italian chef Paolo Lo Priore, is a glorious main course of a fragrance, a spicy, savory, salty feast for the senses. A tribute to Chef Paolo\'s signature "cucina convivale" tasting experience, which emphasizes experimentation and creativity, this scent is a wonderful combination of flavors- the aquatic brine of the ocean, the sweetness of apricot and almond, the creaminess of fresh dairy, and a captivating melange of aromatic herbs and spices. It\'s a scent both bright and rich, lively and decadent, sure to appeal to lovers of aquatics, orientals, and gourmands alike. In other words, it\'s as unique as Hilde Soliani herself- not to mention her equally impressive foodie friends.'),
	('P5966251', 'Oud Abramad Eau de Parfum', 377425, 786, 4.000000, 7, '26cm L x 62cm W x 69cm H', '-', 'perfume', 'BDK Parfums', ' At dawn, the doors close. The light colored marble conserves the intoxicating heat of the day. It seems as if the lush garden is soothing, and the trees open their arms. The desert\'s night creeps under the arcades and the garden enclosed by alcoves. Someone silently crosses the darkness. You can hear the subtle sound of fabric draping like a cloak over the leather\'s patina. The silhouette slow and haughty floats through the silenced garden. Maybe it\'s Abramad... heavy door opens and a glimmer of light filters through. A proud shadow covers the stone in a trail of the golden light. She disappears. Lift your heard towards the seven windows of the palace, open like big black eyes. In the hushed obscurity, someone stands facing the desert.'),
	('P5973685', 'Young Hearts Eau de Parfum', 69162, 1697, 4.300000, 38, '95cm L x 09cm W x 72cm H', '-', 'perfume', 'Bruno Acampora', ' Dewy, fresh, green and peculiar, Young Hearts follows a different rhythm everytime you try it. The opening is woody and green, fresh and very natural with the invigorating notes of bergamot, galbanum, birch and pine. A cold breeze is brought by saffron, which imparts also a leathery impression. The heart elongates the foresty smell of pine with fir balsam, along with a rather abstract floral arrangement. To make it grounded, there is a chypre accord that keeps the beat cool, with a timeless signature.'),
	('P6163461', 'Hapyang Eau de Parfum', 557944, 1803, 2.300000, 36, '13cm L x 82cm W x 33cm H', '-', 'perfume', 'Pierre Guillaume Paris, Parfumerie Generale', ' Pierre Guillaume is known for his expert touch on fragrances both invigoratingly bright, and seductively exotic- but his best work always involves a bit of both. Hapyang is just such a scent, an explosion of sparkling florals through a cloud of smooth powder. Aldehydes provide a brilliantly glamorous brightness, while the richness of magnolia and sweetness of ylang glow with dreamlike romance. Pearwood, benzoin, and vanilla form an enveloping cocoon, giving Hapyang a silky, long-lasting oriental base. Sensual, lively, and simply gorgeous, Hapyang is a beautiful new feminine floral from a master.'),
	('P6282945', 'Suede Eau de Parfum', 522955, 1519, 2.900000, 35, '59cm L x 39cm W x 45cm H', '-', 'perfume', 'Rook Perfumes', ' Polarizing and provocative, Rook\'s take on leather is perhaps not as smooth as the name Suede might suggest, but for those who love animalic, realistically raw leather, there\'s nothing else like it. Smoky, rugged, untanned leather is the star, still recognizably charred and fleshy, harkening back to times where leather was still made by hand. It weaves in a rich tobacco leaf, earthy, sweet, and natural, like the leathermaker was sitting at his tanning bench with a rolled cigarette dangling from his lips. While a delicate undercurrent of smooth suede makes the name more than just playful irony, those who only love the most delicate leather scents may want to look elsewhere. But for those who love raw, animalic, smoky leather, this is a magic potion not to be missed.'),
	('P6284344', 'Smoke Show Eau de Parfum', 732138, 1895, 4.700000, 87, '48cm L x 09cm W x 77cm H', '-', 'perfume', 'Vilhelm Parfumerie', ' The Jazz Soul. Vibrant spotlights, smoky rooms, the brassy notes of a saxophone: an evocative cocktail brings alive the energetic soul of a musical genre that broke boundaries and hearts. Leather and rose take center stage with bass notes of agarwood, vetiver and saffron. What We Think Crisp, energetic, and sexy, this is a fun and frisky leather scent for a night out on the town.'),
	('P6333195', 'Tahiti Vanilla Parfum', 591814, 533, 4.300000, 96, '92cm L x 38cm W x 72cm H', '-', 'perfume', 'Farmacia SS. Annunziata dal 1561', ' The island of Tahiti and its scents captured in an intertwining blend of sweet notes. Flamboyant landscapes formed by millions of corals with the most unusual hues. Hibiscus flowers, dancers in straw skirts, a warm breeze on the turquoise sea. The Vanilla of Tahiti softly caresses a tender heart full of flowers. A citrusy and aromatic head of bergamot, lime, sage and rosemary. A flowered heart of jasmine, neroli, mimosa and ylang-ylang and a woody and amber base of patchouly, sandalwood and vetiver.'),
	('P6346949', 'Nuit de Sable Eau de Parfum', 846440, 1985, 2.500000, 41, '86cm L x 69cm W x 10cm H', '-', 'perfume', 'BDK Parfums', ' In this garden of the sumptuous Palais Royal, out of sight, the pages of a book are slowly turning. Intrigued, a silhouette advances to start the conversation. It is there, at the end of the afternoon, sitting on a bench in front of a sumptuous bed of roses with a scent mixed with sand, where they meet. Oblivious of the time that passed, reality ends up catching up to them. The guard\'s keys come to close the garden doors.'),
	('P6404448', 'Haute Provence Eau de Parfum', 659681, 1809, 3.500000, 81, '52cm L x 72cm W x 44cm H', '-', 'perfume', 'Parle Moi de Parfum', ' The Provence region of France is known for both bucolic beauty- think rolling fields of purple lavender- and also for the glamorous, sun-drenched good life of Riviera enclaves like Saint-Tropez. With Haute Provence, Parle Moi de Parfum delivers a summer-perfect ode to this slice of paradise, a bright, refreshing, seductively smooth lavender scent that\'s as head-turningly stylish as it is easy to wear. \nProvencal Lavender is the undeniable star, sharp yet smooth, with a gently aromatic sophistication that places it in an entirely different tier above ordinary, astringent examples of the note. And it meets the perfect complement with a delightfully juicy cocktail of watermelon and green melon, bursting with the sunshine and ocean zest of the Mediterranean coastline. Narcissus adds a bewitching and wild touch of green that lingers stylishly with wonderful floral depth. Summer in Provence is an unforgettable pleasure, and with Haute Provence, you can bring that pleasure with you, anytime and anywhere.'),
	('P6574178', 'Room Service Eau de Parfum', 525358, 857, 3.300000, 96, '03cm L x 50cm W x 39cm H', '-', 'perfume', 'Vilhelm Parfumerie', ' Picture this: Greta Garbo at Carlyle  a superstar who chose herself above Hollywood\'s siren song. Alone in her hotel room, attired in a drift of satin and poignant allure, waiting for her ultimate luxury: a bath of flower petals, the warm water releasing this collision of citrus and red fruits, bamboo, violet, black amber and sandalwood. What We Think Juicy and lush, but with a decidedly un-sweet sophistication, this is a fruity floral with a grown-up sexiness.'),
	('P6695236', 'Bengale Rouge Eau de Parfum', 623633, 1764, 4.600000, 77, '20cm L x 26cm W x 71cm H', '-', 'perfume', 'Papillon Artisan Perfumes', ' Inspired by the stunning, tiger-like dappling of shade and light on the fur of her Bengal cat Mimi, Liz Moore\'s latest creation is a soft, cozily-spiced oriental that\'s as sensuous as a cat in full stretch. Miles away from the overt sexuality of Salome, Bengale Rouge\'s only hint of the animalic is the honeyed, fuzzy glow of the resins, which give the perfume a sensual warmth that\'s more kitten than tiger. \nBengale Rouge dips a soft, attar-like rose and sandalwood into a doughy, rooty iris and wraps it all up in a halo of headily-spiced resins. It\'s simply gorgeous. With its benzoin-rich vanilla swirled with caramelized labdanum, clove-scented opoponax, and the citrusy brightness of a Turkish rose, Bengale Rouge at first appears to take up the glittering mantle of the great orientals of the past, such as Shalimar and Opium. However, we are steered away from the powdered classicism of these perfumes by the clever addition by the perfumer of a dollop of edible vanilla that lends the scent a modern gourmand vibe that will have you wanting to lick your own skin. The vanilla gourmand aspect doesn\'t dominate; but neither does the dry and spicy resin facet  they dance and intertwine like perfect halves of one whole for a golden, opulent effect that perfectly mimics the interplay of light and dark on Mimi\'s fur coat. It\'s a total love from us. What We Think A ravishing blend of warm, powdery gourmand and gently animalic notes to delight and seduce in equal measure.'),
	('P6720006', 'Perfumista Eau de Parfum', 844113, 1759, 3.100000, 84, '52cm L x 48cm W x 57cm H', '-', 'perfume', 'Anatole Lebreton', ' In a world where artistry is ever more commoditized and luxury so often conflated with price, individuality is the rarest treasure- the "luxury of being yourself." That\'s the promise of Perfumista, a fruity, woody floral beauty that evokes some of the grand feminine chypres of years past, yet glows with the unique loveliness that infuses all of Anatole Lebreton\'s creations. It\'s also a love letter to the independent fragrance community, many of whom helped wear and refine the fragrance over the course of its development. Utilizing some of the most exquisite materials yet seen in his scents- Bulgarian rose oil, Indian jasmine absolute, and a vintage "Mousse de Saxe" accord in the base (dark, sweet, powdered, and mossy), Perfumista provides a surfeit of complementary olfactive textures that fit together with elegant comfort. The effect is a scent both nostalgic and forward-looking, a true original for, of, and by true fragrance lovers. If that describes you, what better scent could there be than one called Perfumista?'),
	('P6872047', 'Rook Eau de Parfum', 170090, 557, 3.600000, 15, '62cm L x 47cm W x 02cm H', '-', 'perfume', 'Rook Perfumes', ' A note from the creator: Rook was the scent I created for myself and with a little convincing decided to share. The opening is strong and phenolic with a big puff of smokey firewood and birch tar. I sometimes describe this scent as dirty/clean as the leathery animalic notes juxtapose a soapy accord at its heart. The base is woody and dark with a warm incense accord and the memory of the smoke that started the journey. What We Think Smoky yet sparkling, Rook has the rugged yet fresh presence of a roaring campfire under a clear night sky.'),
	('P7025041', 'French Bouquet Eau de Parfum', 583026, 1331, 4.100000, 28, '80cm L x 43cm W x 81cm H', '-', 'perfume', 'BDK Parfums', ' French Bouquet is a homage to the legacy of French perfumes in the 1970s. It showcases authentic Parisian sophistication and the capital\'s passion-filled nights, embodying the ultimate in French elegance. Created by Amlie Bourgeois, French Bouquet is a traditional chypre in which bergamot, rose, jasmine, oak moss and musk are revealed and sublimated by aldehydes. Their slightly oily and metallic potency gives a powdery appeal, as well as brighten the floral notes in the chypre accord.'),
	('P7211910', 'Basilico & Fellini Eau de Parfum', 770896, 754, 3.500000, 32, '61cm L x 27cm W x 15cm H', '-', 'perfume', 'Vilhelm Parfumerie', ' Movies with a touch of basil. The unmistakable smell of risotto bianco and a minty, peppery kick as the ultra fresh basil warms on the dish. A bon vivant who wanted to show life in all its glorious reality  people eating, sleeping and making love  Federico Fellini was said to request extra servings of this herb, rumored to be an aphrodisiac. What We Think An invigorating basil note is the star attraction here, but a mouthwatering fig note deserves equal credit in this fresh and fun everyday perfect scent.'),
	('P7212392', 'Zeste de Gingembre Eau de Parfum', 182979, 1717, 2.700000, 12, '61cm L x 70cm W x 71cm H', '-', 'perfume', 'HEELEY', ' A mouthwateringly electric cocktail of pure ginger refreshment, Zeste de Gingembre is the best showcase yet of James Heeley\'s talent for creating sophisticated fresh scents that truly energize and delight. There\'s nothing over-complicated about the structure here- Zeste opens with, appropriately, an eye-poppingly vivid burst of orange zest, sharp, bright lemon, and crisp, tart lime. The heart of fresh ginger is even more straightforward- a crackling fireball of invigorating, nose-tickling spice with a subtle twist of sweetness that leads into a pink pepper and cardamom base that weaves gourmand, aromatic, clean, and woodsy aspects all together in a lingering and increasingly smooth experience. The best fresh scents from Heeley carry truly unforgettable olfactory signatures- the minty pop of Menthe Fraiche, the salty tang of Sel Marin; the intoxicating burn of Zeste de Gingembre places it firmly in that rarefied company.'),
	('P7260596', 'Midnight Saffron Eau de Parfum', 556986, 1774, 3.900000, 80, '86cm L x 17cm W x 75cm H', '-', 'perfume', 'Tom Daxon', ' Lavender is having a moment, as fragrance houses everywhere are tossing aside its reputation as a sleep-inducing hippie oil, and rediscovering its electric sensuality. Midnight Saffron, born of Tom Daxon\'s long standing love for lavender, takes this energy and runs wild with it, mixing up a potent cocktail of spicy woods to create a vibrantly sexy scent that will carry you into the wee hours. As the name would suggest, the central spice involved is saffron, which here is stripped of its more foody elements to reveal the raw, crackling carnality underneath- which, in turn, amps up the animalic energy of the exquisite lavender note, created from a mixture of France and Bulgaria\'s finest lavender oils and absolutes. As Midnight Saffron dries, a smoothly woodsy leather note enhances and refines, but the energy never dips, even in the drydown. As we mentioned at the top, Midnight Saffron is a different take on lavender- one that\'s ready to stay up just as late as you are.'),
	('P7312159', 'Pas Ce Soir Eau de Parfum', 841443, 1941, 2.800000, 33, '91cm L x 08cm W x 98cm H', '-', 'perfume', 'BDK Parfums', ' Just like every night, Madam is getting ready in her office. She won\'t have time to go back home. She freshens up, touches her make-up: red velour lipstick, sometimes Bordeaux depending on her mood. She brushes her hair and takes her necklace out from her purse. Her white shirt slightly open highlights her inviting curves. She adds a bit more black to her eyes. She slams the front door as her heels strides on the sidewalk. Just like every Thursdays, she\'s going to the cabaret Place de la Concorde. Madam has high hopes like every night. She likes people; she loves life. She finds a stool at the bar and orders a whiskey with ice before lighting her cigarette. In the darkness, she makes out a silhouette in front of her. She turns to the side. It\'s him. It\'s always him. Their paths often cross but they never speak. She smiles, gets up and goes dancing. Alone. Men line up for her attention, she politely replies. Madam is chic, she responds. Close to 2am, a dandy looking man catches her eyes and invites her to dance. She abides but only for a short period, she leans in says she has to go home. She likes him but the morning is soon approaching. She leaves after whispering these words in his ear... "Not tonight"'),
	('P7447600', 'Bouquet de Hongrie Eau de Parfum', 507165, 1978, 4.900000, 68, '83cm L x 62cm W x 87cm H', '-', 'perfume', 'BDK Parfums', ' She\'s getting ready. It\'s a beautiful day. The sky is blue. She puts her naked foot on the floor and like a dancer, travels the distance of the mirrored hallway to the dressing table. It\'s one of her favorite spots. She likes getting pretty there. There are only flowers from the garden, and both her hands, fresh and clean. Her right hand, agile and light, grabs her powder, then a bottle of perfume. Her left hand clutches eye shadow and nude lipstick. She then moves on to the closet, where she picks a light dress and fixes a rebel strap. She slides on pair of heels and fastens a belt around her waist. Just like every morning, she walks towards her balcony full of flowers. It\'s on the 4th floor and overlooks the gardens of Palais Royal. She is happy and thinks of her day ahead, smiling.'),
	('P7456710', 'Do Not Disturb Eau de Parfum', 870110, 929, 4.500000, 84, '24cm L x 00cm W x 38cm H', '-', 'perfume', 'Vilhelm Parfumerie', ' Deep in the basement of Studio 54, a place with no boundaries and a Do Not Disturb sign on the door  some say it was never taken off! Rumor has it that Freddy Mercury, David Bowie, Halston, and Grace Jones were spotted here. The only certainty: those who dared to enter found a wonderland! What We Think Freshly musky, spicy, and sparkling, with an unexpected touch of sweetness, Do Not Disturb feels like a dizzy, giddy, possibly illicit romp.'),
	('P7536663', 'Transilvania Extrait de Parfum', 303275, 1370, 3.000000, 31, '72cm L x 63cm W x 74cm H', '-', 'perfume', 'CALAJ Perfumes', ' This word is known all over the earth and is associated with something evil, devilish, frightening... and all because of the legend of Dracula. CALAJ Perfumes wanted to show the world something else-- the positive characteristics of the vampire myth and the result is magnificent, intense, powerful, rich, deep and with a magnetism that you cannot resist. Lightness in the dark; Transilvania is to attract, not frighten.'),
	('P7712342', 'Golden Moka Eau de Parfum', 463077, 883, 3.400000, 28, '24cm L x 95cm W x 45cm H', '-', 'perfume', 'Xerjoff', ' An explosion of coffee and fresh citrus, Golden Moka is an invigorating and captivating oriental scent of undeniable vibrancy. Fiery, resinous, robust coffee absolute bursts out of a blinding opening accord of lemon and blood orange that lingers even as a luscious rose stretches into the romantic heart. The brightness persists still against a luxuriously rich base of Cambodian oud, the creamiest facets supplementing a mouthwatering amber richness. It\'s a scent of both distinction and action, perfect for those who prefer their elegance with energy. We\'ll just call it what it is: irresistable.'),
	('P7733327', 'Magnolia Grandiflora - Michel Eau de Parfum', 487544, 990, 2.400000, 18, '92cm L x 49cm W x 07cm H', '-', 'perfume', 'Grandiflora', ' Michel Roudnitska\'s expressive, sensuous compositions are few and far between. An accomplished photographer and fervent traveler, he has all but given up commercial perfumery to dedicate himself to other pursuits. But when he met Saskia Havekes, a renowned Australian floral designer, he offered her  and perfume lovers  a priceless gift: the formula of a magnolia fragrance inspired by the magnolia tree in his parents\', now his, garden near Grasse. The scent he had worked on for his own pleasure had found a home at Grandiflora.\nMagnolia Grandiflora Michel is part of a pair of fragrances, both dedicated to Grandiflora\'s namesake blossom. An unusual debut for a fledgling brand, but a vibrant, emotional tribute to the story behind the scents, since the other magnolia was composed by the late Sandrine Videault, whose mentors were Michel\'s parents Edmond and Thrse Roudnitska.\nWhile Sandrine\'s magnolia is fresh and shimmering, Michel\'s interpretation expresses the flower in its full bloom, with its lush waxy petals. As spectacular as a blossom-heavy magnolia tree, with a dark woody undercurrent boosting the heady floral bouquet. An exceptional and truly special offering.'),
	('P8002159', 'Bell\'Antonio Eau de Parfum', 424234, 1955, 2.300000, 78, '53cm L x 80cm W x 16cm H', '-', 'perfume', 'Hilde Soliani', ' There are few notes more appealing and downright sexy than tobacco and coffee. Mix them together and you are guaranteed a gloriously attractive perfume. Imagine the young Marcello Mastroianni enveloped in a light cloud of pipe smoke, sipping on a double espresso. In fact, imagine the most attractive man you can think of, and that would be Bell\'Antonio. A warm, husky aroma of tobacco leads the scent from start to finish, with the dark roasted coffee note providing an additional depth and character. Stunning, charismatic, more than a little dangerous and unexpectedly cozy and cuddly that is Soliani\'s Beautiful Antonio. Absolutely addictive and, despite the traditional masculinity of the notes, entirely wearable and no less beautiful on a woman!'),
	('P8140033', 'Dolls Eau de Parfum', 279728, 534, 5.000000, 37, '77cm L x 77cm W x 00cm H', '-', 'perfume', 'Moth and Rabbit', ' "A fragrance carried by vivid, extravagant colours and a surrealistic story about uncompromising love: all consuming and bordering insanity. A heavy perfume, based on animalistic notes interrupted by the subtle and light smell of snow; so repulsive in smell, so attractive in colours, so unreal."\nDolls, a beautifully stylized fever dream of a movie directed by Japanese icon Takeshi Kitano, tackles themes of love, death, sacrifice, and freedom- complex issues that its namesake scent more than lives up to. Dolls the fragrance is every bit as abstract and experiential as its inspiration, delivering extreme but balanced bursts of animalic musks, rich florals, sweet woods, and a fuzzed-out snowflake accord that shrouds the composition in a mysterious cloak of cold freshness. This is not a scent to passively wear out on the town, but a true companion piece to a film that defies easy interpretation but delivers exceptional rewards to those with the soul to proceed. Enjoy it accordingly.'),
	('P8154805', 'Rouge Smoking Eau de Parfum', 827508, 868, 4.500000, 12, '18cm L x 31cm W x 34cm H', '-', 'perfume', 'BDK Parfums', ' At nightfall, the sky becomes misty letting the red light of the mill glimpse through the window. The horns sound and the spirit of celebration comes to the city. In front of her mirror, she\'s getting ready and doing her makeup. It\'s time for beauty to go on stage. She goes toward her wardrobe, inspired by that tuxedo that will enhance her body lines. It is the Parisian glam, she knows it well. Her bohemian style and erotic energy leaves indelible footprints on the streets. She is Pigalle, beautiful and mysterious...'),
	('P8156206', 'Ambre Stone Eau de Parfum', 251584, 877, 3.800000, 50, '71cm L x 54cm W x 27cm H', '-', 'perfume', 'Anthologie de Grands Crus', ' In Ambre Stone, a juicy burst of bergamot takes an autumnal and sensual turn with the earthy addition of patchouli, rich sandalwood with a hint of indolic jasmine. But it\'s real ambergris that takes this scent to a whole new level, sprinkling the composition with that ingredient\'s inimitable fairy dust, adding warmth, coziness, and sensuality like the golden light of an autumn sun on a picturesque summer scene.\nDue to its rarity and cost, ambergris (grey amber), the aged and oxidized exudate from a whaleat once sweet, earthy, marine and animalicis largely found in synthetic form in perfume. But this almost mythic ingredient is in a 5% dose in Ambre Stone, adding a dreamy sensuousness to the edges of the fragrance\'s brightness. \nAs with all ingredients sourced by L\'Atelier Franais des Matires, the lump of ambergris is first selected from a trusted partner. Then, Jean Philippe Paris, AFDM\'s scientific director, processes the ambergris for around six months into a tincture or infusion, until it is deemed, along with the evaluation of perfumer Antoine Lie, to be ready to use. Ambre Stone, by the time it dries down, is a skin scent of voluptuous beauty that will have you inhaling yourself with abandon.'),
	('P8334557', 'Black Beard Extrait de Parfum', 196293, 1181, 4.500000, 89, '59cm L x 55cm W x 28cm H', '-', 'perfume', 'CALAJ Perfumes', ' What comes to mind when you hear about pirates? Strong, brave, devoted men... true examples of masculinity. Black Beard is not a perfume dedicated to pirates but to what these men represented, pure testosterone. Classic, elegant, bold.\nLimited edition - 100 bottles What We Think Led by an intense lavender-and-herbs heart that\'s both fiercely masculine and also intriguingly mouthwatering, backed with a rich & earthy tobacco base, Black Beard is an intense, rich scent for those who dare to stand out.'),
	('P8388528', 'A Blvd. Called Sunset Eau de Parfum', 500383, 1919, 4.100000, 6, '85cm L x 46cm W x 30cm H', '-', 'perfume', 'A Lab on Fire', ' There\'s no way A Lab On Fire could relocate to Los Angeles and not pay tribute to L.A.\'s most iconic Boulevard, home to the legendary neon-drenched rock stages of the Strip, the crashing waves of the Palisades, and everything in between. The result is A Blvd. Called Sunset, a bright, fresh, just the right amount of edgy journey across our wild and beautiful city. Bright, fresh bergamot sparkles in a smooth, salty, almond-inflected breeze, while a masculine leaning-floral blend of violet and jasmine combines with a leather that evokes the biker bars and metal clubs so famously captured in Ed Ruscha\'s seminal photo book. A smooth, intoxicating base of sandalwood, vanilla, and tonka goes down like a perfect mixed drink, comforting and sensual all at once. If you ever get a chance to take a trip down Sunset, there\'s nothing like it in the world. But the next best thing is a day spent wearing A Blvd. Called Sunset- a perfect tribute to the heart and soul of Los Angeles.'),
	('P8411958', 'Sola Parfum', 639962, 1844, 3.000000, 42, '42cm L x 84cm W x 82cm H', '-', 'perfume', 'Di Ser', ' A tribute to the expanse of space extending from the sky to the flower and fruit laden earth below, Sola, the newest offering from DI SER and perfumer Yasuyuki Shinohara, showcases the natural flora of Hokkaido, Japan with locally sourced and sustainably harvested ingredients from DI SERs own gardens. Starting with aromatic notes of freshly harvested Hokkaido lavender, lemongrass and yuzu, the uplifting scent moves to a floral middle of Japanese rose, magnolia, geranium and jasmine before settling on a spiritual bed of frankincense and myrrh. The spiritual and meditative scent evokes an imagery of a peaceful universe in complete harmony with the bounties of nature and of peace and contentment with its generous offerings.'),
	('P8460356', 'Celestial Eau de Parfum', 658913, 1793, 4.600000, 11, '99cm L x 84cm W x 88cm H', '-', 'perfume', 'Electimuss', ' Heavenly, divine and of the gods. Gazing to the stars, the Romans were keen astronomers naming the planets after gods, and such was their belief in the power and influence of the skies over their destiny that they were also keen devotees of astrology.   \nThe olibanum at the heart of this scent is a light, lemony incense with a conifer undertone, lifted by a spicy rose and underpinned by a warm woody base. Luminous, like the heavenly bodies which inspired it.'),
	('P9062377', 'Eau de Yuzu Eau de Toilette', 180167, 741, 3.200000, 18, '38cm L x 42cm W x 30cm H', '-', 'perfume', 'PARFUMS DE NICOLAI', ' An authentic Japanese garden glows with the harmony of natural beauty and expert craftsmanship. It is an all-too-rare demonstration of how human precision and effort can be used to augment nature, rather than replace it, and as a result it achieves a perfection that transcends the division between the manmade and the wild. Eau de Yuzu captures the purity of the morning sun illuminating a sublimely sculpted garden of native Japanese flora, with a vibrantly juicy citrus chord at the center. This is yuzu in all its delectable fullness, with a supplemental note of bright yellow grapefruit only deepening the tart, bright, gently sweet hesperidic character. Aromatic notes of juniper and lemon leaf further increase the naturalistic freshness, while the clean, smooth warmth of gaiac wood evokes the presence of minimal, immaculate woodwork giving form to the garden\'s edges. And ultimately, a woodsy, earthy patchouli ties everything together, reminding us that the larger world around the garden is still ruled by nature first, and humankind second. Fresh, bright, meditative, and deeply plasurable, Eau de Yuzu is a masterful citrus scent.'),
	('P9107760', 'I Love YY', 467549, 1893, 2.600000, 32, '16cm L x 91cm W x 47cm H', '-', 'perfume', 'Bogue Profumo', ' I LOVE YY is Antonio Gardoni\'s dual declaration of love- first, to New York City, a place he fell over heels for from his very first visit. But that title isn\'t a typo- YY, another object of his affection, is short for Ylang Ylang, that uniquely big, open, complex floral known for all the ways it smells unlike any other flower- sometimes grassy, sometimes gourmand, sometimes woodsy and resinous. When we asked Antonio to make us an exclusive fragrance to celebrate the opening of our first NYC boutique, he connected NY and YY, and the rest was a match made in heaven- or, at least, in the heart of Nolita.\nAnd leave it to Antonio to construct a fragrance that truly captures the energy and beauty of NYC. I LOVE YY is a whirlwind of delightful chaos, with perfect touches of New York everywhere you look- cold, fizzy grapefruit captures a brisk spring morning run in Central Park. The titular ylang note is camphorous and lactonic, joining tonka, rose, and jasmine to feel sweet and rich, buzzing like a packed after-hours party. Cold, fizzy grapefruit captures a brisk spring morning run in Central Park. An edgy violet leaf recalls the flashbulbs and fluorescents of a hot new gallery opening in the Meatpacking District. And all of these notes intertwine in a glorious hum of energy, light, sweetness and intoxicating depth that can only represent one single, gigantic, overwhelming, wonderful city. We couldn\'t be more excited that Antonio Gardoni and Bogue chose to join us in our inaugural NYC adventure. Won\'t you come with us?'),
	('P9132381', 'Escale En Haiti Eau De Cologne', 959758, 1004, 2.400000, 22, '32cm L x 29cm W x 80cm H', '-', 'perfume', 'Les Indemodables', ' Perhaps the most classic of all scents, the "L\'eau de Cologne" style stays perpetually in fashion because of its wonderful simplicity. Featuring a lighter concentration that puts its emphasis on freshness and wearability, an EDC can actually be an ideal format to showcase exquisite natural materials in high concentrations that might feel overwhelming as part of a richer, more busy perfume. With Escale En Haiti, Les Indemodables transports us to the bustling and beautiful Les Cayes region of Haiti, and their signature crop- vetiver, considered by many to be the best in all the world. \nLes Cayes vetiver is renowned for its richness and depth- allowed to mature beneath the soil for up to 2 years before harvesting, it develops uniquely bright, sweet citrus tones in addition to the expected earthy and woody properties. And for Escale En Haiti, Les Indemodables uses a 22% concentration of the absolute finest vetiver Les Cayes has to offer: a "Grand Cru" distillation hand-selected from unique terroir, carefully root-harvested, and painstakingly distilled at atmospheric pressure, a slower and more expensive process that provides a richer, longer-lasting extract. The results are a stunning natural vetiver cologne with real depth, each ingredient carefully chosen to highlight an element of the extraordinary main ingredient. Electric pink pepper from Reunion Island and aromatic juniper oil from Macedonia bring a spicy, fresh burst, while rich Venezuelan tonka and Somalian myrrh essential oil add a touch of creamy, powdered elegance to the subtle but long-lasting base. Vetiver lovers looking for both freshness and disctinction- this is one you won\'t want to miss.'),
	('P9195414', 'Bergamote de G. Franco Eau de Parfum', 588781, 1491, 3.000000, 100, '87cm L x 55cm W x 84cm H', '-', 'perfume', 'Anthologie de Grands Crus', ' In a tiny area of Reggio in Calabria Italy, around the strait of Messina, crops provide the bergamot oil so crucial to perfumery, lending its bright, luscious, aromatic citrus qualities to untold number of fragrances. In Bergamote de G. Franco, named after L\'Atelier Franais des Matires\' Italian partner Gianfranco, it\'s given star billing.\nUsing both early and late-harvested crops of bergamot, the former imparting a very green quality and the latter a confectionary sweetness, Bergamote de G. Franco is combined with the sun-drenched honeyed mimosa flower, along with delicately sweet osmanthus, with its tea and apricot facets. In addition to the creaminess mimosa imparts, Kashmirin saffron gives Bergamote de G. Franco a leathery note, adding to the scent\'s subtle complexity. \nSunny and elegant with gravitas, Bergamote de G. Franco is a bergamot-forward fragrance with more than one twist.'),
	('P9209826', 'Homa Parfum', 472551, 1232, 4.800000, 56, '25cm L x 34cm W x 48cm H', '-', 'perfume', 'PRIN', ' Sanskrit for a sacred Hindu fire ritual, Homa is a sumptuously complex blend of spices, florals, and animalics to elevate both spirit and consciousness. Using fire as the direct messenger between humans and gods, Homa transmutes these exotic ingredients into something simultaneously rich and earthy, but also transcendent and ethereal, weaving threads of smoke, ash, ozone and incense into the fragrant blend to represent the journey of these sacred offerings into the realm of the spirits. There\'s more than enough sophistication to satisfy lovers of Prin\'s deepest, most animalic elixirs- dark oud, earthy mushroom, and (natural, cruelty-free) fossilized hyrax and goat hair lend primal intensity, but Homa is balanced with bright, sparkling airiness that make it wonderfully wearable. For those looking to commune with the heavens, Homa is a sacred ritual safe to perform anytime.'),
	('P9298527', 'Creme de Cuir Eau de Parfum', 503147, 1094, 2.900000, 94, '97cm L x 16cm W x 24cm H', '-', 'perfume', 'BDK Parfums', ' An intoxicating elixir that is a pure representation of contemporary sensuality. This perfume captures the Indian summer, when the hot days are over and the sweet freshness of the evening begins to fall. The perfume transforms like the gauzy forms of a Rothko painting, shapes suspended in space and vibrating with soothing energy. The leather is stripped down made soft and creamy. The green notes passionately embraces the musk, while the bergamot push to the skies of Italy.'),
	('P9393370', 'Milk Musk Eau de Toilette', 304194, 1267, 3.700000, 53, '99cm L x 65cm W x 30cm H', '-', 'perfume', 'Molton Brown', ' Quiet morning light gently trickles in through glazed sash glass. Billowing freshly pressed sheets on soft skin, nestled into the solacing embrace of milky notes. Comforting, warm cashmere whispers soothingly of silvery white musk as a melody of fluttery piano chords tinkle from the record player. Enjoy the tranquillity in this balance of enlivening pear, soothing musk and sensual vanilla. A unique milk accord imparts nostalgic, intimate warmth creating a space  of profound love in a private haven.\nPerfect for when you need to ensconce yourself in a calm, cocooning bubble, whether it\'s curling up with a book or a just allowing yourself a few minutes of meditation. What We Think A fresh, clean, deeply soothing musk that evokes fresh laundry and morning sunshine, enhanced with the perfect touch of mouthwatering, tonka-flecked vanilla- Milk Musk is a skin scent with a euphorically dreamlike smoothness.'),
	('P9527744', 'Opale Eau de Parfum', 678152, 1390, 3.500000, 60, '83cm L x 04cm W x 62cm H', '-', 'perfume', 'Omnia Profumo', ' Truly a breath of fresh air, Opale is a gem of a marine floral that evokes the sun-drenched gardens and sparkling waters of the Mediterranean coast. From the very first spritz, a symphony of gentle florals flits through the air, combining the soft purity of jasmine and lilac with delicately spicy and earthy notes of hawthorne and geranium. But the core of the scent is an oh-so-oceanside note of fresh, salty, ozonic seaweed that wraps around a smooth and lively white musk to create a pitch-perfect image of a relaxing coastal breeze, which lingers for hours thanks to touches of woodsy and gourmand notes to accentuate and enrich the authentically oceanic tang. Carefree, lively, and joyful, Opale is an aquatic scent for the romantic in us all.'),
	('P9595005', 'Forest Eau de Parfum', 959297, 761, 4.200000, 74, '01cm L x 65cm W x 54cm H', '-', 'perfume', 'Rook Perfumes', ' A note from the creator: Forest is a scent for those who love woody and green notes. This is a scent for every day with an ethereal resonance that reminds you it is there as your skin warms. The opening of rich cypress is woven with peppery elemi resin and frankincense. The pine note takes you all the way to the dry down of warm patchouli and clean white musk. A great introduction to our scent palette. What We Think Bright, green, earthy, and woodsy, Forest is a fragrance for nature lovers casual enough for everyday wear, but with a warm, refined drydown we can\'t get enough of.'),
	('P9618673', 'Douleur! Eau de Parfum', 578233, 740, 3.900000, 82, '36cm L x 69cm W x 60cm H', '-', 'perfume', 'Bogue Profumo', 'Nail biting sweetness - caramel and candy in metallic wrap. A rose hologram above chewy balsamics sit on a lick of hot skin and wax. DOULEUR! - an oxidized rose\nDouleur means "pain, " which is a seemingly appropriate name for a fragrance created in collaboration with UK tattoo artist and bondage master Freddie Albrighton. But fear not- Douleur understands the intersection of pleasure and pain,  and this uniquely bright,  sweet,  minty metallic rose is as utterly compelling as it is unexpected,  blending modern and gothic influences to feel both wholly Bogue,  and yet also like a departure from Gardoni\'s typical vintage-influenced animalic florals. Sexy and fresh with a provocative twist,  Douleur is a unforgettable ride.'),
	('P9741485', 'Exit the King Eau de Parfum', 772597, 1657, 4.100000, 43, '74cm L x 21cm W x 83cm H', '-', 'perfume', 'Etat Libre d\'Orange', ' In these tumultuous times, a fragrance that celebrates destruction and dethronement might seem... risky. But Etat Libre was never about playing it safe, and Exit The King, like all their best releases, is risky in all the best ways, a you\'ve-never-smelled-anything-quite-like-this fragrance that tears down the contours of a classical chypre to uncover a blindingly fresh, delightfully sexy new regime. An immaculate blend of contrasts: electrically overdosed florals, sparkling fresh soap foam, and the sharp green of tree moss, all set against a woodsy, milky blend of patchouli and sandalwood. It\'s both comfortably familiar, but thrillingly new- a modern, stylish floral that\'s both everyday perfect, and secret weapon good.'),
	('P9769163', 'Thurible Eau de Parfum', 394049, 891, 3.300000, 70, '32cm L x 05cm W x 19cm H', '-', 'perfume', 'Rook Perfumes', ' The best kept secret about incense in perfumery is how magically versatile it is- it can be smoky, of course, but also resinous and animalic, or sparkling and fresh, or opulent and narcotic. Thurible is the rare incense scent that seems to contain it all, a wonderfully complex ode to this beloved material that still coalesces into a beautifully wearable and stylish signature. A sweet, clove-forward spice and herb blend supplements the church-ier aspects of the incense- cool, smoky, and sheer- while warmer, more resinous facets intertwine with rich, earthy labdanum and patchouli. A third chord- clean, sparkling incense with fresh rose and oakmoss- pulls everything together with a timeless twinkle. A must-smell for all incense lovers, Thurible is a comfortably sophisticated incense scent we\'re head over heels for.'),
	('P9855297', 'Saringkarn Extrait', 475901, 1021, 4.500000, 65, '56cm L x 36cm W x 89cm H', '-', 'perfume', 'PRIN', ' A taste of love and seduction. The value of love between lover, friend and family and humanity. A taste of happiness. Saringkarn, a tribute to the traditional and ancient Thai form of literary composition, is a tantalizing and unique scent somewhere between gourmand, floral, and oriental, where dark and sensual tones of oud, amber, leather, and tobacco gain an alluring, romantic sweetness from beeswax, dark chocolate, and a bouquet of exquisite roses. Sweet, boozy prune gives a cognac-like richness, while a darker smoke note preserves just the right amount of provocative danger. Like any true work of literary genius, it\'s up to you how to interpret it all.');

-- Dumping structure for procedure dbsellereffe.spCreateProduct
DROP PROCEDURE IF EXISTS `spCreateProduct`;
DELIMITER //
CREATE PROCEDURE `spCreateProduct`(
	IN `product_id_in` VARCHAR(50),
	IN `product_name_in` VARCHAR(50),
	IN `price_in` BIGINT,
	IN `stock_in` BIGINT,
	IN `rating_in` FLOAT,
	IN `weight_in` FLOAT,
	IN `dimension_in` VARCHAR(50),
	IN `color_in` VARCHAR(50),
	IN `brand_in` VARCHAR(50),
	IN `description_in` TEXT
)
BEGIN
INSERT INTO dbsellereffe.product_perfume (product_id, product_name, price, stock, rating, weight, dimensions, color, category, brand, description) VALUES (product_id_in, product_name_in, price_in, stock_in, rating_in, weight_in, dimension_in, color_in, 'perfume', brand_in, description_in);
END//
DELIMITER ;

-- Dumping structure for procedure dbsellereffe.spDeleteProduct
DROP PROCEDURE IF EXISTS `spDeleteProduct`;
DELIMITER //
CREATE PROCEDURE `spDeleteProduct`(
	IN `product_id_in` VARCHAR(50)
)
BEGIN
DELETE FROM product_perfume 
WHERE product_id = product_id_in;
END//
DELIMITER ;

-- Dumping structure for procedure dbsellereffe.spGetAllProducts
DROP PROCEDURE IF EXISTS `spGetAllProducts`;
DELIMITER //
CREATE PROCEDURE `spGetAllProducts`()
BEGIN
SELECT * FROM product_perfume;
END//
DELIMITER ;

-- Dumping structure for procedure dbsellereffe.spGetAllTransaction
DROP PROCEDURE IF EXISTS `spGetAllTransaction`;
DELIMITER //
CREATE PROCEDURE `spGetAllTransaction`()
BEGIN
SELECT * FROM effe_transaction;
END//
DELIMITER ;

-- Dumping structure for procedure dbsellereffe.spInsertTransaction
DROP PROCEDURE IF EXISTS `spInsertTransaction`;
DELIMITER //
CREATE PROCEDURE `spInsertTransaction`(
	IN `order_number_in` VARCHAR(50),
	IN `transaction_id_in` VARCHAR(50),
	IN `payment_type_in` VARCHAR(50),
	IN `cust_id_in` VARCHAR(50),
	IN `product_id_in` VARCHAR(50),
	IN `quantity_in` BIGINT,
	IN `unit_price_in` BIGINT,
	IN `total_price_in` BIGINT
)
BEGIN
INSERT INTO dbsellereffe.effe_transaction (order_number, transaction_id, payment_type, cust_id, product_id, date, quantity, unit_price, total_price) 
VALUES (order_number_in, transaction_id_in, payment_type_in, cust_id_in, product_id_in, CURDATE(), quantity_in, unit_price_in, total_price_in);
END//
DELIMITER ;

-- Dumping structure for procedure dbsellereffe.spUpdateProduct
DROP PROCEDURE IF EXISTS `spUpdateProduct`;
DELIMITER //
CREATE PROCEDURE `spUpdateProduct`(
	IN `product_id_in` VARCHAR(50),
	IN `product_name_in` VARCHAR(50),
	IN `price_in` BIGINT,
	IN `stock_in` BIGINT,
	IN `weight_in` BIGINT,
	IN `dimensions_in` VARCHAR(50),
	IN `color_in` VARCHAR(50),
	IN `brand_in` VARCHAR(50),
	IN `description_in` TEXT
)
BEGIN
UPDATE product_perfume
SET 
product_name = product_name_in, 
price = price_in, 
stock = stock_in,
weight = weight_in, 
dimensions = dimensions_in,
color = color_in,
brand = brand_in, 
description = description_in
WHERE product_id = product_id_in;
END//
DELIMITER ;

-- Dumping structure for trigger dbsellereffe.after_insert_effetransaction
DROP TRIGGER IF EXISTS `after_insert_effetransaction`;
SET @OLDTMP_SQL_MODE=@@SQL_MODE, SQL_MODE='STRICT_TRANS_TABLES,NO_ENGINE_SUBSTITUTION';
DELIMITER //
CREATE TRIGGER `after_insert_effetransaction` AFTER INSERT ON `effe_transaction` FOR EACH ROW BEGIN
 UPDATE product_perfume
    SET stock = stock - NEW.quantity
    WHERE product_id = NEW.product_id;
END//
DELIMITER ;
SET SQL_MODE=@OLDTMP_SQL_MODE;


-- Dumping database structure for dbsellerlumiere
DROP DATABASE IF EXISTS `dbsellerlumiere`;
CREATE DATABASE IF NOT EXISTS `dbsellerlumiere` /*!40100 DEFAULT CHARACTER SET utf8mb4 COLLATE utf8mb4_0900_ai_ci */ /*!80016 DEFAULT ENCRYPTION='N' */;
USE `dbsellerlumiere`;

-- Dumping structure for table dbsellerlumiere.lumiere_transaction
DROP TABLE IF EXISTS `lumiere_transaction`;
CREATE TABLE IF NOT EXISTS `lumiere_transaction` (
  `order_number` varchar(10) NOT NULL,
  `transaction_id` varchar(40) NOT NULL,
  `payment_type` varchar(50) CHARACTER SET utf8mb4 COLLATE utf8mb4_0900_ai_ci NOT NULL,
  `cust_id` varchar(10) NOT NULL,
  `product_id` varchar(10) NOT NULL,
  `date` date NOT NULL,
  `quantity` bigint NOT NULL DEFAULT '0',
  `unit_price` bigint NOT NULL,
  `total_price` bigint NOT NULL DEFAULT '0'
) ENGINE=InnoDB DEFAULT CHARSET=utf8mb4 COLLATE=utf8mb4_0900_ai_ci;

-- Dumping data for table dbsellerlumiere.lumiere_transaction: ~200 rows (approximately)
DELETE FROM `lumiere_transaction`;
INSERT INTO `lumiere_transaction` (`order_number`, `transaction_id`, `payment_type`, `cust_id`, `product_id`, `date`, `quantity`, `unit_price`, `total_price`) VALUES
	('OR008032', 'zyw28385-5vwp-fk20-8upb-iofm6svdo8xr', 'credit_card', 'CT841001', 'C5403684', '2022-06-24', 3, 938493, 2815479),
	('OR014945', 'zt2hqk10-r3a3-qm43-h236-xb1ih4c4sbfn', 'bca_klikbca', 'CT954122', 'C9503884', '2023-01-16', 1, 549988, 549988),
	('OR016846', 'znl4e0de-k1z9-6pkn-k7na-jsx2go6n5b3s', 'bank_transfer', 'CT513358', 'C7190080', '2023-04-09', 3, 728356, 2185068),
	('OR023439', 'zn4eojyg-g4jt-f3en-iigh-q3znru6qc9ck', 'echannel', 'CT731466', 'C6713384', '2022-12-23', 2, 948179, 1896358),
	('OR028572', 'zba9qny4-53bi-63uh-jau0-9jfy8mxtds42', 'bca_klikpay', 'CT768955', 'C9232974', '2022-10-27', 5, 494591, 2472955),
	('OR046745', 'za3mvhvg-j59h-ni0w-83t1-68kostzoqy2z', 'gopay', 'CT205086', 'C1929374', '2022-08-13', 3, 809611, 2428833),
	('OR049601', 'z73j68nw-5r8t-72rb-zrw9-876nf2pmvos5', 'credit_card', 'CT854110', 'C9133220', '2022-11-21', 2, 343528, 687056),
	('OR050456', 'z5kzg8o2-a0he-b3b6-l0vm-mhx83mt6kfyk', 'qris', 'CT058064', 'C2286737', '2023-05-18', 2, 54621, 109242),
	('OR058013', 'z31m8l6n-me1n-o87j-uide-t279kwm09eq3', 'bca_klikpay', 'CT365166', 'C6239499', '2022-08-27', 3, 932935, 2798805),
	('OR061638', 'z2jua4jk-lx5r-w5mt-42m9-mle8pywkitcw', 'qris', 'CT883825', 'C7069298', '2023-04-01', 3, 710205, 2130615),
	('OR074955', 'z2bz9o6r-r1sx-r5q9-x57z-06vov2b3621z', 'cstore', 'CT487659', 'C7440803', '2023-04-04', 1, 708696, 708696),
	('OR077887', 'yyy69vb3-1dzb-hdeq-jkex-42th031bf8ol', 'gopay', 'CT124325', 'C5765456', '2023-03-05', 1, 635294, 635294),
	('OR083225', 'yyjyh7w5-bqy7-t0i6-4lwg-9wb9ufu1j746', 'credit_card', 'CT159666', 'C1059791', '2022-07-31', 3, 535991, 1607973),
	('OR096235', 'ywwhe8cp-k86h-4knk-cjs7-6wmscicffeeg', 'gopay', 'CT692261', 'C7645316', '2022-07-27', 5, 930070, 4650350),
	('OR115575', 'ywc84e5g-qj4v-o0h7-a717-flufdh3jrht1', 'cstore', 'CT798121', 'C7603137', '2022-08-26', 4, 522199, 2088796),
	('OR124844', 'yswspe4j-h51z-2qoy-e17n-vdum9qmfxbe6', 'echannel', 'CT153309', 'C5151886', '2023-04-07', 4, 964444, 3857776),
	('OR127047', 'ysdobff2-tutz-sqg3-g7ni-19fzpzj7xd22', 'bca_klikpay', 'CT124325', 'C1147499', '2023-01-07', 4, 330850, 1323400),
	('OR132953', 'ymd7jjt1-lt63-kvi7-ykdl-m4w6khzqqwqc', 'echannel', 'CT335033', 'C0194627', '2023-04-11', 4, 891829, 3567316),
	('OR133210', 'yjuk2yaw-rxsg-5uiy-gcbb-6v8usf37nfdb', 'credit_card', 'CT336162', 'C7898395', '2022-09-14', 2, 739620, 1479240),
	('OR137529', 'yi7109qc-3lof-coe5-8y7j-89zo8sx79bml', 'qris', 'CT207216', 'C4400880', '2022-11-05', 2, 320166, 640332),
	('OR138403', 'yhn7868x-dngg-fyxn-ahak-8ac9v5113b0i', 'credit_card', 'CT505704', 'C5575519', '2022-12-20', 3, 800581, 2401743),
	('OR156832', 'ygys8wzt-lc55-yeef-zfmu-i9lpm2l2c0qm', 'echannel', 'CT498493', 'C9123993', '2023-02-28', 1, 348554, 348554),
	('OR161777', 'yez31d27-wtl8-nq59-44p6-lomt48uy9n30', 'credit_card', 'CT338072', 'C3127414', '2023-04-15', 5, 709691, 3548455),
	('OR163921', 'y8nlrhff-ej1u-vgx7-85jz-apbaegacuir3', 'bca_klikbca', 'CT595257', 'C6524320', '2022-10-27', 2, 110342, 220684),
	('OR168862', 'y8cxchnw-mszh-u7jb-exe8-dferddx6u2m6', 'gopay', 'CT934132', 'C9455819', '2022-11-26', 5, 759829, 3799145),
	('OR172674', 'y5knci7c-58pi-gbxe-5kvp-3eaxc7ojr820', 'qris', 'CT513358', 'C1724963', '2022-12-11', 3, 702152, 2106456),
	('OR182851', 'y4x0nfrz-8vem-zror-fsv6-8clbt48g0f8i', 'credit_card', 'CT602067', 'C5237960', '2023-05-12', 3, 633186, 1899558),
	('OR186975', 'xwzhs8e0-umy5-lhz0-4tts-18ylsc0pgijq', 'qris', 'CT652747', 'C7475945', '2022-12-03', 4, 148306, 593224),
	('OR189444', 'xrt0ez3p-hf4b-ytt8-g15d-mx16jbl7i90h', 'bca_klikbca', 'CT960439', 'C6687949', '2023-01-11', 2, 71354, 142708),
	('OR194554', 'xq80game-7vb9-d5pz-kim0-hksaaxxyduio', 'bca_klikpay', 'CT287501', 'C9162549', '2023-03-23', 4, 656486, 2625944),
	('OR197358', 'xpgk2iyt-n78c-tu7o-ln8p-vtc7cm95c4hz', 'echannel', 'CT487961', 'C3112772', '2023-05-09', 4, 922128, 3688512),
	('OR197828', 'xorylgby-cdp6-w79c-6ea9-quwfhd8zbb02', 'bca_klikpay', 'CT883825', 'C2361926', '2023-03-10', 1, 915845, 915845),
	('OR198529', 'xmvgg3uf-04s3-nm92-dzfl-8ayr1b7evpi6', 'cstore', 'CT057905', 'C0434406', '2023-02-19', 5, 313516, 1567580),
	('OR211246', 'xhjgwele-c7ie-6c7i-l52k-22ww0sx1pi1a', 'credit_card', 'CT232291', 'C2961741', '2022-08-25', 4, 806499, 3225996),
	('OR220875', 'xhbsg7nw-2vav-k8r7-n6sm-nl3ag7xdsuga', 'echannel', 'CT954122', 'C6524320', '2023-01-29', 4, 110342, 441368),
	('OR226616', 'xaiiwvwa-2djk-13ll-hue0-m7x9ku8stqxi', 'echannel', 'CT871838', 'C3115074', '2023-04-04', 1, 75487, 75487),
	('OR229077', 'x9ybz2xz-07b3-c4ui-8s0d-k78f8cr9sagh', 'bca_klikbca', 'CT365819', 'C2461150', '2022-11-03', 1, 723662, 723662),
	('OR233183', 'x6fywjbz-avb3-lfwp-f8r7-ttmqnq5ku95v', 'bca_klikbca', 'CT365166', 'C7069298', '2023-04-19', 4, 710205, 2840820),
	('OR233731', 'x5w4wkxh-m6po-nlkf-al1e-21vqd98h5r03', 'echannel', 'CT948394', 'C7197339', '2022-11-17', 1, 459599, 459599),
	('OR237580', 'x4bg3g6q-syhx-7qnp-mgz7-t8nj06nzw41p', 'bca_klikpay', 'CT815958', 'C2806395', '2022-10-30', 5, 288117, 1440585),
	('OR239488', 'x3sbp9qg-rhmz-072v-66a8-qs0lccnt7dk4', 'cstore', 'CT832228', 'C8864080', '2022-12-28', 5, 798082, 3990410),
	('OR241762', 'wyrh62q4-x55k-h1yw-2d9t-2chhwcw8e8xi', 'credit_card', 'CT447944', 'C9340847', '2023-03-08', 5, 389427, 1947135),
	('OR248868', 'wru3unp8-2v5s-hjmq-rrgz-k7ra364qh31i', 'echannel', 'CT848660', 'C7645316', '2023-04-05', 4, 930070, 3720280),
	('OR256346', 'wq44obec-g5su-gb88-6ok3-34uczrb1coui', 'bca_klikpay', 'CT084553', 'C2638392', '2023-02-15', 3, 268128, 804384),
	('OR265433', 'wpm1uxxt-sx9l-0icp-yisn-gy1hhla6549z', 'cstore', 'CT482887', 'C3115074', '2023-03-10', 5, 75487, 377435),
	('OR272570', 'wpfu37eh-di13-09r6-urg6-o380392b397m', 'credit_card', 'CT335033', 'C5403684', '2023-04-04', 5, 938493, 4692465),
	('OR290221', 'wok36w2x-ldqa-qc2g-2i0j-nihus4r6k5ej', 'cstore', 'CT437060', 'C9348699', '2023-03-31', 1, 229747, 229747),
	('OR293355', 'wnr2tfr5-xxuy-7xuy-p3p7-pdr3nl6vrxwt', 'qris', 'CT816479', 'C9416571', '2022-09-19', 5, 322018, 1610090),
	('OR296922', 'wnfvfl7g-7z7t-q87q-js32-e7pag81g8pn6', 'bca_klikbca', 'CT884530', 'C7113931', '2023-02-27', 4, 764706, 3058824),
	('OR306040', 'wmqsadb5-0e3j-52ax-oiz2-vkzv7ecbdf3n', 'cstore', 'CT815958', 'C1410106', '2023-05-24', 1, 458786, 458786),
	('OR307375', 'wm7u7i04-46vm-96v1-ryvh-gj5mlt6lx7d4', 'bank_transfer', 'CT276034', 'C4385093', '2023-04-23', 2, 99205, 198410),
	('OR310145', 'wlk202me-4fg7-reu5-af3a-xbpa650o5ork', 'bca_klikbca', 'CT999828', 'C8174704', '2022-08-21', 5, 685300, 3426500),
	('OR311796', 'wl3njfj4-w8ub-pz11-4dst-23bhizf9kk1c', 'bank_transfer', 'CT960439', 'C9782508', '2023-01-17', 3, 243558, 730674),
	('OR317201', 'wjv3h2ws-43lf-if9v-fooj-wj80ocovucxy', 'qris', 'CT487659', 'C9353155', '2023-02-21', 4, 511399, 2045596),
	('OR329745', 'wbd7oj9s-5xkb-e9o9-ceqy-bk7gfzq84q0t', 'bca_klikpay', 'CT652747', 'C1418683', '2023-04-19', 3, 491473, 1474419),
	('OR346204', 'w8jdd2o2-ldcc-mrsu-6yae-s58sr4qngn5y', 'bca_klikpay', 'CT287501', 'C0546744', '2022-06-24', 4, 711212, 2844848),
	('OR346258', 'w8gutxkt-oggk-4a7s-yyuy-z6wzl20qpjj3', 'gopay', 'CT869535', 'C1974326', '2023-04-07', 4, 555878, 2223512),
	('OR347751', 'w69s4rh2-cg0q-rklh-4vbb-fbxjkdnsqiu2', 'bank_transfer', 'CT197967', 'C2638392', '2022-09-20', 4, 268128, 1072512),
	('OR359184', 'w4wep7bn-ttpb-m8lf-va99-t01ch9easyzw', 'bank_transfer', 'CT869535', 'C7394924', '2023-02-07', 3, 65138, 195414),
	('OR362206', 'vvhqhxi3-5pi1-5fvn-jo1i-sttkvgsjxfef', 'bca_klikbca', 'CT336162', 'C5888863', '2023-02-06', 1, 946669, 946669),
	('OR373543', 'vv4mp6jz-c524-ujos-73j0-4ycsh2b9rnn3', 'cstore', 'CT869535', 'C1305061', '2022-07-20', 5, 125327, 626635),
	('OR375749', 'vnophxjn-pyyk-ss0w-1dxz-grevllhbjtso', 'gopay', 'CT884530', 'C7194679', '2023-02-26', 5, 265562, 1327810),
	('OR376731', 'vkwtcm2x-m8tq-oo3v-6oh8-09k47ni2wjp7', 'cstore', 'CT954122', 'C1417097', '2022-11-06', 3, 832871, 2498613),
	('OR379618', 'visyd2h2-vrui-enpy-0g9u-eis0r8sgq793', 'cstore', 'CT484892', 'C6909746', '2022-12-16', 1, 214304, 214304),
	('OR380551', 'vcgod5h7-r4bu-7a3l-qzvd-b3xprp32oeof', 'bca_klikpay', 'CT602067', 'C2455415', '2022-08-28', 5, 101096, 505480),
	('OR383060', 'v9kokemh-p6gt-v0fw-sgxo-qpz2zcxybkoq', 'cstore', 'CT917607', 'C9348699', '2023-05-22', 1, 229747, 229747),
	('OR383251', 'v5l7tisd-qzu5-593w-qotz-bexjk5g2b1er', 'bank_transfer', 'CT960439', 'C8826431', '2022-10-04', 1, 819125, 819125),
	('OR392080', 'v4vr8zbu-pq1m-khr2-siuz-5kvk8bmhz8ii', 'bank_transfer', 'CT768955', 'C6687949', '2023-03-07', 5, 71354, 356770),
	('OR392997', 'v491kapi-2ey9-88fr-pu0t-3qasfhvqu4sm', 'credit_card', 'CT917607', 'C3537063', '2022-07-08', 3, 637641, 1912923),
	('OR393671', 'ux7s2uqd-avi4-usdz-zg9u-euct42kpvpb9', 'echannel', 'CT124325', 'C2774051', '2022-12-04', 1, 694433, 694433),
	('OR393877', 'uwc32lpu-fl1p-82nu-lksb-zw5dgz5br1fo', 'qris', 'CT241320', 'C8826431', '2022-07-15', 1, 819125, 819125),
	('OR395436', 'uw84hrde-h29x-p19i-a1bf-g9zuspu5tiju', 'bank_transfer', 'CT091686', 'C6713384', '2023-01-20', 4, 948179, 3792716),
	('OR395541', 'uufs8pcw-eklo-ic36-oe6y-21p5p9dhhoab', 'credit_card', 'CT057905', 'C5811158', '2022-10-29', 3, 656618, 1969854),
	('OR406119', 'uqobozl3-0ypt-n8l7-cbfz-tsg8lc5otccw', 'cstore', 'CT487961', 'C1418683', '2022-06-25', 3, 491473, 1474419),
	('OR410657', 'un4d0mf2-vw2o-spq7-4kx5-xa6z0b5hr27l', 'bca_klikpay', 'CT219723', 'C7022314', '2023-02-08', 4, 916010, 3664040),
	('OR415828', 'uif6a0cr-7fck-byu4-lnjv-qyocfplvaod1', 'bca_klikpay', 'CT917607', 'C3874683', '2022-07-26', 4, 668862, 2675448),
	('OR436505', 'uej3in4k-r847-lxwe-qp4h-lhvi3x39cwut', 'gopay', 'CT600025', 'C6613812', '2023-05-12', 2, 290948, 581896),
	('OR451329', 'ucahhraq-6e55-5bsq-6wzx-9ojaq4qj0q15', 'credit_card', 'CT514389', 'C7603137', '2022-06-17', 3, 522199, 1566597),
	('OR452975', 'ubq8obkp-uprq-gl2l-w4ez-ke3l5z0f48p8', 'credit_card', 'CT133675', 'C6959259', '2022-10-23', 1, 688078, 688078),
	('OR453293', 'u90yeoup-j9ul-fykq-efe8-kpa4za0ljoxz', 'bca_klikpay', 'CT692261', 'C8079903', '2022-12-22', 2, 340261, 680522),
	('OR454342', 'u5q7ityy-7jwm-uzfs-c1qz-r0x7bpeddjy6', 'bca_klikpay', 'CT460639', 'C9123993', '2023-04-20', 5, 348554, 1742770),
	('OR462202', 'u5czxhoy-aj7o-w9r4-ryrr-aslrjhuhzb12', 'bca_klikbca', 'CT044984', 'C7022314', '2022-10-29', 1, 916010, 916010),
	('OR464032', 'u2601utz-wszf-86xv-1mz9-22xp0tbq66v8', 'gopay', 'CT854110', 'C9416571', '2022-09-15', 4, 322018, 1288072),
	('OR464321', 'txsgggdz-e7k3-ila2-a3ps-pbfr49b0d6nm', 'bca_klikpay', 'CT057935', 'C4794436', '2023-04-07', 2, 242730, 485460),
	('OR465825', 'txsgalxi-vqqq-n8yb-arbu-h90uwvq138mp', 'bca_klikpay', 'CT307718', 'C9186907', '2022-10-27', 4, 599144, 2396576),
	('OR468149', 'tu14cagw-xv1e-imvf-7opu-kcqqvkpa6rtc', 'echannel', 'CT602067', 'C8787709', '2022-12-03', 2, 835383, 1670766),
	('OR475203', 'tsso82oy-p24n-0tku-88gw-rownmli3wai4', 'bca_klikpay', 'CT917607', 'C1358259', '2022-07-13', 2, 202420, 404840),
	('OR479116', 'trs9vlg4-qkl9-6jwu-07a9-2vzrn6ghz6lp', 'credit_card', 'CT999001', 'C3945961', '2022-10-15', 5, 146253, 731265),
	('OR484601', 'tp4m50pq-kq1p-lw5x-xvwu-u3u7logyuuvh', 'qris', 'CT630093', 'C0194627', '2022-08-03', 2, 891829, 1783658),
	('OR490580', 'tl1yfkt0-1iv0-yu8b-h5r4-lgkiaw5ns90n', 'echannel', 'CT057935', 'C1417097', '2022-08-24', 3, 832871, 2498613),
	('OR498621', 'tbuvf6tz-fjgd-r477-kwdz-5dsh90kihnvc', 'gopay', 'CT216589', 'C4400880', '2022-08-16', 3, 320166, 960498),
	('OR499531', 'tbqj4lze-h0wg-iiac-yu29-4l5q32k8yyz8', 'qris', 'CT159666', 'C9503884', '2022-11-25', 5, 549988, 2749940),
	('OR499578', 'tb8j5sjw-pr8u-gv77-w4ia-yaear6nqi587', 'bca_klikbca', 'CT241320', 'C3127414', '2022-11-15', 4, 709691, 2838764),
	('OR504354', 'tamj2dts-0tn0-d7w0-3dhh-qax8ejpuyk0a', 'credit_card', 'CT884530', 'C3025801', '2022-06-14', 3, 508401, 1525203),
	('OR506273', 't2r9b4fx-5ng2-m7n4-8ssr-wvtk52fioibh', 'credit_card', 'CT124325', 'C9802251', '2022-06-26', 3, 391723, 1175169),
	('OR506341', 't0hzwiud-lt2g-eg57-9njx-6kbpmocawic9', 'credit_card', 'CT153648', 'C4794436', '2023-03-12', 2, 242730, 485460),
	('OR506863', 'sslq6u5e-d5wd-nvju-fumo-3qo749djapoj', 'bca_klikbca', 'CT731466', 'C9095620', '2023-03-24', 3, 408862, 1226586),
	('OR513296', 'sq9022nt-8qrr-pve1-0t78-ss4ei8wexahj', 'credit_card', 'CT979936', 'C7013783', '2023-03-12', 2, 665524, 1331048),
	('OR515356', 'smzjmitj-osow-0jun-vaap-l62uo3qeyurn', 'cstore', 'CT658935', 'C1724963', '2022-06-02', 5, 702152, 3510760),
	('OR523191', 'sfbb88u2-c0x1-hg45-h7yp-j2f2kcs7xyq1', 'echannel', 'CT854110', 'C1929374', '2022-12-28', 2, 809611, 1619222),
	('OR524864', 's3nq9kya-l41p-k1td-a6ev-svb4yxvl7b0p', 'bca_klikpay', 'CT979936', 'C1305061', '2023-05-25', 1, 125327, 125327),
	('OR526467', 's1cn8u4r-hcwr-r3z4-7el1-iz55nxm448zf', 'credit_card', 'CT133675', 'C9597072', '2023-04-10', 4, 523084, 2092336),
	('OR531851', 'rtbrgc68-67vv-r07r-f07w-kx63o74uqm1v', 'gopay', 'CT140834', 'C2961741', '2022-11-06', 4, 806499, 3225996),
	('OR548374', 'rsr90rxu-at1b-ndqh-rwck-m8llv8hcsxlf', 'bca_klikbca', 'CT602067', 'C7898395', '2022-06-18', 4, 739620, 2958480),
	('OR550139', 'rrmhvy0q-we6k-c1nj-wz2n-f7b11s34dyyk', 'cstore', 'CT768955', 'C9162549', '2022-12-31', 3, 656486, 1969458),
	('OR554218', 'rqpdoe3n-9wsz-jk9j-ad1j-bhz3wi1zomio', 'bca_klikbca', 'CT798121', 'C3091750', '2022-10-29', 1, 262505, 262505),
	('OR554503', 'rq6aew5f-jsbf-uhek-qu1x-4mt2nj484svm', 'bank_transfer', 'CT241320', 'C9379571', '2023-05-24', 2, 200273, 400546),
	('OR563106', 'rimhxzyr-nq32-ewgf-7nki-km9qa3h0q9tp', 'bca_klikpay', 'CT731466', 'C5237960', '2022-11-05', 5, 633186, 3165930),
	('OR563430', 'rffs6wf9-hitx-1tm2-nxkk-f5kjsos5fcl6', 'echannel', 'CT658935', 'C2461150', '2023-03-17', 2, 723662, 1447324),
	('OR569179', 'rc5zrzgo-fl3p-xvyf-va8d-mzyiir5m8w6b', 'bca_klikpay', 'CT140834', 'C7194679', '2022-10-01', 3, 265562, 796686),
	('OR572037', 'r9m08j00-jnjr-yons-ck84-qh5d3oydaqwy', 'bank_transfer', 'CT338133', 'C7310671', '2022-12-09', 1, 975613, 975613),
	('OR574586', 'r90qajxn-v1c2-5zst-re4a-qku50u957sa3', 'echannel', 'CT321738', 'C0713608', '2022-08-18', 3, 510224, 1530672),
	('OR577839', 'qswkadav-qhz7-fq6g-4g4c-khkjypkkoo3l', 'gopay', 'CT368224', 'C4309847', '2023-01-13', 5, 323336, 1616680),
	('OR578927', 'qrir6vp3-h4fd-jdcu-nxof-s27lucw29naa', 'echannel', 'CT652747', 'C5361543', '2022-06-19', 4, 194293, 777172),
	('OR587495', 'qiwjnz88-rzoj-wvf9-ibzn-rv8jtg6a3dno', 'qris', 'CT044984', 'C9379571', '2023-01-30', 3, 200273, 600819),
	('OR590630', 'qeitwcla-17qs-errp-nvp4-bec4p8mbp2tz', 'bank_transfer', 'CT960439', 'C6544115', '2023-02-21', 3, 113495, 340485),
	('OR593381', 'q32sqg0v-qdoq-0jd3-b9vn-dctlnpwjyth8', 'bca_klikpay', 'CT447944', 'C9450793', '2023-01-20', 2, 954872, 1909744),
	('OR594108', 'px4z8u19-9o07-085p-pta4-9lch0v0ef28z', 'bank_transfer', 'CT798121', 'C5683504', '2023-01-26', 3, 676020, 2028060),
	('OR594551', 'punvre0s-9hbl-mubn-2pb7-nnjp88ich97c', 'credit_card', 'CT871838', 'C5685190', '2023-04-02', 4, 106838, 427352),
	('OR612359', 'prh8kg80-oxdi-4a6l-v81k-x6j8c2jf8y7e', 'cstore', 'CT513358', 'C1974326', '2023-02-09', 2, 555878, 1111756),
	('OR622343', 'pljyo10t-73zy-0qn7-6u6o-yhurqr5lix78', 'credit_card', 'CT444004', 'C6909746', '2023-02-21', 4, 214304, 857216),
	('OR622789', 'pkbdnd8x-l5ob-rr55-2qif-dbeeuoqxtqtf', 'cstore', 'CT744478', 'C9802251', '2022-11-10', 1, 391723, 391723),
	('OR623797', 'pjxu0b7h-ijl7-8x1n-58nf-jmu3b4p9sbte', 'bca_klikpay', 'CT091686', 'C6613812', '2023-03-25', 3, 290948, 872844),
	('OR627188', 'pgudqk96-k1v9-l1gl-6yhd-hglt3wvsootl', 'qris', 'CT768955', 'C3874683', '2022-08-19', 1, 668862, 668862),
	('OR633284', 'pfjsliks-eoem-lcjn-5syn-htxxo4x451t3', 'cstore', 'CT884530', 'C2455415', '2022-08-31', 4, 101096, 404384),
	('OR637257', 'pdk25zjx-psgz-3hx3-3lju-e3ps8qgogw9b', 'cstore', 'CT815958', 'C2361926', '2022-09-22', 2, 915845, 1831690),
	('OR639850', 'pbk20n1h-fof0-k5vr-62hr-i288671uz177', 'cstore', 'CT499467', 'C7898319', '2022-08-17', 4, 981713, 3926852),
	('OR640243', 'p840p76n-g2c2-yqqz-uqoa-y7iumvx6uici', 'bank_transfer', 'CT768855', 'C5888863', '2023-02-09', 1, 946669, 946669),
	('OR649785', 'p6yx32ch-qi7h-pzdx-s3f8-u9wg8od2kur8', 'bank_transfer', 'CT653859', 'C7440803', '2023-05-22', 3, 708696, 2126088),
	('OR653457', 'p5ufyau5-evfb-xbsm-3ww3-mdqnnetpg6jt', 'gopay', 'CT447944', 'C6959259', '2022-06-30', 5, 688078, 3440390),
	('OR657319', 'p4gz4g6q-f88c-9egn-985n-gw0rnc0b6ov8', 'qris', 'CT786904', 'C5685190', '2022-12-28', 3, 106838, 320514),
	('OR667351', 'p2ybs1qt-62ea-iaeb-j1rq-eog4y908jtfl', 'bca_klikbca', 'CT241320', 'C7190080', '2023-02-09', 4, 728356, 2913424),
	('OR669740', 'p2sq9n8x-ym2d-k57n-slar-thxqm5rg0xms', 'bca_klikpay', 'CT929318', 'C4385093', '2022-06-21', 4, 99205, 396820),
	('OR672537', 'p2fekjek-ioap-fxyn-k470-3oy4klulv7eh', 'bank_transfer', 'CT934132', 'C2774051', '2022-09-06', 2, 694433, 1388866),
	('OR673787', 'p1xjm1y5-9zo1-rj38-qtbr-1w71gskl98q2', 'bca_klikpay', 'CT884530', 'C3091750', '2023-03-15', 3, 262505, 787515),
	('OR675569', 'owtu7ehs-weqh-4ukg-oazd-q8u1ev8rfgba', 'bca_klikpay', 'CT590459', 'C5151886', '2023-04-23', 4, 964444, 3857776),
	('OR676164', 'ov31dmdl-4cu2-zu0c-2brq-ospoaytjez7f', 'bca_klikbca', 'CT057935', 'C8058755', '2022-06-22', 1, 434629, 434629),
	('OR694356', 'oswhnns0-jgs9-9ii8-61g8-bfele70jhjqg', 'qris', 'CT444004', 'C4309847', '2023-04-22', 3, 323336, 970008),
	('OR699625', 'or5syzy4-xx7i-vwd6-1ush-3bb2upxto43p', 'credit_card', 'CT652747', 'C9232974', '2022-07-28', 1, 494591, 494591),
	('OR703195', 'oov8rdo4-mdpg-i6hi-n53n-jk7bwaal39w1', 'gopay', 'CT786904', 'C7475945', '2023-02-02', 1, 148306, 148306),
	('OR714494', 'oo3axxvw-xwvb-os02-m0i2-tzs0iyq6ya2s', 'gopay', 'CT487659', 'C7310671', '2022-08-29', 3, 975613, 2926839),
	('OR720762', 'omojb0p0-7pp5-313w-e11s-3mq3klvvb6e0', 'cstore', 'CT999828', 'C9782508', '2022-06-29', 5, 243558, 1217790),
	('OR733661', 'om3dnruv-umng-k6t3-ezcv-53c1kabnjvjr', 'qris', 'CT513358', 'C7898319', '2022-10-11', 1, 981713, 981713),
	('OR734456', 'okrt4sxa-rtmd-6juk-4edj-84wuzkhzk5sy', 'bca_klikbca', 'CT321738', 'C3537063', '2022-11-05', 5, 637641, 3188205),
	('OR749461', 'okrdvcwl-bp9e-ollp-c8e8-zd470txyrxka', 'qris', 'CT590459', 'C7131637', '2022-06-03', 2, 232349, 464698),
	('OR757525', 'oabtjbzz-8gkb-rhqu-ucb7-6epe9fdoh9um', 'credit_card', 'CT815958', 'C9362290', '2023-01-08', 4, 867452, 3469808),
	('OR761481', 'o886crpz-dkd6-tfuh-018o-sxh1ajwk6hf6', 'bca_klikbca', 'CT482887', 'C0434930', '2022-07-21', 4, 339404, 1357616),
	('OR768835', 'o1ggdv9x-l5j4-fyjs-ovhc-vu6bwvx7w5dx', 'qris', 'CT934132', 'C6239499', '2022-09-10', 1, 932935, 932935),
	('OR769156', 'o1fyjluw-03wq-l9lw-zwl7-3yvkovamrgw8', 'qris', 'CT368224', 'C7131637', '2022-11-30', 4, 232349, 929396),
	('OR774053', 'o105vxq4-ybu8-ox0o-ow6d-uvjruu2itege', 'bca_klikbca', 'CT815958', 'C1147499', '2022-10-14', 4, 330850, 1323400),
	('OR778442', 'o0lyiav4-aqm6-cz4p-jnc1-txgty01x3jp0', 'qris', 'CT688603', 'C7113931', '2022-07-11', 2, 764706, 1529412),
	('OR781784', 'nsasbpjt-h236-neuy-gsh8-1dhdnp8k0jv2', 'qris', 'CT057905', 'C9133220', '2022-09-20', 5, 343528, 1717640),
	('OR788811', 'ns01e2pl-6rsl-z0f0-cbo0-dw3d5yi8gj2w', 'bank_transfer', 'CT816479', 'C7197339', '2022-06-03', 1, 459599, 459599),
	('OR790572', 'nqfpino9-u0a1-fmf0-6qqm-k068k5rathuk', 'gopay', 'CT929318', 'C2286737', '2022-06-04', 5, 54621, 273105),
	('OR792837', 'nh6278dp-np17-ca4y-986f-0ha2gco8u6zg', 'echannel', 'CT692261', 'C5361543', '2023-02-03', 5, 194293, 971465),
	('OR793836', 'ngpieelg-x9f2-30l0-an3m-3l5jw0m8ym4w', 'bank_transfer', 'CT205086', 'C8058755', '2023-03-04', 2, 434629, 869258),
	('OR796145', 'nfsht8zd-l1a3-vbmb-jfvb-gdhqn1hzbp9y', 'bca_klikpay', 'CT216589', 'C9186907', '2022-07-26', 3, 599144, 1797432),
	('OR798292', 'nbrnl77e-c04j-2d0z-50i0-egbfiynpualb', 'bca_klikbca', 'CT205086', 'C0027291', '2022-12-11', 2, 851865, 1703730),
	('OR803640', 'nbdsmrs8-ly1u-yw8s-k1iq-tnm0vyuwj7bd', 'bank_transfer', 'CT768955', 'C3112772', '2022-07-22', 5, 922128, 4610640),
	('OR805538', 'n5xksvew-8r3o-coek-oio1-0kftc75m036g', 'bank_transfer', 'CT716089', 'C0713608', '2022-06-27', 1, 510224, 510224),
	('OR833917', 'n2sla1uv-et50-j9z3-9x3d-k3wwj7yt2bez', 'cstore', 'CT365166', 'C8174704', '2022-12-22', 4, 685300, 2741200),
	('OR838902', 'n14zamck-gpfr-zdk7-onf7-9nto95ll62ji', 'bca_klikbca', 'CT207216', 'C8787709', '2022-11-17', 5, 835383, 4176915),
	('OR840903', 'mzv6ztan-4q0g-54zl-7wg7-c6ojcm0bt3n1', 'bca_klikbca', 'CT205086', 'C7394924', '2022-10-29', 5, 65138, 325690),
	('OR854213', 'mzu0jid6-zs8h-x842-ri9q-862rnn1iri0j', 'echannel', 'CT841001', 'C7013783', '2023-05-21', 4, 665524, 2662096),
	('OR865667', 'mzqk6n0v-bwzh-da4c-1ugw-9bcjakdms6lp', 'qris', 'CT841001', 'C3025801', '2023-02-13', 1, 508401, 508401),
	('OR867546', 'mu5v78sq-zigx-4gyx-10is-jlofig041akf', 'echannel', 'CT948394', 'C9455819', '2023-03-12', 5, 759829, 3799145),
	('OR870147', 'msoh1izs-8hxv-8ob5-wjv6-lglscgnsuw5e', 'bca_klikbca', 'CT176558', 'C9348778', '2022-09-19', 1, 283060, 283060),
	('OR870326', 'mplfrqh3-0fg0-ocs8-itnm-q7ta8c5vk2xw', 'cstore', 'CT058064', 'C9178263', '2023-04-10', 5, 592862, 2964310),
	('OR874075', 'mpe6c8vz-udb0-t539-hhkn-j3zs75jph85o', 'gopay', 'CT768955', 'C3001019', '2023-03-04', 1, 172879, 172879),
	('OR874888', 'mov3onag-keyc-sytk-t331-9ymjb00c1po1', 'cstore', 'CT884530', 'C4300053', '2022-09-04', 5, 252235, 1261175),
	('OR877995', 'mjb5rn0t-dqs9-e3zv-v8ed-7hg7ojvwmnpq', 'bca_klikpay', 'CT960439', 'C5683504', '2023-03-09', 1, 676020, 676020),
	('OR880394', 'mgut19ig-65ng-gci6-067q-30n2dk0heor9', 'qris', 'CT217412', 'C9095620', '2023-01-15', 4, 408862, 1635448),
	('OR896115', 'mf1wfhco-k1tn-89om-9eu0-on1dap0y0ftz', 'echannel', 'CT798121', 'C9362290', '2022-11-15', 4, 867452, 3469808),
	('OR896893', 'mesojdg1-a20z-c4n2-gvyi-d5dv0han5wnu', 'echannel', 'CT200995', 'C3001019', '2023-02-14', 5, 172879, 864395),
	('OR901401', 'mbpxmo8k-b6au-lk3k-6vdj-kosyu6j8qn0c', 'qris', 'CT241320', 'C2806395', '2022-05-29', 1, 288117, 288117),
	('OR903023', 'm7xd6i6l-9n1e-wuyu-1fdn-jbt4licon5un', 'bca_klikbca', 'CT776323', 'C9348778', '2022-08-24', 4, 283060, 1132240),
	('OR907492', 'm3yevuu4-rkf1-ciws-xgj3-fk8ng0w92pob', 'echannel', 'CT688603', 'C8864080', '2022-09-27', 5, 798082, 3990410),
	('OR912532', 'm38txwj1-kzts-mew1-kqyv-woucb4c6uvcd', 'cstore', 'CT948394', 'C3945961', '2023-01-29', 5, 146253, 731265),
	('OR923123', 'm28v5tml-5pfo-l8mk-agbg-1fg4eb85a0br', 'credit_card', 'CT929318', 'C1059791', '2022-10-27', 2, 535991, 1071982),
	('OR926845', 'm239pdh5-mp57-6eeo-hmoh-0sti9fzjp760', 'bca_klikpay', 'CT929318', 'C0434930', '2022-09-20', 1, 339404, 339404),
	('OR933037', 'm0769z10-u02w-w8cn-mug5-fx3ivw3jcyhk', 'bank_transfer', 'CT813581', 'C6596146', '2022-10-07', 5, 211002, 1055010),
	('OR936492', 'lutn4vwr-au5e-oacl-0nxi-w1ll4nssn2vu', 'echannel', 'CT934132', 'C9597072', '2022-10-10', 3, 523084, 1569252),
	('OR949912', 'lurlrhlv-v6k5-tnbi-zbir-iizopy5y66fs', 'cstore', 'CT447944', 'C5575519', '2022-08-11', 2, 800581, 1601162),
	('OR952015', 'ls9ak5or-gbka-vp3g-kh4k-owvo9mu6ppni', 'qris', 'CT652747', 'C1358259', '2022-09-05', 3, 202420, 607260),
	('OR959589', 'lqm07mi5-vl21-dmcl-74cb-3ucjz16txeb8', 'bank_transfer', 'CT999001', 'C9353155', '2022-06-02', 5, 511399, 2556995),
	('OR962607', 'loolnfgr-jsy2-y2ns-ckty-3mpnapx8rjh6', 'bank_transfer', 'CT217412', 'C1410106', '2023-02-11', 4, 458786, 1835144),
	('OR962617', 'll44prcr-cym4-p6ek-140o-18bazh9l242x', 'bca_klikbca', 'CT207216', 'C8277473', '2022-10-20', 1, 845481, 845481),
	('OR963727', 'lk5xug30-noyw-b8bw-dqbu-pakt0ep5autl', 'qris', 'CT338133', 'C9340847', '2022-07-12', 4, 389427, 1557708),
	('OR964331', 'letfvtbk-e2gk-zd3n-6pkj-hmmnhhct30ca', 'bank_transfer', 'CT140834', 'C9450793', '2022-09-22', 5, 954872, 4774360),
	('OR965828', 'ladc9f1g-lkw0-32is-mxsp-m2w7xdt7eyzn', 'echannel', 'CT934132', 'C6544115', '2022-09-25', 1, 113495, 113495),
	('OR970764', 'l9s382oc-c4cn-czmj-8gbs-enhtjrwotyl0', 'credit_card', 'CT484892', 'C0434406', '2022-12-03', 5, 313516, 1567580),
	('OR977243', 'l8hydtcx-ci30-mlv0-1v64-ogqkv624jchv', 'bca_klikbca', 'CT929318', 'C5765456', '2022-11-14', 5, 635294, 3176470),
	('OR979048', 'l2yqrsnx-mcq0-84j1-h83k-fw9qacragdi6', 'gopay', 'CT002026', 'C5811158', '2022-06-11', 5, 656618, 3283090),
	('OR981380', 'l0yvzznz-o2eu-p0va-new1-qrw3k7y5ag6m', 'bca_klikpay', 'CT768855', 'C0546744', '2022-12-08', 4, 711212, 2844848),
	('OR989577', 'l01261xi-2tdb-tfws-wpb8-ki1r1fgj66q2', 'bca_klikbca', 'CT960439', 'C4300053', '2022-11-14', 3, 252235, 756705),
	('OR991948', 'kube9myi-xxoy-q96z-mvn1-ls4m2caboliz', 'bank_transfer', 'CT727229', 'C6596146', '2022-07-21', 2, 211002, 422004),
	('OR993305', 'ksn2zqim-nhfl-to4x-frsk-7ar2v65cpkn8', 'credit_card', 'CT832228', 'C9178263', '2022-09-29', 4, 592862, 2371448),
	('OR994432', 'krh2r0qu-f2gz-8e4h-muoy-wxayicojc0b2', 'credit_card', 'CT484892', 'C8079903', '2022-08-10', 5, 340261, 1701305),
	('OR996621', 'klvzdid8-s8ze-8yy0-gjc3-5reycp249mx8', 'bank_transfer', 'CT002026', 'C0027291', '2023-01-11', 4, 851865, 3407460),
	('OR999917', 'klm427n7-x1lh-m5tc-0js3-ygzxlkjaj1a2', 'bank_transfer', 'CT768855', 'C8277473', '2023-02-27', 2, 845481, 1690962);

-- Dumping structure for table dbsellerlumiere.product_cosmetic
DROP TABLE IF EXISTS `product_cosmetic`;
CREATE TABLE IF NOT EXISTS `product_cosmetic` (
  `product_id` varchar(10) NOT NULL,
  `product_name` varchar(90) NOT NULL,
  `price` mediumint NOT NULL,
  `stock` smallint NOT NULL,
  `rating` decimal(20,6) NOT NULL,
  `weight` tinyint NOT NULL,
  `dimensions` varchar(30) NOT NULL,
  `color` varchar(10) NOT NULL,
  `category` varchar(10) NOT NULL,
  `brand` varchar(20) NOT NULL,
  `description` text NOT NULL,
  PRIMARY KEY (`product_id`)
) ENGINE=InnoDB DEFAULT CHARSET=utf8mb4 COLLATE=utf8mb4_0900_ai_ci;

-- Dumping data for table dbsellerlumiere.product_cosmetic: ~100 rows (approximately)
DELETE FROM `product_cosmetic`;
INSERT INTO `product_cosmetic` (`product_id`, `product_name`, `price`, `stock`, `rating`, `weight`, `dimensions`, `color`, `category`, `brand`, `description`) VALUES
	('C0027291', 'Water Drench Hyaluronic Cloud Cream', 851865, 1538, 3.100000, 6, '04cm L x 66cm W x 94cm H', '-', 'cosmetic', 'PETER THOMAS ROTH', 'Water, Glycerin, Cyclopentasiloxane, Dipropylene Glycol, Dimethicone, Cyclohexasiloxane, Yeast Extract, Sodium Hyaluronate, Ceramide Eop, Ceramide Eos, Ceramide Ap, Ceramide Np, Ceramide Ns, Sambucus Nigra Fruit Extract, Hydrolyzed Silk, Sodium Pca, Tocopherol, Ascorbyl Palmitate, Caprooyl Phytosphingosine, Caprooyl Sphingosine, Saccharide Isomerate, Saccharomyces/Magnesium Ferment, Saccharomyces/Iron Ferment, Saccharomyces/Copper Ferment, Saccharomyces/Silicon Ferment, Saccharomyces/Zinc Ferment, Olea Europaea (Olive) Leaf Extract, Methyl Gluceth-20, Ethylhexylglycerin, Lauryl Peg-9 Polydimethylsiloxyethyl Dimethicone, Cholesterol, Sodium Chloride, Sodium Citrate, Citric Acid, Behenic Acid, Propylene Glycol, Ceteareth-25, Butylene Glycol, Dimethicone/Peg-10/15 Crosspolymer, Cetyl Alcohol, Diso- Dium Edta, Sodium Benzoate, Potassium Sorbate, Phenoxyethanol, Mica.'),
	('C0194627', 'Virgin Marula Luxury Facial Oil Mini', 891829, 897, 3.600000, 23, '23cm L x 52cm W x 52cm H', '-', 'cosmetic', 'DRUNK ELEPHANT', '100% Unrefined Sclerocraya Birrea (Marula) Kernel Oil.'),
	('C0434406', '100 percent Pure Argan Oil', 313516, 717, 2.500000, 95, '80cm L x 87cm W x 41cm H', '-', 'cosmetic', 'JOSIE MARAN', 'Organic Argania Spinosa (Argan) Kernel Oil*. *Organic. **Natural.'),
	('C0434930', 'Revitalizing Supreme Global Anti-Aging Crme', 339404, 959, 4.700000, 15, '07cm L x 57cm W x 42cm H', '-', 'cosmetic', 'EST', 'Revitalizing Supreme+ Cell Pwr Crm Division: El (Estee Lauder)Ingredients: Water , Dimethicone , Glycerin , Isohexadecane , Butylene Glycol , Bis-Peg-18 Methyl Ether Dimethyl Silane , Peg-10 Dimethicone , Disteardimonium Hectorite , Pentylene Glycol , Cucumis Sativus (Cucumber) Fruit Extract , Narcissus Tazetta Bulb Extract , Magnolia Officinalis Bark Extract , Hordeum Vulgare (Barley) Extract/Extrait D\'Orge , Sigesbeckia Orientalis (St. Paul\'S Wort) Extract , Lens Esculenta (Lentil) Fruit Extract , Pyrus Malus (Apple) Fruit Extract , Whey Protein/Lactis Protein/Proteine Du Petit-Lait , Citrullus Vulgaris (Watermelon) Fruit Extract , Moringa Oleifera Seed Extract , Laminaria Digitata Extract , Triticum Vulgare (Wheat) Germ Extract , Opuntia Tuna Extract , Acetyl Hexapeptide-8 , Sorbitol , Helianthus Annuus (Sunflower) Seedcake , Caffeine , Algae Extract , Sodium Hyaluronate , Sodium Lactate , Squalane , Polysilicone-11 , Isododecane , Tocopheryl Acetate , Sucrose , Acetyl Glucosamine , Polyethylene , Propylene Carbonate , Citric Acid , Peg-32 , Propylene Glycol Dicaprate , Peg-6 , Isoceteth-20 , Sodium Dehydroacetate , Aminopropyl Ascorbyl Phosphate , Fragrance , Sodium Pca , Sodium Citrate , Disodium Edta , Bht , Phenoxyethanol , Iron Oxides (Ci 77491)'),
	('C0546744', 'Water Bank Essence', 711212, 1027, 3.600000, 39, '44cm L x 52cm W x 03cm H', '-', 'cosmetic', 'LANEIGE', 'Water, Glycerin, Butylene Glycol, Glycereth-26, Cyclopentasiloxane, Hydrogenated Poly(C6-14 Olefin), Dimethicone, Limnanthes Alba (Meadowfoam) Seed Oil, Trisiloxane, Cyclohexasiloxane, Chenopodium Quinoa Seed Extract, Magnesium Sulfate, Zinc Sulfate, Manganese Sulfate, Calcium Chloride, Ascorbyl Glucoside, Salix Alba (Willow) Bark Extract, Tillandsia Usneoides Extract, Ceratonia Siliqua (Carob) Fruit Extract, Dimethiconol, Betaine, Ammonium Acryloyldimethyltaurate, VP Copolymer, Ethylhexylglycerin, Isopropyl Palmitate, Chondrus Crispus (Carrageenan), Phenyl Trimethicone, Propylene Glycol, PCA Dimethicone, Hydrogenated Lecithin, Hydroxyethyl Acrylate, Sodium Acryloyldimethyl Taurate Copolymer, Disodium EDTA, Phenoxyethanol, Fragrance.'),
	('C0713608', 'Crme de la Mer', 510224, 1135, 3.400000, 56, '94cm L x 54cm W x 85cm H', '-', 'cosmetic', 'LA MER', 'Algae (Seaweed) Extract, Mineral Oil, Petrolatum, Glycerin, Isohexadecane, Microcrystalline Wax, Lanolin Alcohol, Citrus Aurantifolia (Lime) Extract, Sesamum Indicum (Sesame) Seed Oil, Eucalyptus Globulus (Eucalyptus) Leaf Oil, Sesamum Indicum (Sesame) Seed Powder, Medicago Sativa (Alfalfa) Seed Powder, Helianthus Annuus (Sunflower) Seedcake, Prunus Amygdalus Dulcis (Sweet Almond) Seed Meal, Sodium Gluconate, Copper Gluconate, Calcium Gluconate, Magnesium Gluconate, Zinc Gluconate, Magnesium Sulfate, Paraffin, Tocopheryl Succinate, Niacin, Water, Beta-Carotene, Decyl Oleate, Aluminum Distearate, Octyldodecanol, Citric Acid, Cyanocobalamin, Magnesium Stearate, Panthenol, Limonene, Geraniol, Linalool, Hydroxycitronellal, Citronellol, Benzyl Salicylate, Citral, Sodium Benzoate, Alcohol Denat., Fragrance.'),
	('C1059791', 'BB Tinted Treatment 12-Hour Primer Broad Spectrum SPF 30 Sunscreen', 535991, 853, 3.300000, 69, '65cm L x 98cm W x 79cm H', '-', 'cosmetic', 'TARTE', 'Cyclopentasiloxane, Isododecane, Mica, Polysilicone-11, Polymethylsilsesquioxane, Hexyl Laurate, PEG-10 Dimethicone, Polyglyceryl-4 Isostearate, Stearic Acid, Cetyl PEG/PPG-10/1 Dimethicone, Alumina, Triethoxycaprylylsilane, Dipalmitoyl Hydroxyproline, Diamond Powder, Iron Oxides.'),
	('C1147499', 'The Moisturizing Soft Cream', 330850, 1710, 4.300000, 73, '67cm L x 50cm W x 17cm H', '-', 'cosmetic', 'LA MER', 'Algae (Seaweed) Extract, Cyclopentasiloxane, Petrolatum, Glyceryl Distearate, Phenyl Trimethicone, Butylene Glycol, Hydrogenated Vegetable Oil, Cholesterol, Butyrospermum Parkii (Shea Butter), Steareth-10, Dimethicone, Glyceryl Stearate Se, Polysilicone-11, Sesamum Indicum (Sesame) Seed Oil, Medicago Sativa (Alfalfa) Seed Powder, Helianthus Annuus (Sunflower) Seedcake, Prunus Amygdalus Dulcis (Sweet Almond) Seed Meal, Eucalyptus Globulus (Eucalyptus) Leaf Oil, Sodium Gluconate, Copper Gluconate, Calcium Gluconate, Magnesium Gluconate, Zinc Gluconate, Tocopheryl Succinate, Niacin, Sesamum Indicum (Sesame) Seed Powder, Water, Citrus Aurantifolia (Lime) Peel Extract, Laminaria Digitata Extract, Crithmum Maritimum Extract, Salicornia Herbacea Extract, Plankton Extract, Chlorella Vulgaris Extract, Glycine Soja (Soybean) Seed Extract, Glycerin, Caffeine, Sea Salt/Maris Sal/Sel Marin, Micrococcus Lysate, Diethylhexyl Succinate, Adenosine Phosphate, Creatine, Hydrolyzed Algin, Isocetyl Stearoyl Stearate, Cetyl Alcohol, Sucrose, Acetyl Hexapeptide-8, Glucose Oxidase, Polyacrylamide, Acetyl Carnitine Hcl, Glucose, Caprylic/Capric Triglyceride, C13-14 Isoparaffin, Tocopheryl Acetate, Tetrahexyldecyl Ascorbate, Sodium Pca, Glycosaminoglycans, Urea, Distearyldimonium Chloride, Dipalmitoyl Hydroxyproline, Sodium Hyaluronate, Laureth-7, Lecithin, Trehalose, Polyquaternium-51, Lactoperoxidase, Hydroxypropyl Cyclodextrin, Cyanocobalamin, Pentylene Glycol, Fragrance, Disodium Edta, Bht, Citronellol, Hydroxycitronellal, Geraniol, Linalool, Limonene, Potassium Sorbate, Phenoxyethanol'),
	('C1305061', 'The Renewal Oil', 125327, 501, 3.800000, 27, '28cm L x 72cm W x 12cm H', '-', 'cosmetic', 'LA MER', 'Limnanthes Alba (Meadowfoam) Seed Oil, Dimethicone, Caprylic/Capric Triglyceride, Water, Trisiloxane, Prunus Amygdalus Dulcis (Sweet Almond) Oil, Simmondsia Chinensis (Jojoba) Seed Oil, Polydecene, Hydrogenated Polydecene, Butylene Glycol, Propanediol, Glycerin, Algae (Seaweed) Extract, Brassica Campestris (Rapeseed) Seed Oil, Helianthus Annuus (Sunflower) Seed Oil, Sesamum Indicum (Sesame) Seed Oil, Eucalyptus Globulus (Eucalyptus) Leaf Oil, Camelina Sativa Seed Oil, Oxycoccus Palustris (Cranberry) Seed Oil, Olea Europaea (Olive) Fruit Oil, Hippophae Rhamnoides Oil, Medicago Sativa (Alfalfa) Seed Powder, Helianthus Annuus (Sunflower) Seedcake, Prunus Amygdalus Dulcis (Sweet Almond) Seed Meal, Sodium Gluconate, Copper Gluconate, Calcium Gluconate, Magnesium Gluconate, Zinc Gluconate, Tocopheryl Succinate, Niacin, Sesamum Indicum (Sesame) Seed Powder, Laminaria Ochroleuca Extract, Laminaria Saccharina Extract, Hydrolyzed Algin, Sea Salt/Maris Sal/Sel Marin, Chlorella Vulgaris Extract, Salicornia Herbacea Extract, Sigesbeckia Orientalis (St. Paul\'S Wort) Extract, Laminaria Digitata Extract, Rosmarinus Officinalis (Rosemary) Leaf Extract, Magnolia Officinalis Bark Extract, Yeast Extract/Faex/Extrait De Levure, Crithmum Maritimum Extract, Commiphora Mukul Resin Extract, Citrus Aurantifolia (Lime) Peel Extract, Molasses Extract/Saccharum Officinarum/Extrait De Melasse, Sucrose, Acetyl Hexapeptide-8, Acetyl Glucosamine, Caffeine, Tocopheryl Acetate, Phenyl Trimethicone, Sodium Chloride, Tetrahexyldecyl Ascorbate, Alcohol Denat., Fragrance, Hexyl Cinnamal, Linalool, Amyl Cinnamal, Geraniol, Limonene, Citral, Benzyl Benzoate, Coumarin, Citronellol, Bht, Phenoxyethanol, Yellow 5 (Ci 19140), Yellow 6 (Ci 15985)'),
	('C1358259', 'FUTURE RESPONSE Age Defense Creme', 202420, 1713, 4.600000, 13, '27cm L x 65cm W x 06cm H', '-', 'cosmetic', 'AMOREPACIFIC', 'Camellia Sinensis Leaf Water, Butylene Glycol, Dicaprylyl Carbonate, Caprylic/Capric Triglyceride, Glycerin, Water, Butyrospermum Parkii (Shea) Butter, Alcohol, Behenyl Alcohol, Hydrogenated Poly(C6-14 Olefin), Arachidyl Alcohol, Pentaerythrityl Tetraisostearate, Pentaerythrityl Tetraethylhexanoate, Dimethicone, Mangifera Indica (Mango) Seed Butter, Hydrogenated Polydecene, Tricholoma Matsutake Extract, Camellia Sinensis Leaf Extract, Sodium Hyaluronate, Punica Granatum Extract, Opuntia Coccinellifera Fruit Extract, Iris Florentina Root Extract, Lagerstroemia Indica Flower Extract, Gossypium Herbaceum (Cotton) Extract, Centella Asiatica Extract, Oryza Sativa (Rice) Germ Extract, Zingiber Officinale (Ginger) Root Extract, Glycine Soja (Soybean) Seed Extract, Magnolia Obovata Bark Extract, Nelumbo Nucifera Flower Extract, Camellia Sinensis Leaf Powder, Theanine, Epigallocatechin Gallate, Sorbitol, Beta-Glucan, Trisiloxane, Arachidyl Glucoside, Polyacrylate-13, Propanediol, Cyclopentasiloxane, Dimethiconol, Polyisobutene, Carbomer, Glyceryl Stearate, Peg-100 Stearate, Polysorbate 20, 1,2-Hexanediol, Caprylyl Glycol, Polyglutamic Acid, Kaolin, Ethylhexylglycerin, Triethanolamine, Disodium Edta, Phenoxyethanol, Fragrance.'),
	('C1410106', 'GenOptics Aura Essence Serum', 458786, 1045, 4.300000, 85, '62cm L x 08cm W x 82cm H', '-', 'cosmetic', 'SK-II', 'Water, Galactomyces Ferment Filtrate (Pitera), Niacinamide, Butylene Glycol, Triethylhexanoin, Pentylene Glycol, Glycerin, Nylon-12, Phytosteryl/Octyldodecyl Lauroyl Glutamate, Polymethylsilsesquioxane, Boron Nitride, Panthenol, PEG-20 Sorbitan Cocoate, Inositol, Caprylic/Capric Triglyceride, Mica, Phenoxyethanol, Acrylates/C10-30 Alkyl Acrylate Crosspolymer, PEG-11 Methyl Ether Dimethicone, Polyacrylamide, Aminomethyl Propanol, Undecylenoyl Phenylalanine, Benzyl Alcohol, C13-14 Isoparaffin, Disodium EDTA, Hydrolyzed Prunus Domestica, Xanthan Gum, Sodium Benzoate, Hexyldecanol, Laureth-7, Citrus Reticulata Peel Extract/Citrus Reticulata (Tangerine) Peel Extract, Methylparaben, Ascorbyl Glucoside, Prunus Mume Fruit Extract, Tocopherol, Fragrance, Limonene, Citronellol, Linalool, Geraniol, Ci 77891 (Titanium Dioxide).'),
	('C1417097', 'R.N.A. POWER Face Cream', 832871, 1684, 4.600000, 15, '10cm L x 94cm W x 51cm H', '-', 'cosmetic', 'SK-II', 'Water, Glycerin, Galactomyces Ferment Filtrate*, Isohexadecane, Niacinamide, Isopropyl Isostearate, Butylene Glycol, Butyrospermum Parkii (Shea) Butter, Caprylic/Capric Triglyceride, Pentylene Glycol, Dimethicone, Phytosteryl/Behenyl/Octyldodecyl Lauroyl Glutamate, Vinyl Dimethicone/Methicone Silsesquioxane Crosspolymer, Stearyl Alcohol, Sodium Acrylate/Sodium Acryloyldimethyl Taurate Copolymer, Cetyl Alcohol, Behenyl Alcohol, Panthenol, Tocopheryl Acetate, Benzyl Alcohol, Dimethiconol, Cetearyl Alcohol, Cetearyl Glucoside, Methylparaben, Peg-100 Stearate, Polymethylsilsesquioxane, Polysorbate 80, Stearic Acid, Disodium Edta, Propylparaben, Sodium Peg-7 Olive Oil Carboxylate, Ethylparaben, Sorbitan Oleate, Chlorella Vulgaris Extract, Peg-100 Stearate, Peg-7 Glyceryl Cocoate, Sodium Hydroxide, Fragrance, Acanthopanax Senticosus (Eleuthero) Root Extract, Hydrolyzed Soy Protein, Cynara Scolymus (Artichoke) Leaf Extract, Polyquaternium-7, Hydrolyzed Yeast Protein, Palmitoyl Pentapeptide-4, Methylsilanol Tri-Peg-8 Glyceryl Cocoate, Methicone, Ci 77891, Ci 77492. *Pitera.'),
	('C1418683', 'Sheer Transformation Perfecting Moisturizer', 491473, 1836, 3.500000, 92, '52cm L x 96cm W x 90cm H', '-', 'cosmetic', 'OLEHENRIKSEN', 'Visit the OLEHENRIKSEN boutique'),
	('C1724963', 'Water Bank Moisture Cream', 702152, 1749, 2.000000, 29, '89cm L x 18cm W x 80cm H', '-', 'cosmetic', 'LANEIGE', 'Water, Glycerin, Butylene Glycol, Squalane, Dimethicone, Pentaerythrityl Tetraethylhexanoate, BIS-PEG-18 Methyl Ether Dimethyl Silane, Dicaprylyl Ether, Cyclopentasiloxane, Sucrose Polystearate, Cyclohexasiloxane, Glyceryl Stearate, Urea, Chenopodium Quinoa Seed Extract, Salicornia Herbacea Extract, Magnesium Sulfate, Manganese Sulfate, Calcium Chloride, Zinc Sulfate, Sodium Hyaluronate, Limnanthes Alba (Meadowfoam) Seed Oil, Copper Tripeptide-1, Ceramide 3, Phytosphingosine, Niacinamide, Myristyl Myristate, Glyceryl Undecylenate, Acetyl Glucosamine, Cetearyl Alcohol, Cetyl Ethylhexanoate, Tocopherol, Propanediol, Stearic Acid, Ascorbyl Glucoside, Hydrogenated Lecithin, Xanthan Gum, Trisiloxane, Palmitic Acid, Potassium Cetyl Phosphate, Polyglyceryl-10 Stearate, Polyacrylate-13, Polyisobutene, Propylene Glycol, PEG-100 Stearate, Acrylates, C10-30 Alkyl Acrylate Crosspolymer, PEG-5 Rapeseed Sterol, Hydroxyethyl Acrylate, Sodium Acryloyldimethyl Taurate Copolymer, Hydrogenated Polyisobutene, Polysorbate 20, Tromethamine, Disodium EDTA, Glyceryl Caprylate, Ethylhexylglycerin, Fragrance.'),
	('C1929374', 'Your Skin But Better', 809611, 1692, 4.300000, 33, '46cm L x 49cm W x 85cm H', '-', 'cosmetic', 'IT COSMETICS', 'Water, Snail Secretion Filtrate, Titanium Dioxide, Phenyl Trimethicone, Dimethicone, Butylene Glycol, Zinc Oxide, Butylene Glycol Dicaprylate/Dicaprate, Orbignya Oleifera Seed Oil, Butyloctyl Salicylate, Cetyl Peg/Ppg-10/1 Dimethicone, Cyclopentasiloxane, Cyclohexasiloxane, Magnesium Sulfate, Polyglyceryl-4 Isostearate, Dimethicone/Vinyl Dimethicone Crosspolymer, Aluminum Hydroxide, Hexyl Laurate, Stearic Acid, Calcium Stearate, Caprylyl Glycol, Triethoxycaprylylsilane, Ethylhexylglycerin, Citrus Medica Limonum (Lemon) Peel Oil, Tocopheryl Acetate, Sorbitan Isostearate, Phenoxyethanol, Citrus Aurantium Bergamia (Bergamot) Fruit Oil, 1,2-Hexanediol, Disodium Edta, Citrus Aurantium Dulcis (Orange) Peel Oil, Citrus Aurantifolia (Lime) Oil, Vitis Vinifera (Grape) Seed Oil, Punica Granatum Seed Oil, Pinus Sylvestris Leaf Oil, Persea Gratissima (Avocado) Oil, Niacinamide, Citrus Grandis (Grapefruit) Peel Oil, Cholesterol, Anthemis Nobilis Flower Water, Lactobacillus/Honeysuckle Flower/Licorice Root/Morus Alba Root/Pueraria Lobata Root/Schizandra Chinensis Fruit/Scutellaria Baicalensis Root/Sophora Japonica Flower Extract Ferment Filtrate, Perfluorohexane, Olea Europaea (Olive) Leaf Extract, Glycerin, Eucalyptus Globulus Leaf Oil, Camellia Sinensis Leaf Extract, Chrysanthemum Indicum Flower Extract, Pueraria Lobata Root Extract, Perfluorodecalin, Morus Alba Fruit Extract, Magnolia Kobus Bark Extract, Glycine Soja (Soybean) Sprout Extract, Diospyros Kaki Leaf Extract, Cinnamomum Cassia Bark Extract, Artemisia Princeps Leaf Extract, Pentafluoropropane, Curcuma Longa (Turmeric) Root Extract, Steareth-20, Hydrolyzed Hyaluronic Acid, Colloidal Oatmeal, Hydrolyzed Silk, Citric Acid, Sodium Benzoate, Potassium Sorbate, Aloe Barbadensis Leaf Extract, N-Hydroxysuccinimide, Hydrolyzed Collagen, Caprylhydroxamic Acid, Tocopherol, Thiamine Hcl, Riboflavin, Retinyl Palmitate, Pantothenic Acid, Palmitoyl Oligopeptide, Niacin, Folic Acid, Chrysin, Carnitine Hcl, Biotin, Ascorbic Acid, Palmitoyl Tetrapeptide-7, Chlorhexidine Digluconate. [+/-: Mica (Ci 77019), Iron Oxides (Ci 77492, Ci 77491, Ci 77499)].'),
	('C1974326', 'Lala Retro Whipped C', 555878, 603, 3.300000, 39, '10cm L x 86cm W x 42cm H', '-', 'cosmetic', 'DRUNK ELEPHANT', 'Water, Glycerin, Caprylic/ Capric Triglyceride, Isopropyl Isostearate, Pseudozyma Epicola/Camellia Sinensis Seed Oil/Glucose/Glycine Soja Meal/Malt Extract/Yeast Extract Ferment Filtrate (Pseudozyma Epicola/Camellia Sinensis Seed Oil/Glucose/Yeast Extract Ferment Filtrate), Stearic Acid, Glyceryl Stearate SE, Cetearyl Alcohol, Pentylene Glycol, Plantago Lanceolata Leaf Extract, Adansonia Digitata Seed Oil, Citrullus Lanatus (Watermelon) Seed Oil, Passiflora Edulis Seed Oil, Schinziophyton Rautanenii Kernel Oil, Sclerocarya Birrea Seed Oil, Polyglyceryl-6 Ximenia Americana Seedate, Sodium Hyaluronate Crosspolymer, Ceteareth-20, Trisodium Ethylenediamine Disuccinate, Sodium Hydroxide, Citric Acid, Carbomer, Xanthan Gum, Caprylyl Glycol, Chlorphenesin, Phenoxyethanol, Ethylhexylglycerin.'),
	('C2286737', 'CC Crme High Definition Radiance Face Cream Skin', 54621, 1291, 3.300000, 28, '07cm L x 27cm W x 04cm H', '-', 'cosmetic', 'ERBORIAN', 'Water, Cyclomethicone, Dipropylene Glycol, Glycerin, Peg-10 Dimethicone, Methyl Trimethicone, C12-15 Alkyl Benzoate, Dimethicone, Ci 77492/Iron Oxides, Disteardimonium Hectorite, Magnesium Sulfate, Vinyl Dimethicone/Methicone Silsesquioxane Crosspolymer, Centella Asiatica Extract, Mel/Honey Extract, Mica, Talc, Trihydroxystearin, Butylene Glycol, Polyester-1, Aluminum Hydroxide, Silica Dimethyl Silylate, Palmitic Acid, Stearic Acid, Tocopheryl Acetate, Ethylhexylglycerin, Phenoxyethanol, Methicone, Dimethicone/Vinyl Dimethicone Crosspolymer, Fragrance, Hexyl Cinnamal, Alpha-Isomethyl Ionone, Linalool, Citronellol, Geraniol, Eugenol, Limonene, Ci 77491/Iron Oxides, Ci 77499/Iron Oxides.'),
	('C2361926', 'Lapis Oil Balancing Facial Oil', 915845, 1583, 4.900000, 38, '48cm L x 74cm W x 32cm H', '-', 'cosmetic', 'HERBIVORE', 'Amaranthus Squalane Oil, Simmondsia Chinensis (Jojoba) Seed Oil, Capric Triglycerides (Fractionated Coconut Oil), Aleurites Moluccana (Kukui) Nut Oil, Tocopherol (Vitamin E), Tanacetum Annuum (Blue Tansy) Leaf Oil, Jasminum Sambac (Jasmine) Absolute, Rosa Damascena (Moroccan Rose) Absolute.'),
	('C2455415', 'Crme de la Mer Mini', 101096, 1917, 3.900000, 98, '60cm L x 92cm W x 96cm H', '-', 'cosmetic', 'LA MER', 'Algae (Seaweed) Extract, Mineral Oil, Petrolatum, Glycerin, Isohexadecane, Microcrystalline Wax, Lanolin Alcohol, Citrus Aurantifolia (Lime) Extract, Sesamum Indicum (Sesame) Seed Oil, Eucalyptus Globulus (Eucalyptus) Leaf Oil, Sesamum Indicum (Sesame) Seed Powder, Medicago Sativa (Alfalfa) Seed Powder, Helianthus Annuus (Sunflower) Seedcake, Prunus Amygdalus Dulcis (Sweet Almond) Seed Meal, Sodium Gluconate, Copper Gluconate, Calcium Gluconate, Magnesium Gluconate, Zinc Gluconate, Magnesium Sulfate, Paraffin, Tocopheryl Succinate, Niacin, Water, Beta-Carotene, Decyl Oleate, Aluminum Distearate, Octyldodecanol, Citric Acid, Cyanocobalamin, Magnesium Stearate, Panthenol, Limonene, Geraniol, Linalool, Hydroxycitronellal, Citronellol, Benzyl Salicylate, Citral, Sodium Benzoate, Alcohol Denat., Fragrance.'),
	('C2461150', 'Moisture Surge 72-Hour Auto-Replenishing Hydrator', 723662, 999, 2.500000, 10, '22cm L x 19cm W x 35cm H', '-', 'cosmetic', 'CLINIQUE', 'Water , Dimethicone , Butylene Glycol , Glycerin , Trisiloxane , Trehalose , Sucrose , Ammonium Acryloyldimethyltaurate/Vp Copolymer , Hydroxyethyl Urea , Camellia Sinensis (Green Tea) Leaf Extract , Silybum Marianum (Lady\'S Thistle) Extract , Betula Alba (Birch) Bark Extract , Saccharomyces Lysate Extract , Aloe Barbadensis Leaf Water , Thermus Thermophillus Ferment , Caffeine , Sorbitol , Palmitoyl Hexapeptide-12 , Sodium Hyaluronate , Caprylyl Glycol , Oleth-10 , Sodium Polyaspartate , Saccharide Isomerate , Hydrogenated Lecithin , Tocopheryl Acetate , Acrylates/C10-30 Alkyl Acrylate Crosspolymer , Glyceryl Polymethacrylate , Tromethamine , Peg-8 , Hexylene Glycol , Magnesium Ascorbyl Phosphate , Disodium Edta , Bht , Phenoxyethanol , Red 4 (Ci 14700) , Yellow 5 (Ci 19140)'),
	('C2638392', 'Rose Deep Hydration Moisturizer', 268128, 1205, 2.600000, 39, '32cm L x 35cm W x 74cm H', '-', 'cosmetic', 'FRESH', 'Water, Glycerin, EthylhexylIsononanoate, Butylene Glycol, Pentylene Glycol, Propanediol,Caprylyl Methicone, Isostearyl Isostearate, Dimethicone, BehenylAlcohol, Nylon-6/12, Steareth-2, Xanthan Gum, PrunusDomestica Seed Oil, Rosa Damascena Flower Water, Algin,Angelica Keiskei Extract, Acacia Senegal Gum, Cucumis Sativus(Cucumber) Fruit Extract, Rosa Damascena Flower Oil, SodiumHyaluronate, Tocopheryl Acetate, Ammonium Acryloyldimethy-ltaurate/VP Copolymer, Steareth-21, Polyacrylamide, C13-14Isoparaffin, Acrylates/C10-30 Alkyl Acrylate Crosspolymer, Tromethamine, Dimethiconol, Laureth-7, Tetrasodium EDTA,Caprylic/Capric Triglyceride, BHT, Caramel, Serine, Fragrance, Phenoxyethanol, Citronellol, Geraniol.'),
	('C2774051', 'Ceramidin Cream', 694433, 921, 3.900000, 91, '83cm L x 08cm W x 71cm H', '-', 'cosmetic', 'DR. JART+', 'Water, Glycerin, Dipropylene Glycol, Cetearyl Alcohol, Caprylic/Capric Triglyceride, Hydrogenated Poly(C6-14 Olefin), Hydrogenated Polydecene, Methyl Trimethicone, 1, 2-Hexanediol, Bifida Ferment Lysate, Phenyl Trimethicone, Vegetable Oil, Butyrospermum Parkii (Shea) Butter, Glyceryl Stearate SE, Ceramide NP, Stearic Acid, Algae Extract, Eclipta Prostrata Leaf Extract, Cetearyl Glucoside, Hydrogenated Lecithin, Microcrystalline Cellulose, Butylene Glycol, C12-16 Alcohols, Ammonium Acryloyldimethyltaurate/VP Copolymer, Malt Extract, Beta Vulgaris (Beet) Root Extract, Melia Azadirachta Flower Extract, Melia Azadirachta Leaf Extract, Throbroma Caco (Cocoa) Seed Extract, Curuma Longa (Turmeric) Root Extract, Ocimum Sanctum Leaf Extract, Amaranthus Caudatus Seed Extract, Ulmus Davidiana Root Extract, Avena Sativa (Oat) Kernel Extract, Cynara Scolymus (Artichoke) Leaf Extract, Pteris Multifida Extract, Artemisia Vulgaris Extract, Corallina Officinalis Extract, Pyracantha Fortuneana Fruit Extract, Glycerly Polymethacrylate, Cholesterol, Citrus Aurantium Bergamia (Bergamot) Fruit Oil, Hydrolyzed Corn Starch, Sodium Hyaluronate, Pelargonium Graveolens Flower Oil, Fructooligosaccharides, Beta-Glucan, Dextrin, Disodium EDTA, Panthenol, Polyquaternium-51, Raffinose, Hydrolyzed Hyaluronic Acid, Folic Acid, Salvia Officinalis (Sage) Oil, Pogostemon Cablin Oil, Tromethamine, Ceramide AP, Ceramide AS, Ceramide NS, Palmitoyl Pentapeptide-4, Ceramide EOP.'),
	('C2806395', 'Secret Sauce Clinically Advanced Miraculous Anti-Aging Moisturizer', 288117, 1357, 3.300000, 42, '75cm L x 82cm W x 66cm H', '-', 'cosmetic', 'IT COSMETICS', 'Water, Butylene Glycol, Cetyl Ethylhexanoate, Glycerin, Caprylic/Capric Triglyceride, Tribehenin Peg-20 Esters, Olea Europaea (Olive) Fruit Oil, Hydrogenated Polyisobutene, Glyceryl Stearate, Palmitic Acid, Sodium Acrylate/Sodium Acryloyldimethyl Taurate Copolymer, Stearic Acid, Dimethicone, Isohexadecane, Phenoxyethanol, Tocopheryl Acetate, Chlorphenesin, Tromethamine, Acrylates/C10-30 Alkyl Acrylate Crosspolymer, Polysorbate 80, Ethylhexylglycerin, Caprylyl Glycol, Sorbitan Oleate, Fragrance, Disodium Edta, Myristic Acid, Squalane, Ascorbic Acid, Colloidal Oatmeal, Cholesteryl Oleyl Carbonate, Niacinamide, Lactobacillus/Pumpkin Ferment Extract, Polymethylsilsesquioxane, Aloe Barbadensis Leaf Extract, Lactobacillus/Dipteryx Odorata Seed Ferment Filtrate, Camellia Sinensis Leaf Extract, Tocopherol, Panax Ginseng Root Extract, Sodium Hyaluronate, Cholesteryl Nonanoate, Cholesteryl Isostearate, Cholesteryl Chloride, Saccharum Officinarum (Sugar Cane) Extract, Cocos Nucifera (Coconut) Fruit Extract, Curcuma Longa (Turmeric) Root Extract, Vegetable Oil, Sophora Japonica Flower Extract, Aspergillus/Saccharomyces/Rice Ferment Filtrate, Peg-40 Hydrogenated Castor Oil, Glycyrrhiza Glabra (Licorice) Root Extract, Retinyl Palmitate, 1,2-Hexanediol, Steareth-20, Leuconostoc/Radish Root Ferment Filtrate, Hizikia Fusiforme Extract, Chlorella Minutissima Extract, Spirulina Platensis Extract, Codium Fragile Extract, Ulva Lactuca Extract, Fucus Vesiculosus Extract, Laminaria Saccharina Extract, Gelidium Cartilagineum Extract, Macrocystis Pyrifera Extract, Laminaria Digitata Extract, Lactobacillus/Algae Extract Ferment, Codium Tomentosum Extract, Sargassum Muticum Extract, Pikea Robusta Extract, Algae Extract, Agarum Cribosum Extract, Hydrolyzed Algae Extract, Laminaria Japonica Extract, Hydrolyzed Ulva Lactuca Extract, Porphyra Yezoensis Extract, Chlorella Ferment, Ecklonia Cava Extract, Enteromorpha Compressa Extract, Haematococcus Pluvialis Extract, Dunaliella Salina Extract, Undaria Pinnatifida Extract, Laminaria Cloustoni Extract, Sargassum Fulvellum Extract, Salicornia Herbacea Extract, Hypnea Musciformis Extract, Jania Rubens Extract, Citric Acid, Aspergillus/Rice Ferment Extract, Polysorbate 20, Rice Ferment Filtrate (Sake), N-Hydroxysuccinimide, Chamomilla Recutita (Matricaria) Flower Water, Lactobacillus/Centella Asiatica/Gleditsia Sinensis Thorn/Houttuynia Cordata Extract/Phellodendron Amurense Bark/Polygonum Cuspidatum Root/Prunella Vulgaris/Torilis Japonica Extract Ferment Filtrate, Phaseolus Angularis Seed Extract, Saccharomyces/Camellia Sinensis Extract Ferment Filtrate, Lactobacillus Ferment, Lactobacillus/Rice Ferment Filtrate, Bacillus/Cordyceps Sinensis/Ganoderma Lucidum/Inonotus Obliquus/Lentinus Edodes/Phellinus Linteus/Schizophyllum Commune/Tricholoma Matsutake Extract Ferment Filtrate, Carbomer, Hydrolyzed Collagen, Algae Oligosaccharides, Macrocystis Pyrifera (Kelp) Protein, Diamond Powder, Potassium Sorbate, Acetyl Hexapeptide-8, Palmitoyl Pentapeptide-4, Palmitoyl Oligopeptide, Chrysin, Palmitoyl Tetrapeptide-7, Chlorhexidine Digluconate.'),
	('C2961741', 'GLOWSTARTER Mega Ill', 806499, 1348, 4.200000, 37, '55cm L x 89cm W x 69cm H', '-', 'cosmetic', 'GLAMGLOW', 'Water, Dimethicone, Butylene Glycol, Cetyl Ricinoleate, Trisiloxane, Glyceryl Stearate Se, Glyceryl Stearate, Peg-100 Stearate, Simmondsia Chinensis (Jojoba) Seed Oil, Butyrospermum Parkii (Shea) Butter, Cetyl Esters, Cetyl Alcohol, Glycerin, Tocopheryl Acetate, Sodium Hyaluronate, Algae Extract, Camellia Sinensis (Green Tea) Leaf Extract, Cucumis Sativus (Cucumber) Fruit Extract, Pyrus Malus (Apple) Fruit Extract, Saccharomyces Lysate Extract, Scutellaria Baicalensis Root Extract, Caffeine, Cholesterol, Ceramide Ng, Isohexadecane, Synthetic Fluorphlogopite, Tin Oxide, Sucrose, Panthenol, Polysorbate 80, Xanthan Gum, Caprylyl Glycol, Hexylene Glycol, Citric Acid, Linoleic Acid, Acrylamide/Sodium Acryloyldimethyltaurate Copolymer, Magnesium Ascorbyl Phosphate, Fragrance, Citral, Linalool, Limonene, Disodium Edta, Sodium Citrate, Phenoxyethanol, [+/- Mica, Titanium Dioxide (Ci 77891), Iron Oxides (Ci 77491), Red 4 (Ci 14700), Yellow 5 (Ci 19140), Iron Oxides (Ci 77499), Iron Oxides (Ci 77492)]'),
	('C3001019', 'The True Cream Moisturizing Bomb', 172879, 788, 3.500000, 37, '26cm L x 58cm W x 74cm H', '-', 'cosmetic', 'BELIF', 'Water, Glycerin, Cyclohexasiloxane, Hydrogenated Polydecene, Dipropylene Glycol, Macadamia Ternifolia Seed Oil, 1,2-Hexanediol, Bis-PEG-18 Methyl Ether Dimethyl Silane, Triethylhexanoin, Stearyl Alcohol, Glyceryl Stearate, Pentaerythrityl Tetraethylhexanoate, PEG-40 Stearate, Saccharomyces/Viscum Album (Mistletoe) Ferment Extract, Lactobacillus/Soybean Ferment Extract, Saccharomyces/Imperata Cylindrica Root Ferment Extract, Cetearyl Alcohol, Ceteayl Olivate, Sorbitan Olivate, Hydrogenated Lecithin, Sorbitan Stearate, Stearic Acid, PEG-100 Stearate, Dimethicone, Dimethicone/Vinyl Dimethicone Crosspolymer, Poncirus Trifoliata Fruit Extract, Panthenol, *Avena Sativa (Oat) Kernel Extract, *Calendula Officinalis Flower Extract, *Nepeta Cataria Extract, *Rubus Idaeus (Raspberry) Leaf Extract, *Baptisia Tinctoria Root Extract, *Stellaria Media (Chickweed) Extract, **Alchemilla Vulgaris Leaf Extract, **Viola Tricolor Extract, **Rosa Damascena Flower Extract, **Spiraea Ulmaria Flower Extract, **Althaea Officinalis Root Extract, Symphytum Officinale Leaf Extract, Trifolium Pratense (Clover) Flower Extract, Achillea Millefolium Flower Extract, Euphrasia Officinalis Extract, Thuja Occidentalis Leaf Extract, Menyanthes Trifoliata Leaf Extract, Salix Alba (Willow) Bark Extract, Chelidonium Majus Extract, Urea, Hydroxyethylpiperazine Ethane Sulfonic Acid, Glycosyl Trehalose, Hydrogenated Starch Hydrolysate, Acrylates/C10-30 Alkyl Acrylate Crosspolymer, Carbomer, Xanthan Gum, Trisodium EDTA, Tromethamine, ***Frgrance, Citronnellol, Limonene. *Napiers Original Formula. **Napiers Moisture Formula. ***Fragrances of Natural Origin.'),
	('C3025801', 'Adaptogen Deep Moisture Cream', 508401, 1388, 4.800000, 77, '93cm L x 43cm W x 42cm H', '-', 'cosmetic', 'YOUTH TO THE PEOPLE', 'Purified Water, Helianthus Annuus (Sunflower) Oil, Octyl Palmitate, Glyceryl Stearate, Propanediol, Stearic Acid, Rhodiola Rosea, Ocimum Tenuiflorum (Holy Basil), Withania Somnifera (Ashwagandha), Ganoderma Lucidum (Reishi Mushroom), Aloe Barbadensis Leaf Juice, Glyceryl Mono Laurate, Squalane (Olive), Phenoxyethanol, Simmondsia Chineses (Jojoba) Seed Oil, Pentapeptide-59, Hydrogenated Lecithin, Butyrospermum Parkii (Shea) Butter, Phenethyl Alcohol, Ethylhexylglycerin, Maltodextrin, Carbomer, Mixed Tocopherols, Ethylhexylglycerin, Allantoin, Panthenol, Prunus Amygdalus Dulcis (Sweet Almond) Oil, Borago Officinalis (Borage) Oil, Caramel Color, Xanthan Gum.'),
	('C3091750', 'Little Miss Miracle Limited-Edition Crme de la M', 262505, 906, 2.500000, 14, '14cm L x 76cm W x 48cm H', '-', 'cosmetic', 'LA MER', 'Algae (Seaweed) Extract, Mineral Oil, Petrolatum, Glycerin, Isohexadecane, Microcrystalline Wax, Lanolin Alcohol, Citrus Aurantifolia (Lime) Extract, Sesamum Indicum (Sesame) Seed Oil, Eucalyptus Globulus (Eucalyptus) Leaf Oil, Sesamum Indicum (Sesame) Seed Powder, Medicago Sativa (Alfalfa) Seed Powder, Helianthus Annuus (Sunflower) Seedcake, Prunus Amygdalus Dulcis (Sweet Almond) Seed Meal, Sodium Gluconate, Copper Gluconate, Calcium Gluconate, Magnesium Gluconate, Zinc Gluconate, Magnesium Sulfate, Paraffin, Tocopheryl Succinate, Niacin, Water, Beta-Carotene, Decyl Oleate, Aluminum Distearate, Octyldodecanol, Citric Acid, Cyanocobalamin, Magnesium Stearate, Panthenol, Limonene, Geraniol, Linalool, Hydroxycitronellal, Citronellol, Benzyl Salicylate, Citral, Sodium Benzoate, Alcohol Denat., Fragrance.'),
	('C3112772', 'C.E.O. C + E antiOXIDANT Protect + Repair Moisturizer', 922128, 1675, 4.400000, 24, '39cm L x 45cm W x 11cm H', '-', 'cosmetic', 'SUNDAY RILEY', 'Water, Squalane, Tetrahexyldecyl Ascorbate (Vitamin C), Dicaprylyl Carbonate, C10-18 Triglycerides, PEG-8 Beeswax, Hydrogenated Vegetable Oil, Tapioca Starch, PPG-12 SMDI Copolymer, Polyglyceryl-6 Distearate, Jojoba Esters, Cetyl Alcohol, Sodium Acrylates Copolymer, Polyglyceryl-3 Beeswax, Lecithin, Glycerin, Microcitrus Australasica Fruit (Lime Pearl) Extract, Butylene Glycol, Alteromonas Ferment Extract (Exopolysaccharides), Phenoxyethanol, Terminalia Ferdinandiana Fruit (Kakadu Plum) Extract, Bisabolol, Chlorphenesin, Caprylyl Glycol, Polymethylsilsesquioxane, Nylon-12, Citrus Reticulata (Tangerine) Peel Oil, Citric Acid, Sodium Phytate, Tocopherol, Sodium Hyaluronate, Fragrance, Rosa Centifolia Flower Wax, Rosa Damascena Flower Wax, Alcohol Denat (found in botanical extracts), Caprylic/Capric Triglyceride, Curcuma Longa (Turmeric) Root Extract, Citrus Junos Fruit (Yuzu) Extract, Lippia Citriodora Flower (Lemon Verbena) Extract, Euterpe Oleracea (Acai) Fruit, Butyrospermum Parkii (Shea) Butter Extract, Rosa Canina Fruit (Rosehips)Extract, Oenothera Biennis (Evening Primrose) Seed Extract, Camellia Sinensis Leaf (Oolong Tea).'),
	('C3115074', 'Pure One Step Camellia Cleansing Oil', 75487, 746, 4.400000, 35, '70cm L x 17cm W x 54cm H', '-', 'cosmetic', 'TATCHA', 'Cetyl Ethylhexanoate, Oryza Sativa (Rice) Bran Oil, Polyglyceryl-10 Dioleate, Polyglyceryl-2 Sesquicaprylate, Camellia Japonica Seed Oil, Camellia Sinensis (Green Tea) Leaf Extract, Algae Extract, Water, Glyceryl Behenate/Eicosadioate, Glycerin, Ethylhexylglycerin, Fragrance (Natural), Alcohol, Phenoxyethanol.'),
	('C3127414', 'Seaberry Moisturizing Face Oil', 709691, 1231, 4.200000, 83, '86cm L x 91cm W x 45cm H', '-', 'cosmetic', 'FRESH', 'Vitis Vinifera (Grape) Seed Oil, Camellia Oleifera Seed Oil, Prunus Amygdalus Dulcis (Sweet Almond) Oil, Hippophae Rhamnoides Oil, Ros- marinus Officinalis (Rosemary) Leaf Extract, Vaccinium Macrocarpon (Cran- berry) Seed Oil, Tocopheryl Acetate, Tocopherol, Ascorbyl Tetraisopalmitate, Parfum (Fragrance), BHT, Linalool, Limonene, Citral, Coumarin, Geraniol.'),
	('C3537063', 'Color Control Cushion Compact Broad Spectrum SPF 50+', 637641, 501, 4.200000, 51, '39cm L x 66cm W x 36cm H', '-', 'cosmetic', 'AMOREPACIFIC', 'Phyllostachis Bambusoides Juice, Cyclopentasiloxane, Cyclohexasiloxane, Peg-10 Dimethicone, Phenyl Trimethicone, Butylene Glycol, Butylene Glycol Dicaprylate/Dicaprate, Alcohol, Arbutin, Lauryl Peg-9 Polydimethylsiloxyethyl Dimethicone, Acrylates/Ethylhexyl Acrylate/Dimethicone Methacrylate Copolymer, Polyhydroxystearic Acid, Sodium Chloride, Polymethyl Methacrylate, Aluminium Hydroxide, Stearic Acid, Disteardimonium Hectorite, Triethoxycaprylylsilane, Ethylhexyl Palmitate, Lecithin, Isostearic Acid, Isopropyl Palmitate, Phenoxyethanol, Polyglyceryl-3 Polyricinoleate, Acrylates/Stearyl Acrylate/Dimethicone Methacrylate Copolymer, Dimethicone, Disodium Edta, Trimethylsiloxysilicate, Ethylhexyglycerin, Dimethicone/Vinyl Dimethicone Crosspolymer, Water, Silica, Camellia Japonica Seed Oil, Camillia Sinensis Leaf Extract, Caprylyl Glycol, 1,2-Hexanediol, Fragrance, Titanium Dioxide, Iron Oxides (Ci 77492, Ci 77491, Ci77499).'),
	('C3874683', 'The True Cream Aqua Bomb', 668862, 588, 4.400000, 14, '13cm L x 40cm W x 23cm H', '-', 'cosmetic', 'BELIF', 'Water, Dipropylene Glycol, Glycerin, Methl Trimethicone, Alcohol Denat, Dimethicone, Cyclopentasiloxane, 1,2-Hexanediol, Malakite Extract, Caprylic/Capric Triglyceride, Pentaerythrityl Tetraethylhexanoate, PEG/PPG/Polybutylene Glycol-8/5/3 Glycerin, Alchemilla Vulgaris Leaf Extract*, Equisetum Arvense Leaf Extract*, Stellaria Media (Chickweed) Extract*, Urtica Dioica (Nettle) Leaf Extract*, Plantago Lanceolata Leaf Extract*, Avena Sativa (Oat) Kernel Extract**, Calendula Officinalis Flower Extract**, Nepeta Cataria Extract**, Rubus Idaeus (Raspberry) Leaf Extract**, Baptisia Tinctoria Root Extract**, Dimethiconol, Polymethylsilsesquioxane, Sodium Acrylate/Acryloyldimethyltaurate/Dimethylacrylamide Crosspolymer, Isohexadecane, Polysorbate 60, Ceramide 3, Cholesterol, Butyrospermum Parkii (Shea) Butter, Phenl Trimethicone, Pentaerythrityl Tetraisostearate, Panthenol, Squalane, Triethylhexanoin, Macadamia Ternifolia Seed Oil, PEG-150, PEG-40 Hydrogenated Castor Oil, Acrylates/C10-30 Alkyl Acrylate Crosspolymer, C14-22 Alcohols, Arachidyl Glucoside, Hydrogenated Lecithin, PEG-100 Stearate, Stearic Acid, Glyceryl Stearate, Carbomer, Tromethamine, Trisodium EDTA, Fragrance+, Citronellol, Limonene, Citral, Geraniol, Linalool. *Napiers aqua formula. **Napiers original formula. +Fragrances of natural origin.'),
	('C3945961', 'COMPLEXION RESCUE Ti', 146253, 1515, 3.200000, 93, '91cm L x 37cm W x 90cm H', '-', 'cosmetic', 'BAREMINERALS', 'Water, Coconut Alkanes, Propanediol, Squalane, Trehalose, Isostearic Acid, Glycerin, Silica, Agar, Caprylic/Capric Triglyceride, Globularia Cordifolia Callus Culture Extract, Salicornia Herbacea Extract, Melilotus Officinalis Extract, Coco-Caprylate/Caprate, Butylene Glycol, Lauroyl Lysine, Sodium Hyaluronate, Succinoglycan, Polysorbate 60, Cellulose Gum, Polyglyceryl-4 Laurate/Succinate, Sorbitan Sesquiisostearate, Magnesium Stearate, Magnesium Hydroxide, Magnesium Chloride, Potassium Chloride, Calcium Chloride, Potassium Sorbate, Phenoxyethanol. May Contain: Titanium Dioxide, Iron Oxides.'),
	('C4300053', 'Crme Ancienne', 252235, 1009, 3.900000, 81, '48cm L x 28cm W x 10cm H', '-', 'cosmetic', 'FRESH', 'Limnanthes Alba (Meadowfoam) Seed Oil, Water, Cera Alba (Beeswax), Pentylene Glycol, Prunus Amygdalus Dulcis (Sweet Almond) Oil, Citrus Limon (Lemon) Peel Oil, Osmanthus Fragrans Flower Extract, Rosa Damascena Flower Water, Anthemis Nobilis Flower Oil, Ormenis Multicaulis Flower Wax, Tocopherol, Sodium Carbonate, Limonene, Citronellol, Geraniol, Citral.'),
	('C4309847', 'Goodnight Glow Retin-ALT Sleeping Crme', 323336, 1204, 4.100000, 14, '72cm L x 53cm W x 14cm H', '-', 'cosmetic', 'OLEHENRIKSEN', 'Water, Glycerin, Vitis Vinifera (Grape) Seed Oil, C12-15 Alkyl Benzoate, Dicaprylyl Carbonate, Butyrospermum Parkii (Shea) Butter, Cetearyl Alcohol, Lactic Acid, Glycolic Acid, Glyceryl Stearate, Potassium Hydroxide, Propanediol, Polysorbate 60, Panthenol, Dimethicone, Cetyl Alcohol, Parfum/Fragrance, Sodium Acrylate/Sodium Acryloyldimethyl Taurate Copolymer, Hydroxyacetophenone, Bakuchiol, Leontopodium Alpinum Callus Culture Extract, Isohexadecane, Linoleic Acid, Peg-75 Stearate, Phenoxyethanol, Cetearyl Glucoside, Polysorbate 80, Steareth-20, Ceteth-20, Linolenic Acid, Xanthan Gum, Citric Acid, Ethylhexylglycerin, Enteromorpha Compressa Extract, Sorbitan Oleate, Santalum Album (Sandalwood) Extract, Chamomilla Recutita (Matricaria) Flower Extract, Saccharum Officinarum (Sugar Cane) Extract, Citrus Limon (Lemon) Fruit Extract, Glycyrrhiza Glabra (Licorice) Root Extract, Leuconostoc/Radish Root Ferment Filtrate, Sodium Phytate, Silybum Marianum Fruit Extract, Ocimum Sanctum Leaf Extract, Tocopherol, Violet 2 (Ci 60730), Red 4 (Ci 14700), Limonene, Linalool, Citral.'),
	('C4385093', 'Rose Gold Elixir ', 99205, 929, 2.900000, 56, '44cm L x 37cm W x 00cm H', '-', 'cosmetic', 'FARS', 'Rosa Rubiginosa (Rosehip) Seed Oil, Carthamus Tinctorius (Safflower) Seed Oil, Cucurbita Pepo (Pumpkin) Seed Oil, Gold, Cymbopogon Flexuosus (Lemongrass) Oil, Citrus Aurantium Dulcis (Orange) Peel Oil, Tocopheryl Acetate (Vitamin E).'),
	('C4400880', 'Charlotte\'s Magic Cream', 320166, 1821, 4.800000, 99, '05cm L x 58cm W x 25cm H', '-', 'cosmetic', 'CHARLOTTE TILBURY', 'Water, Homosalate , Glyceryl Stearate SE, Ethylhexyl Salicylate, Butylene Glycol, Glycerin, Butyl Methoxydibenzoylmethane, Octocrylene, Cetyl Alcohol, C12-15 Alkyl Benzoate, Cyclopentasiloxane, Dimethicone, Phenoxyethanol, Butyrospermum Parkii (Shea) Butter, Steareth-21, Avena Sativa (Oat) Kernel Extract, Carbomer, Dimethiconol, Potassium Cetyl Phosphate, Chlorphenesin, Caprylyl Glycol, Xanthan Gum, Hydrolyzed Viola Tricolor Extract, Allantoin, Aloe Barbadensis Leaf Juice, Disodium Edta, Tocopheryl Acetate, Camellia Oleifera Seed Oil, Rosa Canina Fruit Oil, Rosa Damascena Flower Water, Sodium Hydroxide, Helianthus Annuus (Sunflower) Seed Oil, Michelia Alba Leaf Oil, Sodium Lactate, Coco-Glucoside, PEG-8, Ethylhexylglycerin, Sodium Hyaluronate, Tocopherol, Palmitoyl Oligopeptide, Palmitoyl Tetrapeptide-7, Ascorbyl Palmitate, Plumeria Rubra Flower Extract, Ascorbic Acid, Citric Acid, Nicotiana Sylvestris Leaf Cell Culture, Linalool, Citronellol, Geraniol.'),
	('C4794436', 'Virgin Marula Luxury Facial Oil', 242730, 556, 4.200000, 5, '55cm L x 90cm W x 40cm H', '-', 'cosmetic', 'DRUNK ELEPHANT', '100% Unrefined Sclerocraya Birrea (Marula) Kernel Oil.'),
	('C5151886', 'Midnight Recovery Concentrate', 964444, 1863, 4.700000, 47, '52cm L x 80cm W x 88cm H', '-', 'cosmetic', 'KIEHL\'S SINCE 1851', 'Caprylic/Capric Triglyceride Dicaprylyl Carbonate Squalane Rosa Canina Fruit Oil Oenothera Biennis Oil, Evening Primrose Oil Simmondsia Chinensis Oil, Jojoba Seed Oil Coriandrum Sativum Oil, Coriander Seed Oil Tocopherol Lavandula Angustifolia Oil, Lavender Oil Pelargonium Graveolens Flower Oil Linalool Rosmarinus Officinalis Leaf Oil, Rosemary Leaf Oil Citronellol Geraniol Lavandula Hybrida Oil Cucumis Sativus Extract, Cucumber Fruit Extract Curcuma Longa Extract, Turmeric Root Extract Limonene Citral Sclareolide Rosa Spp, Rose Flower Oil Jasminum Officinale Extract, Jasmine Extract Helianthus Annuus Seed Oil, Sunflower Seed Oil.'),
	('C5237960', 'Vinosource Moisturizing Sorbet', 633186, 1785, 3.000000, 29, '56cm L x 12cm W x 70cm H', '-', 'cosmetic', 'CAUDALIE', 'Water, Vitis Vinifera (Grape) Fruit Water*, Dicaprylyl Ether*, Glycerin*, Butyrospermum Parkii (Shea Butter) Extract*, Hexyldecanol*, Hexyldecyl Laurate*, Behenyl Alcohol*, Glyceryl Stearate*, Erythritol, Acrylates/C10-30 Alkyl Acrylate Crosspolymer, Parfum (Fragrance), Tocopherol*, Lecithin*, Caprylyl Glycol, Mannitol*, Sodium Benzoate, Xanthan Gum, Palmitoyl Grape Seed Extract*, Vitis Vinifera (Grape) Juice*, Sodium Hydroxide, Glycine Soja (Soybean) Sterols*, Butylene Glycol, Sodium Citrate, Citric Acid, Chamomilla Recutita (Matricaria) Flower Extract*, Sodium Carboxymethyl Betaglucan, Sodium Phytate*, Potassium Sorbate, Biosaccharide Gum-1, Sodium Hyaluronate, Homarine Hcl, Glyceryl Caprylate*, Acetyl Tetrapeptide-15. *Plant origin.'),
	('C5361543', 'Tidal Brightening Enzyme Water Cream', 194293, 1043, 2.100000, 34, '74cm L x 09cm W x 83cm H', '-', 'cosmetic', 'SUNDAY RILEY', 'Water, Hydrolyzed Jojoba Esters, Glycerin, Caprylic/Capric Triglyceride,Propanediol, Sodium Hyaluronate Crosspolymer, Pentylene Glycol, Tamarindus Indica(Tamarind) Seed Gum, Ethyl Macadamiate, Sodium Acrylates Copolymer (and) Lecithin, Isododecane, Adipic Acid/Neopentyl Glycol Crosspolymer, Lauryl Dimethicone, Hydrogenated Polyisobutene, Strelitzia Nicolai (Bird of Paradise flower) Seed Aril Extract, Alpha-Arbutin, Aesculus Hippocastanum (Horse Chestnut) seed extract, Hydrolyzed Hyaluronic Acid, Allantoin, Papain (and) Carbomer 1 (and) 2-Hexanediol (and) Caprylyl Glycol (and) Algin, Cucumis Sativus (Cucumber) Extract, Melia Azadirachta (Neem) Leaf Extract (and) Melia Azadirachta Flower (Neem) Extract (and) Mimosa Terniflora Extract (and) Amber Extract (and) Coccinia Indica Fruit Extract (and) Solanum Melongena (Eggplant) Fruit Extract, Aloe Barbadensis Flower Extract (and) Lawsonia Inermis Extract (and) Ocimum Sanctum Leaf (Holy Basil) Extract, Pearl Powder, Synthetic Fluorphlogopite, Titanium Dioxide, Phenoxyethanol, Chlorphenesin.'),
	('C5403684', 'Confidence in a Cream', 938493, 779, 3.900000, 25, '82cm L x 35cm W x 39cm H', '-', 'cosmetic', 'IT COSMETICS', 'Water, Butylene Glycol, Cyclopentasiloxane, Glycerin, Butylene Glycol Dicaprylate/Dicaprate, Ethylhexyl Isononanoate, Hydrogenated Polyisobutene, Caprylic/Capric/Myristic/Stearic Triglyceride, Glyceryl Stearate, Peg-100 Stearate, Polyglyceryl-3 Methylglucose Distearate, Stearyl Behenate, Dimethicone, Pentaerythrityl Tetraethylhexanoate, Biosaccharide Gum-1, Dimethicone/Vinyl Dimethicone Crosspolymer, Cetearyl Alcohol, Palmitic Acid, Stearic Acid, Polyethylene, Peg/Ppg-20/15 Dimethicone, Phenyl Methicone, Portulaca Oleracea Extract, Cocos Nucifera (Coconut) Oil, Aloe Barbadensis Leaf Extract, Butyrospermum Parkii (Shea) Butter, Hydroxyethyl Acrylate/Sodium Acryloyldimethyl Taurate Copolymer, Sodium Hyaluronate, Hydrogenated Lecithin, Polyquaternium-51, Niacinamide, Hydrolyzed Collagen, Camellia Sinensis Leaf Extract, Tocopheryl Acetate, Carbomer, Peg-150 Distearate, Ceramide Ap, Glycosphingolipids, Glyceryl Polymethacrylate, Meadowfoam Estolide, Sorbitan Isostearate, Squalane, Palmitoyl Pentapeptide-4, Polysorbate 20, Steareth-20, N-Hydroxysuccinimide, Chrysin, Palmitoyl Tripeptide-1, Palmitoyl Tetrapeptide-7, Polysorbate 60, Aleuritic Acid, Yeast Extract, Glycoproteins, Betaine, Hydrogenated Polydecene, Ceramide Np, Allantoin, Colloidal Oatmeal, Retinyl Retinoate, Polylactic Acid, Canola Oil, Cholesteryl Nonanoate, Ascorbyl Tetraisopalmitate, Glycyrrhiza Glabra (Licorice) Root Extract, Chamomilla Recutita (Matricaria) Flower Water, Curcuma Longa (Turmeric) Root Extract, Leuconostoc/Radish Root Ferment Filtrate, Eruca Sativa Leaf Extract, Glyceryl Citrate/Lactate/Linoleate/Oleate, Ceteareth-20, Hydroxypropyl Bispalmitamide Mea, Glycine Soja (Soybean) Sterols, Melaleuca Alternifolia (Tea Tree) Leaf Oil, Phytosteryl/Isostearyl/Cetyl/Stearyl/Behenyl Dimer Dilinoleate, Santalum Album (Sandalwood) Oil, Chamomilla Recutita (Matricaria) Flower Oil, Caprylhydroxamic Acid, Cetearyl Glucoside, Glucose, Stearyl Stearate, Tromethamine, Citric Acid, 1,2-Hexanediol, Chlorhexidine Digluconate, Potassium Sorbate, Dipropylene Glycol, Lavandula Angustifolia (Lavender) Oil, Citrus Paradisi (Grapefruit) Peel Oil, Cymbopogon Citratus Leaf Oil, Pelargonium Graveolens Oil, Citrus Aurantium Dulcis (Orange) Peel Oil, Pogostemon Cablin Oil, Citrus Aurantium Bergamia (Bergamot) Fruit Oil, Ethylhexylglycerin, Caramel, Disodium EDTA, Phenoxyethanol, Caprylyl Glycol, Limonene, Linalool.'),
	('C5575519', 'Honey Drop Lightweight Moisturizer with Echinacea GreenEnvy', 800581, 655, 2.900000, 44, '03cm L x 71cm W x 10cm H', '-', 'cosmetic', 'FARMACY', 'Water, Glycereth-26, Glycerin, C13-15 Alkane, Echinacea Purpurea Root Extract, Honey Extract, Propolis Extract, Royal Jelly Extract, Hydrolyzed Hyaluronic Acid, Hydrolyzed Sodium Hyaluronate, Sodium Hyaluronate, Theobroma Grandflorum Seed Butter, Limnanthes Alba (Meadowfoam) Seed Oil, Camellia Japonica Seed Oil, Paeonia Suffruticosa Root Extract, Scutellaria Baicalensis Root Extract, Allantoin, Melia Azadirachta Leaf Extract, Lactobacillus/Soybean Ferment Extract, Melia Azadirachta Flower Extract, Imperata Cylindrica Root Extract, Viscum Album (Mistletoe) Leaf Extract, Solanum Melongena (Eggplant) Fruit Extract, Ocimum Balsilicum (Basil) Flower/Leaf Extract, Coccinia Indica Fruit Extract, Adenosine, Betaine, Capryloyl Glycerin/Sebacic Acid Copolymer, Curcuma Longa (Turmeric) Root Extract, Aloe Barbadensis Flower Extract, Corallina Officinalis Extract, Ocimum Sanctum Leaf Extract, Eclipta Prostrata Extract, Flavor, Sorbitan Olivate, Sucrose Stearate, Acrylates/C10-30 Alkyl Acrylate Crosspolymer, Disodium Edta, Glyceryl Polyacrylate, Agar, Calcium Alginate, Mica, Iron Oxide (Ci 77492), Propanediol, 1,2-Hexanediol, Methyl Gluceth-20, Diheptyl Succinate, Butylene Glycol, Carbomer, Hydroxyacetophenone, Tromethamine, Cetearyl Olivate, Alcohol Denat., Caprylyl Glycol.'),
	('C5683504', 'The Water Cream', 676020, 1930, 4.500000, 50, '06cm L x 77cm W x 07cm H', '-', 'cosmetic', 'TATCHA', 'Water, Saccharomyces/Camellia Sinensis Leaf/Cladosiphon Okamuranus/Rice Ferment Filtrate*, Dimethicone, Propanediol, Glycerin, Diglycerin, Diphenylsiloxy Phenyl Trimethicone, Gold, Belamcanda Chinensis Root Extract, Rosa Multiflora Fruit Extract, Houttuynia Cordata Extract, Sophora Angustifolia Root Extract, Sodium Hyaluronate, Lecithin, Pistacia Lentiscus (Mastic) Gum, Sodium Chloride, Sodium Citrate, Mica, Peg-9 Polydimethylsiloxyethyl Dimethicone, Dimethicone/Peg-10/15 Crosspolymer, Dimethicone/Phenyl Vinyl Dimethicone Crosspolymer, Disodium Edta, Tin Oxide, Titanium Dioxide, Butylene Glycol, Ethylhexylglycerin, Parfum/Fragrance, Alcohol, Phenoxyethanol. *Hadasei-3.'),
	('C5685190', 'Ultra Facial Cream', 106838, 1331, 4.600000, 76, '07cm L x 42cm W x 60cm H', '-', 'cosmetic', 'KIEHL\'S SINCE 1851', 'Water, Glycerin, Cyclohexasiloxane, Squalane, Bis-Peg-18 Methyl Ether Dimethyl Silane, Sucrose Stearate, Stearyl Alcohol, Peg-8 Stearate, Urea, Myristyl Myristate, Pentaerythrityl Tetraethylhexanoate, Prunus Armeniaca Kernel Oil, Phenoxyethanol, Persea Gratissima Oil, Olea Europaea Oil, Oryza Sativa Bran Oil, Cetyl Alcohol, Glyceryl Stearate, Imperata Cylindrica Root Extract, Stearic Acid, Methylparaben, Chlorphenesin, Palmitic Acid, Disodium Edta, Acrylates/C10-30 Alkyl Acrylate Crosspolymer, Propylparaben, Carbomer, Triethanolamine, Prunus Amygdalus Dulcis Oil, Xanthan Gum, Sodium Hydroxide, Tocopherol, Pseudoalteromonas Ferment Extract, Hydroxypalmitoyl Sphinganine, Caprylyl Glycol.'),
	('C5765456', 'Renewed Hope in A Jar Refreshing & Refining Moisturizer', 635294, 1671, 3.600000, 52, '33cm L x 18cm W x 27cm H', '-', 'cosmetic', 'PHILOSOPHY', 'Water, Cyclopentasiloxane, Stearic Acid, Glycerin, Butylene Glycol, C12-15 Alkyl Benzoate, Glycolic Acid, Dimethicone, Polyacrylamide, Cetearyl Alcohol, Phenoxyethanol, Sodium Hydroxide, C13-14 Isoparaffin, Dimethicone Crosspolymer, Ceteareth-20, Ammonium Acryloyldimethyltaurate/Vp Copolymer, Polysilicone-11, Acrylates/C10-30 Alkyl Acrylate Crosspolymer, Laureth-7, Citric Acid, Chlorphenesin, Mandelic Acid, Tocopheryl Acetate, Synthetic Fluorphlogopite, Ethlhexyl Palmitate, Propanediol, Parfum/Fragrance, Disodium Edta, Adenosine, Evodia Rutaecarpa Fruit Extract, Limonene, Faex/Yeast Extract/Extrait De Levure, Magnesium Stearate, Opuntia Coccinellifera Flower Extract, Silica Dimethyl Silylate, Caprylyl Glycol, Bht, Ethylhexylglycerin, Hyaluronic Acid, Silanetriol, Sodium Hyaluronate, Sorbic Acid, Hexylene Glycol, Bismuth Oxychloride (Ci 77163).'),
	('C5811158', 'Honeymoon Glow AHA Resurfacing Night Serum with Echinacea GreenEnvy', 656618, 1638, 3.300000, 91, '65cm L x 64cm W x 54cm H', '-', 'cosmetic', 'FARMACY', 'Water, Lactic Acid, Propanediol, Jojoba Esters, Glycolic Acid, Potassium Hydroxide, Salix Alba (Willow) Bark Extract, Carthamus Tinctorius (Safflower) Oleosomes, Vitis Vinifera (Grape) Seed Oil, Hibiscus Sabdariffa Flower Extract, Citric Acid, Honey Extract, Echinacea Purpurea Root Extract, Propolis Extract, Royal Jelly Extract, Hydrolyzed Sodium Hyaluronate, Hydrolyzed Hyaluronic Acid, Curcuma Longa (Turmeric) Root Extract, Argania Spinosa Kernel Oil, Zingiber Officinale (Ginger) Root Extract, Amaranthus Caudatus Seed Oil, Limnanthes Alba (Meadowfoam) Seed Oil, Vaccinium Myrtillus Fruit/Leaf Extract, Saccharum Officinarum (Sugarcane) Extract, Citrus Aurantium Dulcis (Orange) Fruit Extract, Citrus Limon (Lemon) Fruit Extract, Acer Saccharum (Sugar Maple) Extract, Melia Azadirachta Leaf Extract, Helianthus Annuus (Sunflower) Seed Oil, Melia Azadirachta Flower Extract, Salvia Hispanica Seed Oil, Cetearyl Alcohol, Glycerin, Arachidyl Alcohol, Sclerotium Gum, Coco-Glucoside, Polyacrylate Crosspolymer-6, Behenyl Alcohol, Arachidyl Glucoside, Sodium Benzoate, Tocopherol, Potassium Sorbate, Corallina Officinalis Extract, Polyglyceryl-10 Stearate, Gluconolactone, 1,2-Hexanediol, Ocimum Basilicum (Basil) Flower/Leaf Extract, Ocimum Sanctum Leaf Extract, T-Butyl Alcohol, Glucose, Calcium Gluconate, Citral.'),
	('C5888863', 'Black Tea Kombucha Antioxidant Essence', 946669, 1818, 4.100000, 26, '69cm L x 31cm W x 21cm H', '-', 'cosmetic', 'FRESH', 'Water, Saccha-romyces Ferment Filtrate, Glycerin, Ca-mellia Sinensis Leaf Extract, PentyleneGlycol, Polyglycerin-3, Kigelia AfricanaFruit Extract, Citrus Unshiu Peel Extract,Sodium Hyaluronate, Adenosine, To-copheryl Acetate, Tocopherol, ButyleneGlycol, Diglycerin, PEG-60 Hydrogenat-ed Castor Oil, Sodium Benzoate, Fragrance, Disodium EDTA, Hy-droxyethylcellulose, Sodium Citrate,BHT, Citric Acid, Potassium Sorbate, Biotin, Phenoxyethanol, Linalool,Citronellol, Geraniol.'),
	('C6239499', 'C-Rush Brightening G', 932935, 1297, 2.100000, 33, '89cm L x 33cm W x 92cm H', '-', 'cosmetic', 'OLEHENRIKSEN', 'Water, Glycerin, Dicaprylyl Carbonate, Propanediol, Caprylic/Capric Triglyceride, 3-O-Ethyl Ascorbic Acid, Glycereth-26, Ammonium Acryloyldimethyltaurate/Beheneth-25 Methacrylate Crosspolymer, Hydrolyzed Jojoba Esters, Cetearyl Alcohol, Polyacrylate Crosspolymer-6, Hydroxyacetophenone, Panthenol, Polyglyceryl-3 Methylglucose Distearate, Tetrahexyldecyl Ascorbate, Linoleic Acid, Citric Acid, Phenoxyethanol, Fragrance, Pentaerythrityl Tetra-Di-T-Butyl Hydroxyhydrocinnamate, Xanthan Gum, Cetearyl Glucoside, Linolenic Acid, Citrus Aurantium Dulcis (Orange) Fruit Extract, Citrus Limon (Lemon) Fruit Extract, Hippophae Rhamnoides Extract, Lycium Barbarum Fruit Extract, Rosa Canina Fruit Extract, Ethylhexylglycerin, Leuconostoc/Radish Root Ferment Filtrate, Sodium Citrate, Camellia Japonica Flower Extract, Aroma/Flavor, Sodium Hyaluronate, Sodium Polyacrylate, Sodium Phytate, Hyaluronic Acid, Vegetable Collagen, Ascorbic Acid, Tocopherol, Yellow 6 (Ci 15985), Yellow 5 (Ci 19140), Citral, Limonene, Linalool, Benzyl Alcohol.'),
	('C6524320', 'GinZing Energy-Boost', 110342, 1099, 2.100000, 21, '49cm L x 80cm W x 24cm H', '-', 'cosmetic', 'ORIGINS', 'Water, Methyl Trimethicone, Butylene Glycol, Glycerin, Jojoba Esters, Panthenol, Dicaprylyl Carbonate, Citrus Limon (Lemon) Peel Oil*, Citrus Grandis (Grapefruit) Peel Oil*, Mentha Viridis (Spearmint) Leaf Oil*, Limonene, Aloe Barbadensis Leaf Extract, Butyrospermum Parkii (Shea Butter), Simmondsia Chinensis (Jojoba) Butter, Castanea Sativa (Chestnut) Seed Extract, Rubus Idaeus (Raspberry) Leaf Wax, Dimethicone, Coleus Barbatus Extract, Hordeum Vulgare (Barley) Extract\\Extrait D\'Orge, Trehalose, Triticum Vulgare (Wheat) Germ Extract, Panax Ginseng (Ginseng) Root Extract, Ammonium Acryloyldimethyltaurate/Vp Copolymer, Salicylic Acid, Foeniculum Vulgare (Fennel) Seed Extract, Rosmarinus Officinalis (Rosemary) Leaf Extract, Phospholipids, Tocopheryl Acetate, Sodium Pca, Arginine, Caffeine, Cholesterol, Linoleic Acid, Biotin, Folic Acid, Tetrahexyldecyl Ascorbate, Polysilicone-11, Carbomer, Pantethine, Squalane, Sodium Hyaluronate, Hexylene Glycol, Lecithin, Calcium Carbonate, Caprylyl Glycol, Ethylhexylglycerin, Tromethamine, Phenoxyethanol. *Essential Oil.'),
	('C6544115', 'Grape Water', 113495, 1220, 4.800000, 51, '50cm L x 79cm W x 95cm H', '-', 'cosmetic', 'CAUDALIE', 'Vitis Vinifera (Grape) Fruit Water*, Vitis Vinifera (Grape) Juice*, Nitrogen. *Plant origin.'),
	('C6596146', 'Black Tea Firming Overnight Mask', 211002, 1188, 2.000000, 28, '88cm L x 17cm W x 91cm H', '-', 'cosmetic', 'FRESH', 'Water, Glycerin, Butylene Glycol, Jojoba Esters, Isohexadecane, Ammonium Acryloyldimethyltaurate/Vp Copolymer, Dicaprylyl Carbonate, Camellia Oleifera Seed Oil, Pentylene Glycol, Ethylhexyl Palmitate, Mirabilis Jalapa Extract, Glyceryl Stearate, Steareth-21, Caprylic/Capric Triglyceride, Dimethicone, Oxidized Corn Oil, Butyrospermum Parkii (Shea Butter), Cera Alba (Beeswax), Kigelia, Africana Fruit Extract, Saccharomyces Ferment Filtrate, Camellia Sinensis Leaf Extract, Rubus Fruticosus (Blackberry) Leaf Extract, Litichi Chinensis Seed Extract, Rosa Damascena Flower Oil, Sodium Hyaluronate, Adenosine, Tocopheryl Acetate, Tocopherol, Ceteareth-20, Behenyl Alcohol, Fragrance, Ceteareth-12, Cetearyl Alcohol, Sodium Citrate, Sodium Polyacrylate Starch, Sodium Polyacrylate, Sorbitan Laurate, Disodium Edta, Maltodextrin, Silica, Tetrasodium Edta, Hydroxyethylcellulose, Acetyl Dipeptide-1 Cetyl Ester, Citric Acid, Ci 77891 (Titanium Dioxide), BHT, Potassium Sorbate, Biotin, Phenoxyethanol, Linalool, Citronellol, Geraniol.'),
	('C6613812', 'The Silk Cream', 290948, 1044, 3.400000, 44, '30cm L x 94cm W x 56cm H', '-', 'cosmetic', 'TATCHA', 'Water, Saccharomyces/Camellia Sinensis Leaf/Cladosiphon Okamuranus/Rice Ferment Filtrate*, Glycerin, Propanediol, Cyclopentasiloxane, Squalane, Isononyl Isononanoate, Inositol, Sericin, Hydrolyzed Silk, Hydrolyzed Conchiolin Protein, Rubus Ellipticus Root Extract, Oryza Sativa (Rice) Germ Oil, Panax Ginseng Root Extract, Royal Jelly Extract, Thymus Serpyllum Extract, Caprylic/Capric Triglyceride, Sorbitan Stearate, Behenyl Alcohol, Stearic Acid, Hydrogenated Lecithin, Polyglyceryl-2 Triisostearate, Batyl Alcohol, Ethylhexylglycerin, Arginine, Bis-Behenyl/Isostearyl/Phytosteryl Dimer Dilinoleyl Dimer Dilinoleate, Carbomer, Xanthan Gum, Biosaccharide Gum-1, Sodium Hyaluronate, Parfum/Fragrance, Butylene Glycol, Alcohol, Phenoxyethanol. *Hadasei-3.'),
	('C6687949', 'Argan Daily Moisturizer SPF 47', 71354, 1786, 4.700000, 63, '79cm L x 35cm W x 98cm H', '-', 'cosmetic', 'JOSIE MARAN', '**Natural.'),
	('C6713384', 'Dramatically Different Moisturizing Lotion+', 948179, 988, 2.400000, 33, '51cm L x 51cm W x 70cm H', '-', 'cosmetic', 'CLINIQUE', 'Water , Mineral Oil/Paraffinum Liquidum/Huile Minerale , Glycerin , Petrolatum , Stearic Acid , Glyceryl Stearate , Sesamum Indicum (Sesame) Oil , Urea , Lanolin Alcohol , Triethanolamine , Hordeum Vulgare (Barley) Extract/Extrait D\'Orge , Cucumis Sativus (Cucumber) Fruit Extract , Helianthus Annuus (Sunflower) Seedcake , Propylene Glycol Dicaprate , Sodium Hyaluronate , Butylene Glycol , Pentylene Glycol , Trisodium Edta , Phenoxyethanol , Yellow 6 (Ci 15985) , Yellow 5 (Ci 19140) , Red 33 (Ci 17200)'),
	('C6909746', 'Vintage Single Extract Essence', 214304, 1136, 2.400000, 87, '83cm L x 42cm W x 28cm H', '-', 'cosmetic', 'AMOREPACIFIC', 'Water, Propanediol, Glycerin, Camellia Sinensis Leaf Extract, 1,2-Hexanediol, Ethylhexylglycerin.'),
	('C6959259', 'Benefiance WrinkleResist24 Night Cream', 688078, 1317, 4.900000, 49, '49cm L x 40cm W x 59cm H', '-', 'cosmetic', 'SHISEIDO', 'Water, Cetyl Ethylhexanoate, Glycerin, Butylene Glycol, Cetearyl Alcohol, Caprylic/Capric Triglyceride, Nylon-12, Phytosteryl Macadamiate, Glyceryl Stearate, Sd Alcohol 40-B (Alcohol Denat.), Isododecane, Dimethicone, Phenoxyethanol, Beheneth-20, Fragrance (Parfum), Peg/Ppg-17/4 Dimethyl Ether, Alcohol, Carbomer, Sodium Citrate, Trisodium Edta, Tocopheryl Acetate, Dipotassium Glycyrrhizate, Citric Acid, Potassium Hydroxide, Xanthan Gum, Butylphenyl Methylpropional, Sodium Metaphosphate, Limonene, Linalool, Citronellol, Sapindus Mukurossi Peel Extract (Sapindus Mukurossi), Alpha-Isomethyl Ionone, Geraniol, Benzyl Benzoate, Hexyl Cinnamal, Uncaria Gambir Extract (Uncaria Gambir), Sodium Acetylated Hyaluronate, Hydroxyproline, Iron Oxides (Ci 77491), Tocopherol, Hypericum Erectum Extract, Chlorella Vulgaris Extract.'),
	('C7013783', 'Facial Treatment Essence Mini', 665524, 1855, 2.000000, 55, '35cm L x 56cm W x 97cm H', '-', 'cosmetic', 'SK-II', 'Galactomyces Ferment Filtrate (Pitera), Butylene Glycol, Pentylene Glycol, Water, Sodium Benzoate, Methylparaben, Sorbic Acid.'),
	('C7022314', 'THIRSTYMUD Hydrating', 916010, 1314, 4.000000, 33, '56cm L x 79cm W x 99cm H', '-', 'cosmetic', 'GLAMGLOW', 'Water, Caprylic/Capric Triglyceride, Glycerin, Butylene Glycol, Cyclopentasiloxane, Glyceryl Polymethacrylate, Pyrus Malus (Apple) Fruit Extract, Peg-8, Glyceryl Stearate, Peg-100 Stearate, Cetearyl Alcohol, Sodium Polyacryloyldimethyl Taurate, Saccharide Isomerate, Caprylyl Glycol, Olea Europaea (Olive) Leaf Powder, Avena Sativa (Oat) Bran Extract, Hydrogenated Polydecene, Polysorbate 60, Cetyl Alcohol, Zingiber Officinale (Ginger) Root Extract, Menthoxypropanediol, Honey/Mel/Miel, Aminomethyl Propanol, Camellia Sinensis (Green Tea) Leaf Powder, Acrylates/C10-30 Alkyl Acrylate Crosspolymer, Ethylhexylglycerin, Tocopheryl Acetate, Allantoin, Kaolin, Hexylene Glycol, Buteth-3, Trideceth-10, Benzophenone-4, Sodium Benzotriazolyl Butylphenol Sulfonate, Cocos Nucifera (Coconut) Fruit Extract, Sodium Hyaluronate, Alcohol, Tris(Tetramethylhydroxypiperidinol) Citrate, Fragrance, Coumarin, Linalool, Tetrahexyldecyl Ascorbate, Disodium Edta, Sodium Benzoate, Potassium Sorbate, Phenoxyethanol'),
	('C7069298', 'Vitamin Enriched Face Base Priming Moisturizer', 710205, 644, 3.100000, 12, '47cm L x 59cm W x 59cm H', '-', 'cosmetic', 'BOBBI BROWN', 'Water, Cyclopentasiloxane, Bis-Diglyceryl Polyacyladipate-2, Butylene Glycol, Ppg-2 Myristyl Ether Propionate, Cetyl Alcohol, Peg-40 Stearate, Butyrospermum Parkii (Shea Butter), Squalane, Glyceryl Stearate, Sorbitan Stearate, Epilobium Angustifolium Extract, Yeast Extract/Faex/Extrait De Levure, Beta-Carotene, Sodium Hyaluronate, Citrus Grandis (Grapefruit) Peel Oil, Tocopheryl Acetate, Methyl Glucose Sesquistearate, Pelargonium Graveolens (Geranium) Flower Oil, Dimethicone Crosspolymer, Acrylates/C10-30 Alkyl Acrylate Crosspolymer, Carbomer, Peg-20 Methyl Glucose Sesquistearate, C12-15 Alkyl Ethylhexanoate, Tetrasodium Edta, Sodium Hydroxide, Panthenol, Magnesium Ascorbyl Phosphate, Limonene, Citronellol, Geraniol, Linalool, Chlorphenesin, Phenoxyethanol'),
	('C7113931', 'The Moisturizing Cool Gel Cream', 764706, 1425, 2.300000, 84, '19cm L x 87cm W x 41cm H', '-', 'cosmetic', 'LA MER', 'Visit the La Mer boutique'),
	('C7131637', 'Watermelon Pink Juice Moisturizer', 232349, 1235, 2.100000, 60, '61cm L x 20cm W x 80cm H', '-', 'cosmetic', 'GLOW RECIPE', 'Citrullus Lanatus (Watermelon) Fruit Extract, Citrullus Lanatus (Watermelon) Fruit, Hydrolyzed Wheat Protein, Hydrolyzed Soy Protein, Hydrolyzed Corn Protein, Glutamic Acid (Derived from Fermented Grains), Glycerin, Cetearyl Olivate (Derived from Olive), Sorbitan Olivate (Derived from Olive), Sodium Hyaluronate, Cetyl Alcohol, Cyamopsis Tetragonoloba (Guar) Gum, Xanthan Gum, Apricot Kernel Amino Acid, Alkanna Tinctoria Root Extract, Scutellaria Baicalensis Root Extract, Paeonia Suffruticosa (Peony) Root Extract, Glycyrrhiza Glabra (Licorice) Root Extract, Beta-Glucan, Jasminum Grandiflorum (Jasmine) Flower Wax, Acrylates/C10-30 Alkyl Acrylate Crosspolymer, Brassica Oleracea Capitata (Cabbage) Leaf Extract, Ipomoea Batatas (Sweet Potato) Root Extract, Fragrance.'),
	('C7190080', 'High-Potency Night-a-Mins', 728356, 867, 5.000000, 6, '38cm L x 79cm W x 88cm H', '-', 'cosmetic', 'ORIGINS', '* Essential Oil'),
	('C7194679', 'The Littles', 265562, 830, 2.700000, 92, '28cm L x 55cm W x 71cm H', '-', 'cosmetic', 'DRUNK ELEPHANT', 'Beste No.9 Jelly Cleanser: Water, Sodium Lauroyl Methyl Isethionate, Glycerin, Cocamidopropyl Betaine, Cocamidopropyl Hydroxysultaine, Sodium Methyl Oleoyl Taurate, Propanediol, Aloe Barbadensis Leaf Extract, Coco-Glucoside, Lauryl Glucoside, Cucumis Melo Cantalupensis Fruit Extract, Sclerocarya Birrea Seed Oil, Dipotassium Glycyrrhizate, Citric Acid, Phenoxyethanol, Sodium Benzoate, Sodium Chloride. C-Firma Day Serum: Water, Ethoxydiglycol, Ascorbic Acid, Glycerin, Laureth-23, Lactobacillus/Pumpkin Ferment Extract, Sclerocarya Birrea Seed Oil, Ferulic Acid, Sodium Hyaluronate, Chondrus Crispus Extract, Camellia Sinensis Leaf Extract, Lactobacillus/Punica Granatum Fruit Ferment Extract, Glycyrrhiza Glabra (Licorice) Root Extract, Vitis Vinifera (Grape) Juice Extract, Phyllanthus Emblica Fruit Extract, Hydrolyzed Wheat Protein, Tocopherol, Caprylhydroxamic Acid, Acetyl Glucosamine, Hydrolyzed Quinoa, Glutamylamidoethyl Imidazole, Dipotassium Glycyrrhizate, Tetrahydrodiferuloylmethane, Tetrahydrodemethoxydiferuloylmethane, Tetrahydrobisdemethoxydiferuloylmethane, Sodium Hyaluronate Crosspolymer, Glycine, Sucrose, Maltodextrin, Propanediol, Caprylyl Glycol, Sodium Hydroxide, Xanthan gum, Hydroxyethyl Acrylate/Sodium Acryloyldimethyl Taurate Copolymer, Isohexadecane, Polysorbate 60. B-Hydra Intensive Hydration Serum: Water,Coconut Alkanes, Ammonium Acryloyldimethyltaurate/VP Copolymer, Glycerin, Pentylene Glycol, Sclerocarya Birrea Seed Oil, Wheat Amino Acids, Ananas Sativus (Pineapple) Fruit Extract, Berberis Vulgaris Root Extract, Citrullus Lanatus (Watermelon) Fruit Extract, Lens Esculenta (Lentil) Fruit Extract, Pyrus Malus (Apple) Fruit Extract, Coco-Caprylate/Caprate, Panthenol, Sodium PCA, Sodium Hyaluronate Crosspolymer, Dipotassium Glycyrrhizate, Niacinamide, Cyclodextrin, Sodium Hyaluronate, Sodium Lactate, Phenoxyethanol, Hydroxyproline, Trisodium Ethylenediamine Disuccinate, Citric Acid, Caprylyl Glycol, Chlorphenesin, Ethylhexylglycerin. T.L.C. Framboos Glycolic Night Serum: Water, Glycolic Acid, Butylene Glycol, Glycerin, Sodium Hydroxide, Salicylic Acid, Lactic Acid, Citric Acid, Vitis Vinifera (Grape) Juice Extract, Aloe Barbadensis Leaf Juice, Opuntia Ficus-Indica Extract, Aesculus Hippocastanum (Horse Chestnut) Seed Extract, Camellia Sinensis Leaf Extract, Rubus Idaeus (Raspberry) Fruit Extract, Saccharomyces Cerevisiae Extract, Buddleja Davidii Meristem Cell Culture, Sclerocarya Birrea Seed Oil, Sodium Hyaluronate Crosspolymer, Allantoin, Hydroxyethylcellulose, Galactoarabinan, Propanediol, Disodium EDTA, Xanthan Gum, Hexylene Glycol, Phenoxyethanol, Caprylyl Glycol, Ethylhexylglycerin, Sodium Nitrate, Potassium Sorbate, Pentylene Glycol, Sodium Benzoate. Virgin Marula Luxury Facial Oil: Sclerocarya Birrea Seed OilLala RetroWhipped CreamWater,Glycerin, Caprylic/ Capric Triglyceride, Isopropyl Isostearate, Pseudozyma Epicola/Camellia Sinensis Seed Oil/Glucose/Glycine Soja Meal/Malt Extract/Yeast Extract Ferment Filtrate (Pseudozyma Epicola/Camellia Sinensis Seed Oil/Glucose/Yeast Extract Ferment Filtrate), Stearic Acid, Glyceryl Stearate SE, Cetearyl Alcohol, Pentylene Glycol, Plantago Lanceolata Leaf Extract, Adansonia Digitata Seed Oil, Citrullus Lanatus (Watermelon) Seed Oil, Passiflora Edulis Seed Oil, Schinziophyton Rautanenii Kernel Oil, Sclerocarya Birrea Seed Oil, Polyglyceryl-6 Ximenia Americana Seedate, Sodium Hyaluronate Crosspolymer, Ceteareth-20, Trisodium Ethylenediamine Disuccinate, Sodium Hydroxide, Citric Acid, Carbomer, Xanthan Gum, Caprylyl Glycol, Chlorphenesin, Phenoxyethanol, Ethylhexylglycerin. Umbra Sheer Physical Daily Defense SPF 30: Zinc Oxide 20%, Water, Caprylic/Capric Triglyceride, Dicaprylyl Carbonate, Glycerin,Pentylene Glycol, Steareth-2, Propanediol, Steareth-21, Polyhydroxystearic Acid, Cetearyl Alcohol, Silica, Sclerocarya Birrea Seed Oil, Aloe Barbadensis Leaf Extract, Chondrus Crispus Extract, Haematococcus Pluvialis Extract, Helianthus Annuus (Sunflower) Sprout Extract, Vitis Vinifera (Grape) Juice Extract, Helianthus Annuus (Sunflower) Seed Oil, Simmondsia Chinensis (Jojoba) Seed Oil, Raspberry Seed Oil/Tocopheryl Succinate Aminopropanediol Esters, Hydrolyzed Wheat Protein,Tocopheryl Acetate, Tocopherol, Sea Water, Acetyl Glucosamine, Cetearyl Glucoside, Sodium Stearoyl Glutamate, Tetrahexyldecyl Ascorbate, Glycine, Sucrose, Lecithin, Triethoxycaprylylsilane, Xanthan Gum, Trisodium Ethylenediamine Disuccinate, Caprylhydroxamic Acid, Mica, Caprylyl Glycol, Phenoxyethanol, Titanium Dioxide (CI 77891), Iron Oxides (CI 77491). Shaba Complex Eye Serum: Water, Octyldodecanol, Glycerin, Boron Nitride, Saccharomyces/Xylinum/Black Tea Ferment, Coconut Alkanes, Cetyl Alcohol, Cetearyl Olivate, Sorbitan Olivate, Niacinamide, Copper Tripeptide-1, Leontopodium Alpinum Meristem Cell Culture, Dipeptide-2, Palmitoyl Tripeptide-1, Palmitoyl Tetrapeptide-7, Copper Lysinate/Prolinate, Hesperidin Methyl Chalcone, Chondrus Crispus (Carrageenan), Mangifera Indica (Mango) Seed Butter, Glycine Soja (Soybean) Oil, Hippophae Rhamnoides Oil, Sclerocarya Birrea Seed Oil, Sodium Hyaluronate Crosspolymer, Hydroxyethylcellulose, Coco-Caprylate/Caprate, Steareth-20, Lecithin, Panthenol, N-Hydroxysuccinimide, Ubiquinone, Citric Acid, Thioctic Acid, Tocopherol, Chrysin, Sclerotium Gum, Methylglucoside Phosphate, Xanthan Gum, Potassium Sorbate, Sodium Benzoate, Chlorphenesin, Caprylyl Glycol, Sodium Hydroxide, Phenoxyethanol, Pentylene Glycol, Ethylhexylglycerin.'),
	('C7197339', 'Dr. Andrew Weil For Origins', 459599, 908, 4.300000, 74, '86cm L x 41cm W x 21cm H', '-', 'cosmetic', 'ORIGINS', 'Water, Butylene Glycol, PEG-4, Citrus Aurantium Dulcis (Orange) Oil**, Lavandula Angustifolia (Lavender) Oil**, Pogostemon Cablin (Patchouli) Oil**, Citrus Nobilis (Mandarin Orange) Peel Oil**, Pelargonium Graveolens Flower Oil**, Boswellia Carterii (Olibanum) Oil***, Limonene, Linalool, Citronellol, Geraniol, Ganoderma Lucidum (Reishi Mushroom) Extract, Fuscoporia Obliqua Sclerotium Extract, Cordyceps Sinensis (Mushroom) Extract, Ergothioneine, Camelina Sativa Seed Oil, Lactobacillus Ferment, Hippophae Rhamnoides Extract*, Zingiber Officinale (Ginger) Root Extract*, Curcuma Longa (Turmeric) Root Extract*, Ocimum Sanctum (Holy Basil) Leaf Extract, Helianthus Annuus (Sunflower) Seed Oil*, Silybum Marianum Fruit Extract, Saccharomyces Lysate Extract, Centella Asiatica (Hydrocotyl) Extract, Hypnea Musciformis (Algae) Extract, Caffeine, Sucrose*, Salvia Sclarea (Clary) Extract, Saccharomyces Ferment Filtrate, PEG-40 Hydrogenated Castor Oil, Gellidiella Acerosa Extract, Trideceth-9, Glycerin, Glycereth-26, Polysorbate 20, Sodium Hyaluronate, Tocopheryl Acetate, Maltodextrin, Pentylene Glycol, Sodium Hydroxide, Citric Acid, Potassium Sorbate, Phenoxyethanol.'),
	('C7310671', 'Radiance Drops - Rainforest of the Sea', 975613, 1830, 2.300000, 79, '12cm L x 97cm W x 70cm H', '-', 'cosmetic', 'TARTE', 'Neopentyl Glycol Diheptanoate, Isododecane, Jojoba Esters, Mica, Glyceryl Caprylate, Fragrance, Passiflora Edulis (Passion Fruit) Seed Oil, Jojoba Oil/Macadamia Seed Oil Esters, Limonene, Squalene, Tocopherol, Cocos Nucifera (Coconut) Oil, Phytosteryl Macadamiate, Phytosterols, Algae Extract, Gardenia Taitensis Flower, Titanium Dioxide (CI 77891), Iron Oxides (CI 77491), Carmine (CI 75470).'),
	('C7394924', 'Black Tea Corset Cream Firming Moisturizer', 65138, 640, 3.500000, 53, '38cm L x 64cm W x 32cm H', '-', 'cosmetic', 'FRESH', 'Water, Isononyl Isononanoate, CetearylIsononanoate, Hydrogenated Polyisobutene, Butylene Glycol,Glycerin, Pentylene Glycol, Steareth-21, Jojoba Esters, AlpiniaGalanga Leaf Extract, Algin, Saccharomyces Ferment Filtrate,Camellia Sinensis Leaf Extract, Lycium Chinense Fruit Extract,Rubus Fruticosus (Blackberry) Leaf Extract, Litchi Chinensis SeedExtract, Sorbitan Laurate, Sodium Hyaluronate, Hydroxyethylcellu-lose, Adenosine, Acetyl Dipeptide-1 Cetyl Ester, Tocopheryl Acetate,Tocopherol, Myristyl Myristate, Behenyl Alcohol, Cetyl Alcohol,Stearyl Alcohol, Glyceryl Stearate, Decyloxazolidinone, Dimethicone,Diphenylsiloxy Phenyl Trimethicone, Fragrance, Polyacryl-amide, Acrylates/C10-30 Alkyl Acrylate Crosspolymer, C13-14Isoparaffin, Xanthan Gum, Sorbitol, Tromethamine, Maltodextrin,Dimethicone/Phenyl Vinyl Dimethicone Crosspolymer, Laureth-7,Polyvinyl Alcohol, BHT, Cellulose Gum, Caprylic/CapricTriglyceride, Citric Acid, Sodium Benzoate, Sodium Citrate,Potassium Sorbate, Biotin, Phenoxyethanol, Linalool,Citronellol, Geraniol.'),
	('C7440803', 'Amazonian Clay BB Tinted Moisturizer Broad Spectrum SPF 20 Sunscreen', 708696, 1774, 2.400000, 41, '64cm L x 08cm W x 28cm H', '-', 'cosmetic', 'TARTE', '-Amazonian clay: Provides total balancing for better, longer, truer wear. -Vitamin E: Acts as an anti-inflammatory emollient and protects against free radical damage. -Vitamin A: Powerful antioxidant that minimizes the signs of aging while it supports collagen production and moisture retention in the skin. -Chamomile Extract: Rich in essential oils, this natural plant extract is anti-allergenic and anti-inflammatory, and it has been known to treat and heal dry or damaged skin.'),
	('C7475945', 'Watermelon Glow Sleeping Mask', 148306, 1011, 2.400000, 28, '92cm L x 45cm W x 03cm H', '-', 'cosmetic', 'GLOW RECIPE', 'Water, Sodium Hyaluronate, Glycerin, Caulerpa Lentillifera (Seaweed) Extract, Simethicone, Citrullus Lanatus (Watermelon) Fruit, Silica, Propanediol, Glycolic Acid, Lactic Acid, Cucurbita Pepo (Pumpkin) Fruit Extract, Punica Granatum (Pomegranate) Fruit Extract, Musa Sapientum (Banana) Fruit Extract , Paeonia Suffruticosa (Peony) Root Extract, Glycyrrhiza Glabra (Licorice) Root Extract, Brassica Oleracea Capitata (Cabbage) Leaf Extract, Ipomoea Batatas (Sweet Potato) Root Extract, Betaine, Beta Glucan, Hydroxyethylcellulose, Xanthan Gum, Alcohol, Fragrance.'),
	('C7603137', 'Squalane + Vitamin C Rose Oil', 522199, 1754, 2.700000, 78, '88cm L x 72cm W x 60cm H', '-', 'cosmetic', 'BIOSSANCE', 'Squalane, Pistacia Lentiscus (Mastic) Gum, Rosa Damascena Flower Extract, Tetrahexyldecyl Ascorbate, Caprylic/Capric Triglycerides.'),
	('C7645316', 'Your Skin But Better CC+ Cream Oil-Free Matte with SPF 40', 930070, 892, 2.600000, 82, '51cm L x 84cm W x 75cm H', '-', 'cosmetic', 'IT COSMETICS', 'Water, Dimethicone, Butylene Glycol Dicaprylate/Dicaprate, Butylene Glycol, Titanium Dioxide [Nano], Titanium Dioxide, Zinc Oxide, Cyclopentasiloxane, Dimethicone/Vinyl Dimethicone Crosspolymer, Butyloctyl Salicylate, Cetyl Peg/Ppg-10/1 Dimethicone, Snail Secretion Filtrate, Sodium Chloride, Bis-Diglyceryl Polyacyladipate-2, Aluminum Hydroxide, Stearic Acid, Disteardimonium Hectorite, Sorbitan Isostearate, Polyglyceryl-4 Isostearate, Hexyl Laurate, Triethoxycaprylylsilane, Triethyl Citrate, Ethyl Hexanediol, Sodium Benzoate, Potassium Sorbate, Polymethylsilsesquioxane, Tocopheryl Acetate, Phenoxyethanol, Disodium Edta, Canadian Colloidal Clay, Moroccan Lava Clay, Avena Sativa Kernel Extract, Oat Kernel Extract, Glycerin, Niacinamide, Curcuma Longa Root Extract, Turmeric Root Extract, Sulfur, Cholesterol, Anthemis Nobilis Flower Water, Perfluorohexane, Persea Gratissima Fruit Extract, Avocado Fruit Extract, Maltodextrin, 1,2-Hexanediol, Vitis Vinifera Seed Extract, Grape Seed Extract, Camellia Sinensis Leaf Extract, Salix Alba Bark Extract, Willow Bark Extract, Magnolia Kobus Bark Extract, Chrysanthemum Indicum Flower Extract, Pentaerythrityl Tetra-Di-T-Butyl Hydroxyhydrocinnamate, Glycine Soja Sprout Extract, Soybean Sprout Extract, Perfluorodecalin, Serica Extract, Silk Extract, Hydrolyzed Silk, Aloe Barbadensis Leaf Extract, Perfluoromethylcyclopentane, Citric Acid, Olea Europaea (Olive) Leaf Extract, Artemisia Princeps Leaf Extract, Cinnamomum Cassia Bark Extract, Pueraria Lobata Root Extract, Diospyros Kaki Leaf Extract, Morus Alba Fruit Extract, Steareth-20, Melaleuca Alternifolia Flower/Leaf/Stem Extract - Tea Tree Flower/Leaf/Stem Extract, Punica Granatum Fruit Juice, Hydrolyzed Collagen, Ethylhexylglycerin, Charcoal Powder, Lactobacillus/Honeysuckle Flower/Licorice Root/Morus Alba Root/Pueraria Lobata Root/Schisandra Chinensis Fruit/Scutellaria Baicalensis Root/Sophora Japonica Flower Extract Ferment Filtrate, Chlorhexidine Digluconate, N-Hydroxysuccinimide, Palmitoyl Tripeptide-1, Hydrolyzed Hyaluronic Acid, Chrysin, Palmitoyl Tetrapeptide-7, [+/- May Contain: Ci 77491, Ci 77492, Ci 77499, Iron Oxides, Ci 77891, Titanium Dioxide].'),
	('C7898319', 'Premium Beauty Balm SPF 45', 981713, 1014, 4.400000, 60, '77cm L x 56cm W x 01cm H', '-', 'cosmetic', 'DR. JART+', '#NAME?'),
	('C7898395', 'Dramatically Different Moisturizing Gel', 739620, 1252, 4.800000, 48, '02cm L x 40cm W x 14cm H', '-', 'cosmetic', 'CLINIQUE', 'Water , Dimethicone , Isododecane , Butylene Glycol , Bis-Peg-18 Methyl Ether Dimethyl Silane , Glycerin , Laminaria Saccharina Extract , Polygonum Cuspidatum Root Extract , Saccharomyces Lysate Extract , Cucumis Sativus (Cucumber) Fruit Extract , Hordeum Vulgare (Barley) Extract/Extrait D\'Orge , Helianthus Annuus (Sunflower) Seedcake , Caffeine , Trehalose , Sodium Hyaluronate , Tocopheryl Acetate , Chamomilla Recutita (Matricaria) , Polysilicone-11 , Silica , Propylene Glycol Dicaprate , Oleth-10 , Lactobacillus Ferment , Laureth-23 , Laureth-4 , Ammonium Acryloyldimethyltaurate/Vp Copolymer , Carbomer , Caprylyl Glycol , Hexylene Glycol , Tromethamine , Disodium Edta , Phenoxyethanol , Potassium Sorbate , Yellow 5 (Ci 19140) , Red 4 (Ci 14700) , Yellow 6 (Ci 15985)'),
	('C8058755', 'BB Cushion Hydra Radiance SPF 50', 434629, 1234, 4.800000, 28, '30cm L x 66cm W x 62cm H', '-', 'cosmetic', 'LANEIGE', 'Water, Cyclopentasiloxane, Zinc Oxide (CI 77947), Ethylhexyl Methoxycinnamate, PEG-10 Dimethicone, Cyclohexasiloxane, Phenyl Trimethicone, Iron Oxides (CI 77492), Butylene Glycol Dicaprylate/Dicaprate, Niacinamide, Lauryl PEG-9 Polydimethylsiloxyethyl Dimethicone, Acrylates/Ethylhexyl Acrylate/Dimethicone Methacrylate Copolymer, Titanium Dioxide (CI 77891 , Iron Oxides (CI 77491), Butylene Glycol, Sodium Chloride, Iron Oxides (CI 77499), Aluminum Hydroxide, HDI/Trimethylol Hexyllactone Crosspolymer, Stearic Acid, Methyl Methacrylate Crosspolymer, Triethoxycaprylylsilane, Phenoxyethanol, Fragrance, Disteardimonium Hectorite, Caprylyl Glycol, Yeast Extract, Acrylates/Stearyl Acrylate/Dimethicone Methacrylate Copolymer, Dimethicone, Trimethylsiloxysilicate, Polysorbate 80, Disodium EDTA, Hydrogenated Lecithin, Dimethicone/Vinyl Dimethicone Crosspolymer, Mica (CI 77019), Silica, 1,2-Hexanediol, Polypropylsilsesquioxane, Chenopodium Quinoa Seed Extract, Magnesium Sulfate, Calcium Chloride, Camellia Sinensis Leaf Extract, Manganese Sulfate, Zinc Sulfate, Ascorbyl Glucoside.'),
	('C8079903', 'Protini Polypeptide ', 340261, 1154, 3.300000, 54, '28cm L x 08cm W x 80cm H', '-', 'cosmetic', 'DRUNK ELEPHANT', 'Water, Dicaprylyl Carbonate, Glycerin, Cetearyl Alcohol, Cetearyl Olivate, Sorbitan Olivate, Sclerocarya Birrea Seed Oil, Bacillus/Soybean/ Folic Acid Ferment Extract, Nymphaea Alba Root Extract, sh-Oligopeptide-1, sh-Oligopeptide-2, sh-Polypeptide-1, sh-Polypeptide-9, sh-Polypeptide-11, Copper Palmitoyl Heptapeptide-14, Heptapeptide-15 Palmitate, Palmitoyl Tetrapeptide-7, Palmitoyl Tripeptide-1, Alanine, Arginine, Glycine, Histidine, Isoleucine, Phenylalanine, Proline, Serine, Threonine, Valine, Acetyl Glutamine, Coconut Alkanes , Coco-Caprylate/Caprate, Sodium Hyaluronate, Aspartic Acid, Linoleic Acid, Linolenic Acid, Lecithin, Butylene Glycol, Polyvinyl Alcohol, Sodium Lactate, Sodium PCA, PCA, Sorbitan Isostearate, Carbomer, Polysorbate 20, Polysorbate 60, Lactic Acid/Glycolic Acid Copolymer, Hydroxyethyl Acrylate/Sodium Acryloyldimethyl Taurate Copolymer, Xanthan Gum, Isomalt, 1,2-Hexanediol, Caprylyl Glycol, Chlorphenesin, Phenoxyethanol, Tocopherol, Sodium Benzoate, Phenylpropanol, Glyceryl Caprylate, Symphytum Officinale Callus Culture Extract.'),
	('C8174704', 'Benefiance WrinkleResist24 Day Cream Broad Spectrum SPF 18', 685300, 1858, 2.800000, 78, '23cm L x 50cm W x 87cm H', '-', 'cosmetic', 'SHISEIDO', 'Water, Glycerin, Dipropylene Glycol, Butylene Glycol, Phenyl Trimethicone, Hydrogenated Polydecene, Sorbitol, Myristyl Myristate, Dimethicone, Sd Alcohol 40-B, Polybutylene Glycol/Ppg-9/1 Copolymer, Petrolatum, Stearyl Alcohol, Stearic Acid, Silica, Bentonite, Palmitic Acid, Xanthan Gum, Peg/Ppg-17/4 Dimethyl Ether, Phytosteryl Macadamiate, Tocopheryl Acetate, Sapindus Mukurossi Peel Extract, Uncaria Gambir Extract, Sodium Acetylated Hyaluronate, Hydroxyproline, Thymus Serpillum Extract, Chlorella Vulgaris Extract, Peg-5 Glyceryl Stearate, Glyceryl Stearate Se, Trisodium Edta, Potassium Hydroxide, Sodium Metaphosphate, Ammonium Acryloyldimethyltaurate/Vp Copolymer, Alcohol, Sodium Metabisulfite, Bht, Tocopherol, Phenoxyethanol, Fragrance, Iron Oxides.'),
	('C8277473', 'Rose Floral Toner', 845481, 1458, 2.800000, 88, '75cm L x 36cm W x 69cm H', '-', 'cosmetic', 'FRESH', 'Water, Glycerin, Pentylene Glycol, Rosa Dama-scena Flower Water, Anthemis NobilisFlower Oil, Sodium Citrate, CitricAcid, Citronellol, Geraniol, Pheno-xyethanol.'),
	('C8787709', 'Luna Sleeping Night Oil', 835383, 1101, 3.200000, 26, '70cm L x 37cm W x 98cm H', '-', 'cosmetic', 'SUNDAY RILEY', 'Persea Gratissima (Extra Virgin, Cold Pressed Avocado) Oil, Vitis Vinifera (Organic, Cold Pressed Concord Grape) Seed Oil, Rubus Fruticosus (Cold Pressed Blackberry) Seed Oil, Salvia Hispanica (Cold Pressed Chia) Oil, Dimethyl Isosorbide (and) Hydroxypinacolone Retinoate, Chamomilla Recutita (Matricaria) Flower Oil, Tanecetum annuum (Blue Tansy) oil, Anthemis nobilis (English Chamomile) oil, Eriocephalus punctulatus (Cape Chamomile) oil, Citrus Aurantium Amara (Neroli) Oil, Citrus Aurantium Dulcis (Blood Orange) oil, Cananga Odorata Flower (Ylang Ylang) Oil, Vetivera zizanoides (Vetiver) oil, Helianthus Annuus (Sunflower) Seed Oil (and) Rosmarinus officinalis (Rosemary) Leaf Extract, CI 61565 (Green 6), CI 60725 (Violet 2).'),
	('C8826431', 'U.F.O. Ultra-Clarifying Face Oil', 819125, 1715, 3.000000, 15, '17cm L x 64cm W x 02cm H', '-', 'cosmetic', 'SUNDAY RILEY', 'Silybum Marianum (Milk Thistle) Seed Oil, Nigella Sativa (Black Cumin) Seed Oil, Cucumis Sativus (Cucumber) Seed Oil, Diisopropyl Sebacate, Punica Granatum (Pomegranate) Seed Oil, Vaccinium Macrocarpon (Cranberry) Seed Oil, Dimethyl Isosorbide, Linum Usitatissimum (Flax) Seed Oil, Caprylic/Capric Triglycerides, Ethyl Linoleate, Hexylresorcinol, Glycyrrhiza Glabra (Licorice) Root Extract, Salicylic Acid, Prunus Armeniaca (Apricot) Kernel Oil, Chamomilla Recutita Flower Oil, Citrus Aurantium Amara (Neroli) Flower Oil, Melaleuca Alternifolia (Tea Tree) Leaf Oil, Helianthus Annuus Seed Oil, Rosmarinus Officinalis (Rosemary) Leaf Extract, Citrus Paradisii (Grapefruit) Peel Oil, Melia Azadirachta (Neem) Leaf Extract, Melia Azadirachta (Neem) Flower Extract, Coccinia Indica Fruit Extract, Amino Esters-1, Amber Leaf Extract, Solanum Melongena (Eggplant) Fruit Extract, Aloe Barbadensis Flower Extract, Lawsonia Inermis (Henna) Extract, Ocimum Sanctum Leaf Extract, Ocimum Basilicum (Basil) Leaf Extract, Curcuma Longa (Turmeric) Root Extract, Corallina Officinalis Extract, Simmondsia Chinensis (Jojoba) Seed Oil, Pearl Powder, Moringa Pterygosperma Seed Oil.'),
	('C8864080', 'Lotus Youth Preserve Moisturizer', 798082, 1834, 4.100000, 23, '65cm L x 67cm W x 99cm H', '-', 'cosmetic', 'FRESH', 'Water, Glycerin, Propylene Glycol Dicaprylate/Dicaprate, Pentylene Glycol, Cetearyl Alcohol, Caprylic/Capric Triglyceride, Cetearyl Isononanoate, Betaine, Polymethyl Methacrylate, Steareth-21, Ficus Carica (Fig) Fruit Extract, Lepidium Meyenii Root Extract, Citrus Limon (Lemon) Peel Oil, Cucumis Sativus (Cucumber) Fruit Extract, Algae Extract, Nelumbo Nucifera Flower Extract, Hibiscus Esculentus Fruit Extract, Sodium Hyaluronate, Tocopheryl Acetate, Ascorbyl Tetraisopalmitate, Tocopherol, Behenyl Alcohol, Cetearyl Glucoside, Sorbitol, Dimethicone, Sodium PCA, Caprylyl Glycol, Carbomer, Tromethamine, Cetyl Alcohol, Stearyl Alcohol, Butylene Glycol, Xanthan Gum, Caramel, Citric Acid, Potassium Sorbate, Sorbic Acid, Phenoxyethanol, Limonene, Citral.'),
	('C9095620', 'Cicapair  Tiger Gras', 408862, 543, 3.200000, 92, '75cm L x 61cm W x 21cm H', '-', 'cosmetic', 'DR. JART+', 'Water, Centella Asiatica Leaf Water, Isononyl Isononanoate, Cyclopentasiloxane, Butylene Glycol, Dimethicone, Phenyl Trimethicone, Methyl Methacrylate Crosspolymer, Beeswax/Cire D\'abeille, Glycerin, Diethylhexyl Carbonate, Polyglyceryl-3 Polyricinoleate, Niacinamide, Polymethylsilsesquioxane, Cyclohexasiloxane, Pan-Thenol, Diglycerin, Iron Oxides, Polyglyceryl-4 Diisostearate/Polyhydroxystearate/Sebacate, Dimethicone/Vinyl Dimethi- Cone Crosspolymer, Isododecane, Ethylene/Methacrylate Copolymer, Cetearyl Alcohol, Polyglyceryl-2 Triisostearate, Aluminum Hydroxide, Stearic Acid, Disteardimonium Hectorite, Acrylates/Ammonium Methacrylate Copolymer, Sclerotium Gum, Sodium Benzoate, Acrylates/Dimethicone Copolymer, Hydrogen Dimethicone, Chromium Oxide Greens, Triethyl Citrate, Potassium Sorbate, Fragaria Vesca (Strawberry) Leaf Extract, Disodium EDTA, BHT, Alcohol, Asiaticoside, Aden- Osine, Triethoxycaprylylsilane, Lavandula Angustifolia (Lavender) Oil, Boron Nitride, Asiatic Acid, Madecassic Acid, Citrus Grandis (Grapefruit) Peel Oil, Rosmarinus Officinalis (Rosemary) Leaf Oil, 1,2- Hexanediol, Anthemis Nobilis Flower Oil, Houttuynia Cordata Extract, Propanediol, Centella Asiatica Extract, Gentiana Lutea Root Extract, Artemisia Absinthium Extract, Achillea Millefolium Extract, Arnica Montana Flower Extract, Polysorbate 20, Aniba Rosodora (Rosewood) Wood Oil, Sodium Glycerophosphate, Selaginella Lepidophylla Extract, Potassium Magnesium Aspartate, Citric Acid, Calcium Gluconate, Madecassoside, Magnesium Gluconate, Centella Asiatica Meristem Cell Culture, Xanthan Gum, Titanium Dioxide, Zinc Oxide.'),
	('C9123993', 'Ultra Repair Cream Intense Hydration', 348554, 1015, 3.200000, 71, '56cm L x 55cm W x 28cm H', '-', 'cosmetic', 'FIRST AID BEAUTY', 'Water, Stearic Acid, Glycerin, C12-15 Alkyl Benzoate, Caprylic/Capric Triglyceride, Glyceryl Stearate Se, Glyceryl Stearate, Cetearyl Alcohol, Butyrospermum Parkii Butter, Dimethicone, Squalane, Allantoin, Camellia Sinensis Leaf Extract, Caprylyl Glycol, Ceramide 3, Chrysanthemum Parthenium Extract, Colloidal Oatmeal, Disodium EDTA, Eucalyptus Globulus Leaf Oil, Glycyrrhiza Glabra Root Extract, Sodium Hydroxide, Xanthan Gum, Phenoxyethanol.'),
	('C9133220', 'Camera Ready BB Cream SPF 35', 343528, 797, 3.800000, 86, '42cm L x 59cm W x 33cm H', '-', 'cosmetic', 'SMASHBOX', 'Water, Dimethicone, Butylene Glycol, Phenyl Trimethicone, Pentylene Glycol, Glyceryl Stearate, Behenyl Alcohol, Trioctyldodecyl Citrate, Polymethylsilsesquioxane, Octyldodecyl Stearoyl Stearate, PEG-40 Stearate, Polyglyceryl-10 Pentastearate, Ammonium Acryloyldimethyltaurate/VP Copolymer, Triticum Vulgare (Wheat) Germ Extract, Hordeum Vulgare (Barley) Extract, Cucumis Sativus (Cucumber) Fruit Extract, Laminaria Saccharina Extract, Pyrus Malus (Apple) Fruit Extract, Scutellaria Baicalensis Root Extract, Polyquaternium-51, Acetyl Hexapeptide-8, Trehalose, Oryzanol, Octyldodecyl Neopentanoate, Urea, Polyglyceryl-6 Polyricinoleate, Propylene Glycol Laurate, Glycyrrhetinic Acid, Tocopheryl Acetate, Sucrose, Glycerin, Sodium Stearoyl Lactylate, Caffeine, Linoleic Acid, Cholesterol, Lecithin, Squalane, Sodium PCA, Isopropyl Titanium Triisostearate, Propylene Glycol Stearate, Stearic Acid, Polysorbate 20, Sorbitan Laurate, Xanthan Gum, Aluminum Hydroxide, Sodium Hyaluronate, Silica, Disodium EDTA, Pentaerythrityl Tetra-Di-T-Butyl Hydroxyhydrocinnamate, Sodium Dehydroacetate, Chlorphenesin, Phenoxyethanol. May Contain (+/-): Titanium Dioxide (Ci 77891), Zinc Oxide (Ci 77947), Iron Oxides (Ci 77491, Ci 77492, Ci 77499), Mica.'),
	('C9162549', 'Pink Cloud Rosewater Moisture Crme', 656486, 790, 4.200000, 100, '45cm L x 94cm W x 41cm H', '-', 'cosmetic', 'HERBIVORE', 'Water, Aloe Barbadensis (Aloe Vera) Leaf Juice, Helianthus Annuus (Sunflower) Seed Oil, Isoamyl Laurate, Rosa Damascena (Rose) Flower Water, Glyceryl Stearate Citrate, Cetearyl Alcohol, Glyceryl Caprylate, Populus Tremuloides (Aspen) Bark Extract, Aleurites Moluccana (Kukui) Nut Oil, Propanediol, Myrothamnus Flabellifolia Extract, Ascorbic Acid, Citric Acid, Glycerin, Cetearyl Alcohol, Cocos Nucifera (Coconut) Extract, Butyrospermum Parkii (Shea) Nut Butter, Oryza Sativa (Rice) Seed Extract, Camellia Sinensis (White Tea) Leaf Extract, Sodium Hyaluronate, Melia Azadirachta Flower Extract, Corallina Officinalis Extract, Coccinia Indica Fruit Extract, Melia Azadirachta Leaf Extract, Solanum Melongena (Eggplant) Fruit Extract, Aloe Barbadensis Flower Extract, Ocimum Sanctum Leaf Extract, Curcuma Longa (Turmeric) Root Extract, Rosmarinus Officinalis (Rosemary) Leaf Extract, Sclerotium Gum, Rosa Damascena (Rose) Flower Oil, Xanthan Gum, Sodium Phytate, Alcohol, Sodium Anisate.'),
	('C9178263', 'Double-Duty Face Moisturizer Broad Spectrum SPF 20', 592862, 1984, 2.000000, 28, '04cm L x 12cm W x 22cm H', '-', 'cosmetic', 'JACK BLACK', 'Visit the Jack Black boutique'),
	('C9186907', 'Bio-Performance Advanced Super Revitalizing Cream', 599144, 1255, 3.400000, 86, '97cm L x 93cm W x 25cm H', '-', 'cosmetic', 'SHISEIDO', 'Water, Glycerin, Cyclomethicone, Butylene Glycol, Dimethicone, Cetyl Octanoate, Squalane, Dimethicone Copolyol, Disteardimonium Hectorite, Hydrogenated C6-14 Olefin Polymers, PEG-150, Mortierella Oil, Phytosteryl Macadamiate, Tocopheryl Acetate, Stearyl Glycyrrhetinate, Arginine HCI, PEG-60 Hydrogenated Castor Oil, Sodium Glutamate, Disodium Adenosine Triphosphate, Saccharomyces Lysate Extract, Sodium Acetylated Hyaluronate, Rosa Roxburghii Extract, Octyl Methoxycinnamate, Agar, Sodium Hexametaphosphate, Trisodium EDTA, Tocopherol, BHT, Ethylparaben, Butylparaben, Methylparaben, Fragrance, Iron Oxides.'),
	('C9232974', 'Water Sleeping Mask', 494591, 507, 3.900000, 77, '96cm L x 98cm W x 79cm H', '-', 'cosmetic', 'LANEIGE', 'Water, Butylene Glycol, Cyclopentasiloxane, Glycerin, Cyclohexasiloxane, Trehalose, Sodium Hyaluronate, Oenothera Biennis (Evening Primrose) Root Extract, Prunus Armeniaca (Apricot) Fruit Extract, Beta-Glucan, Chenopodium Quinoa Seed Extract, Ascorbyl Glucoside, Magnesium Sulfate, Zinc Sulfate, Manganese Sulfate, Calcium Chloride, Potassium Alginate, Ammonium Acryloyldimethyltaurate, VP Copolymer, Polysorbate 20, Dimethicone, Dimethiconol, Dimethicone, Vinyl Dimethicone Crosspolymer, Propanediol, Ethylhexylglycerin, Stearyl Behenate, Polyglyceryl-3 Methylglucose Distearate, Hydroxypropyl Bispalmitamide MEA, Inulin Lauryl Carbamate, Alcohol, 1,2-Hexanediol, Caprylyl Glycol, Carbomer, Tromethamine, Disodium EDTA, Phenoxyethanol, Fragrance, Blue 1 (Ci 42090).'),
	('C9340847', 'Moisture Surge Intense Skin Fortifying Hydrator', 389427, 710, 3.500000, 31, '74cm L x 83cm W x 30cm H', '-', 'cosmetic', 'CLINIQUE', 'Water , Cyclopentasiloxane , Glycerin , Butylene Glycol , Dimethicone , Cetyl Ethylhexanoate , Squalane , Disteardimonium Hectorite , Peg/Ppg-18/18 Dimethicone , Lauryl Peg-9 Polydimethylsiloxyethyl Dimethicone , Ahnfeltia Concinna Extract , Olea Europaea (Olive) Fruit Extract , Caffeine , Whey Protein/Lactis Protein/Proteine Du Petit-Lait , Cholesterol , Sodium Hyaluronate , Petrolatum , Peg-150 , Sucrose , Pyridoxine Dipalmitate , Linoleic Acid , Tocopheryl Acetate , Citric Acid , Polysilicone-11 , Propylene Carbonate , Glyceryl Polymethacrylate , Peg-8 , Aloe Barbadensis Leaf Extract , Triticum Vulgare (Wheat) Bran Extract , Pentaerythrityl Tetra-Di-T-Butyl Hydroxyhydrocinnamate , Palmitoyl Hexapeptide-12 , Sodium Citrate , Sodium Hexametaphosphate , Chlorphenesin , Phenoxyethanol'),
	('C9348699', 'Facial Treatment Essence', 229747, 892, 4.400000, 63, '43cm L x 22cm W x 71cm H', '-', 'cosmetic', 'SK-II', 'Galactomyces Ferment Filtrate (Pitera), Butylene Glycol, Pentylene Glycol, Water, Sodium Benzoate, Methylparaben, Sorbic Acid.'),
	('C9348778', 'Eudermine Revitalizing Essence', 283060, 1255, 4.900000, 97, '94cm L x 28cm W x 48cm H', '-', 'cosmetic', 'SHISEIDO', 'Visit the Shiseido boutique'),
	('C9353155', 'Juno Antioxidant + Superfood Face Oil', 511399, 1862, 2.500000, 55, '71cm L x 13cm W x 31cm H', '-', 'cosmetic', 'SUNDAY RILEY', 'Rubus Fruticosus (Cold Pressed Blackberry) Seed Oil, Vaccinium Corymbosum (Cold Pressed Blueberry) Seed Oil, Vitis Vinifera (Cold Pressed Chardonnay Grape Seed Oil) Seed Oil, Vaccinium Macrocarpon (Cold Pressed Cranberry) Seed Oil, Rubus Idaeus (Cold Pressed Red Raspberry) Seed Oil, Daucus Carota Sativa (Cold Pressed Wild Carrot) Seed Oil, Nigella Sativa (Cold Pressed Black Cumin) Seed Oil, Brassica Oleracea Italic (Cold Pressed Broccoli) Seed Oil, Limnanthes Alba (Meadowfoam) Seed Oil.'),
	('C9362290', 'Micro Essence Skin Activating Treatment Lotion', 867452, 1183, 4.600000, 81, '87cm L x 49cm W x 99cm H', '-', 'cosmetic', 'EST', 'Micro Essence Skin Act Treat Lot Division: El (Estee Lauder)Ingredients: Water , Bifida Ferment Lysate , Peg-75 , Propanediol , Butylene Glycol , Betaine , Pentylene Glycol , Lactobacillus Ferment , Acetyl Hexapeptide-8 , Acetyl Glucosamine , Trehalose , Caffeine , Sodium Hyaluronate , Anthemis Nobilis (Chamomile) , Caprylyl Glycol , Carbomer , Ppg-5-Ceteth-20 , Citric Acid , Potassium Sorbate , Sodium Citrate , Tromethamine , Disodium Edta , Phenoxyethanol'),
	('C9379571', 'Your Skin But Better', 200273, 1854, 2.300000, 85, '48cm L x 94cm W x 20cm H', '-', 'cosmetic', 'IT COSMETICS', 'Water, Snail Secretion Filtrate, Phenyl Trimethicone, Dimethicone, Butylene Glycol, Butylene Glycol Dicaprylate/Dicaprate, Orbignya Oleifera Seed Oil, Butyloctyl Salicylate, Cetyl Peg/Ppg-10/1 Dimethicone, Cyclopentasiloxane, Cyclohexasiloxane, Magnesium Sulfate, Polyglyceryl-4 Isostearate, Dimethicone/Vinyl Dimethicone Crosspolymer, Aluminum Hydroxide, Hexyl Laurate, Stearic Acid, Calcium Stearate, Caprylyl Glycol, Triethoxycaprylylsilane, Ethylhexylglycerin, Citrus Medica Limonum (Lemon) Peel Oil, Tocopheryl Acetate, Sorbitan Isostearate, Phenoxyethanol, Citrus Aurantium Bergamia (Bergamot) Fruit Oil, 1,2-Hexanediol, Disodium Edta, Citrus Aurantium Dulcis (Orange) Peel Oil, Citrus Aurantifolia (Lime) Oil, Vitis Vinifera (Grape) Seed Oil, Punica Granatum Seed Oil, Pinus Sylvestris Leaf Oil, Persea Gratissima (Avocado) Oil, Niacinamide, Citrus Grandis (Grapefruit) Peel Oil, Cholesterol, Anthemis Nobilis Flower Water, Lactobacillus/Honeysuckle Flower/Licorice Root/Morus Alba Root/Pueraria Lobata Root/Schizandra Chinensis Fruit/Scutellaria Baicalensis Root/Sophora Japonica Flower Extract Ferment Filtrate, Perfluorohexane, Olea Europaea (Olive) Leaf Extract, Glycerin, Eucalyptus Globulus Leaf Oil, Camellia Sinensis Leaf Extract, Chrysanthemum Indicum Flower Extract, Pueraria Lobata Root Extract, Perfluorodecalin, Morus Alba Fruit Extract, Magnolia Kobus Bark Extract, Glycine Soja (Soybean) Sprout Extract, Diospyros Kaki Leaf Extract, Cinnamomum Cassia Bark Extract, Artemisia Princeps Leaf Extract, Pentafluoropropane, Curcuma Longa (Turmeric) Root Extract, Steareth-20, Hydrolyzed Hyaluronic Acid, Colloidal Oatmeal, Hydrolyzed Silk, Citric Acid, Sodium Benzoate, Potassium Sorbate, Aloe Barbadensis Leaf Extract, N-Hydroxysuccinimide, Hydrolyzed Collagen, Caprylhydroxamic Acid, Tocopherol, Thiamine Hcl, Riboflavin, Retinyl Palmitate, Pantothenic Acid, Palmitoyl Oligopeptide, Niacin, Folic Acid, Chrysin, Carnitine Hcl, Biotin, Ascorbic Acid, Palmitoyl Tetrapeptide-7, Chlorhexidine Digluconate. May Contain: Iron Oxides (Ci 77492, Ci 77491, Ci 77499).'),
	('C9416571', 'Unicorn Essence Antioxidant Primer Serum', 322018, 793, 4.300000, 46, '46cm L x 04cm W x 31cm H', '-', 'cosmetic', 'FARS', 'Water, Propanediol, Glycerin, Polysorbate 20, Glyceryl Polyacrylate, Euterpe Oleracea (Aa) Fruit Extract, Vaccinium Angustifolium (Blueberry) Fruit Extract, Lycium Barbarum (Goji) Fruit Extract, Sambucus Nigra (Elder Berry) Fruit Extract, Tamarindus Indica Seed Polysaccharide, Phenoxyethanol, Ethylhexylglycerin, Hydroxyethyl Acrylate/Sodium Acryloyldimethyl Taurate Copolymer, Vanilla Planifolia Fruit Extract, Citrus Aurantium Bergamia (Bergamot) Fruit Oil, Citrus Paradisi (Grapefruit) Peel Oil, Red 33, Red 4, Blue 1, Mica, Titanium Dioxide.'),
	('C9450793', 'Hello FAB Coconut Skin Smoothie Priming Moisturizer', 954872, 1751, 3.700000, 75, '53cm L x 13cm W x 24cm H', '-', 'cosmetic', 'FIRST AID BEAUTY', 'Cocos Nucifera (Coconut) Fruit Juice, Glucose, C12-15 Alkyl Benzoate, Maltodextrin, Water, Cyclopentasiloxane, Butylene Glycol, Glycerin, Caprylic/Capric Triglyceride, Mica, Sodium Acrylate/Sodium Acryloyldimethyl Taurate Copolymer, Cocos Nucifera (Coconut) Fruit Extract, Selaginella Lepidophylla Extract, Prunus Armeniaca (Apricot) Fruit Extract, Pyrus Malus (Apple) Fruit Extract, Vanilla Planifolia Fruit Extract, Hydrolyzed Quinoa, Coffea Arabica (Coffee) Seed Extract, Dipteryx Odorata Seed Extract, Saccharomyces/Copper Ferment, Saccharomyces/Iron Ferment, Saccharomyces/Magnesium Ferment, Saccharomyces/Silicon Ferment, Saccharomyces/Zinc Ferment, Camellia Sinensis Leaf Extract, Chrysanthemum Parthenium (Feverfew) Extract, Glycyrrhiza Glabra (Licorice) Root Extract, Ethylhexylglycerin, Sorbitan Oleate, Dimethicone Crosspolymer, Isohexadecane, Acrylates/C10-30 Alkyl Acrylate Crosspolymer, Polysorbate 80, Lactobacillus Ferment, Leuconostoc/Radish Root Ferment Filtrate, Phenoxyethanol, Disodium EDTA, Tin Oxide, Benzyl Alcohol, Potassium Sorbate, Sodium Benzoate, Sodium Hydroxide, CI 77891 (Titanium Dioxide), CI 77491 (Iron Oxides).'),
	('C9455819', 'Luminous Dewy Skin Mist', 759829, 1042, 3.400000, 62, '49cm L x 81cm W x 42cm H', '-', 'cosmetic', 'TATCHA', 'Water, Glycerin, Squalane (Olive Origin), Cyclopentasiloxane, Propanediol, Triethylhexanoin, Camellia Japonica Seed Oil, Inositol (Rice Extract), Algae Extract, Sericin (Silk Extract), Glycyrrhiza glabra (Licorice) Root Extract, Oryza Sativa (Rice) Germ Oil, Camellia Sinensis (Green Tea) Leaf Extract, Chondrus Crispus (Red algae) Extract, Panax Ginseng Root Extract, Royal Jelly Extract, Zizyphus Jujuba Fruit Extract, Thymus Serpillum (Thyme) Extract, Scutellaria Baicalensis Root Extract, Polyglyceryl-2 diisostearate, Ppg-5-Ceteth-10 Phosphate, Trideceth-12, Sodiumlauroyl Lactylate, Sorbitan Stearate, Ethylhexylglycerin, Behenyl Alcohol, Glyceryl Stearate Se, Fragrance, Sodium Hyaluronate, Alcohol, Phenoxyethanol.'),
	('C9503884', 'Luminous Dewy Skin Night Concentrate', 549988, 1663, 2.700000, 47, '07cm L x 37cm W x 10cm H', '-', 'cosmetic', 'TATCHA', 'Water, Glycerin, Propanediol, Squalane, Cyclopentasiloxane, Triethylhexanoin, Panax Ginseng Root Extract, Origanum Majorana Leaf Extract, Ziziphus Jujuba Fruit Extract, Thymus Serpyllum Extract, Royal Jelly Extract, Stearyl Glycyrrhetinate, Camellia Sinensis Leaf Extract, Algae Extract, Scutellaria Baicalensis Root Extract, Oryza Sativa (Rice) Germ Oil, Camellia Japonica Seed Oil, Sericin, Inositol, Glyceryl Stearate Se, Polyglyceryl-2 Diisostearate, Ppg-5-Ceteth-10 Phosphate, Sodium Lauroyl Lactylate, Sorbitan Stearate, Trideceth-12, Ethylhexylglycerin, Peg-240/Hdi Copolymer Bis-Decyltetradeceth-20 Ether, Butylene Glycol, Behenyl Alcohol, Parfum/Fragrance, Alcohol, Phenoxyethanol.'),
	('C9597072', 'Beauty Elixir', 523084, 710, 2.600000, 94, '77cm L x 74cm W x 01cm H', '-', 'cosmetic', 'CAUDALIE', 'Water, Alcohol*, Citrus Aurantium Amara (Bitter Orange) Flower Water*, Parfum (Fragrance)*, Rosmarinus Officinalis (Rosemary) Leaf Oil*, Potassium Alum, Glycerin*, Mentha Piperita (Peppermint) Oil*, Styrax Tonkinensis Resin Extract*, Commiphora Myrrha Resin Extract*, Melissa Officinalis (Balm Mint) Leaf Oil*, Rosa Damascena Flower Oil*, Vitis Vinifera (Grape) Fruit Extract*, Tocopherol*, Citral*, Limonene*, Linalool*, Citronellol*, Geraniol*, Farnesol*, Benzyl Benzoate*, Eugenol*. *Plant origin.'),
	('C9782508', 'The Concentrate Mini', 243558, 1414, 5.000000, 52, '65cm L x 54cm W x 72cm H', '-', 'cosmetic', 'LA MER', 'Cyclopentasiloxane, Algae (Seaweed) Extract, Glycerin, Dimethicone, Polysilicone-11, Isononyl Isononanoate, Dimethicone/Peg-10/15 Crosspolymer, Sesamum Indicum (Sesame) Seed Oil, Medicago Sativa (Alfalfa) Seed Powder, Helianthus Annuus (Sunflower) Seedcake, Prunus Amygdalus Dulcis (Sweet Almond) Seed Meal, Eucalyptus Globulus (Eucalyptus) Leaf Oil, Sodium Gluconate, Copper Gluconate, Calcium Gluconate, Magnesium Gluconate, Zinc Gluconate, Tocopheryl Succinate, Niacin, Sesamum Indicum (Sesame) Seed Powder, Water, Dimethicone Crosspolymer, Helichrysum Arenarium (Everlasting) Extract, Laminaria Ochroleuca Extract, Triticum Vulgare (Wheat) Flour Lipids, Citrus Aurantifolia (Lime) Peel Extract, Crithmum Maritimum Extract, Alteromonas Ferment Extract, Chlorella Vulgaris Extract, Yeast Extract/Faex/Extrait De Levure, Cholesterol, Linoleic Acid, Tetraacetylphytosphingosine, Caprylic/Capric Triglyceride, Rosmarinus Officinalis (Rosemary) Leaf Oil, Ocimum Basilicum (Basil) Oil, Lavandula Angustifolia (Lavender) Oil, Lavandula Hybrida (Lavandin) Oil, Dipropylene Glycol, Sodium Citrate, Limonene, Linalool, Phenoxyethanol'),
	('C9802251', 'Beauty Water', 391723, 1194, 3.500000, 32, '38cm L x 25cm W x 24cm H', '-', 'cosmetic', 'SON & PARK', 'Water, Rosa Damascena Flower Water, Hamamelis Virginiana (Witch Hazel) Water, Butylene Glycol, Propanediol, PEG-7 Caprylic/Capric Glycerides, Pentylene Glycol, Citrus Aurantium Dulcis (Orange) Fruit Extract, Xylitol, Citrus Aurantium Bergamia (Bergamot) Fruit Oil, Olea Europaea (Olive) Fruit Oil, Citrus Aurantium Dulcis (Orange) Oil, Citrus Grandis (Grapefruit) Peel Oil, Lavandula Angustifolia (Lavender) Oil, Cedrus Atlantica Bark Oil, Pelargonium Graveolens Flower Oil, Carica Papaya (Papaya) Fruit Water, Jasminum Officinale (Jasmine) Oil, Illicium Verum (Anise) Fruit/Seed Oil, Artemisia Absinthium Extract, Rose Flower Oil, Ferula Galbaniflua (Galbanum) Resin Oil, Thuja Occidentalis Leaf Extract, Eucalyptus Globulus Leaf Extract, Lavandula Angustifolia (Lavender) Flower/Leaf/Stem Extract, Melaleuca Alternifolia (Tea Tree) Leaf Extract, Melissa Officinalis Leaf (Green Tea) Extract , Mentha Piperita(Peppermint) Leaf Extract, Mentha Rotundifolia Leaf Extract, Mentha Spicata Flower/Leaf/Stem Extract, Origanum Majorana Leaf Extract, Origanum Vulgare Leaf Extract, Pelargonium Graveolens Extract, Rosmarinus Officinalis (Rosemary) Leaf Extract, Thymus Vulgaris (Thyme) Leaf Extract, Glycerin, Decyl Glucoside, 1,2-Hexanediol, PEG-40 Hydrogenated Castor Oil, PPG-26-Buteth-26, Sodium Chloride, Ethylhexylglycerin, Sodium Citrate, Citric Acid, Octanediol, Copaifera Officinalis (Balsam Copaiba) Resin, Protease, Alcohol Denat., Alcohol, Phenoxyethanol.');

-- Dumping structure for procedure dbsellerlumiere.spCreateProduct
DROP PROCEDURE IF EXISTS `spCreateProduct`;
DELIMITER //
CREATE PROCEDURE `spCreateProduct`(
	IN `product_id_in` VARCHAR(50),
	IN `product_name_in` VARCHAR(50),
	IN `price_in` BIGINT,
	IN `stock_in` BIGINT,
	IN `rating_in` FLOAT,
	IN `weight_in` FLOAT,
	IN `dimension_in` VARCHAR(50),
	IN `color_in` VARCHAR(50),
	IN `brand_in` VARCHAR(50),
	IN `description_in` TEXT
)
BEGIN
INSERT INTO dbsellerlumiere.product_cosmetic (product_id, product_name, price, stock, rating, weight, dimensions, color, category, brand, description) VALUES (product_id_in, product_name_in, price_in, stock_in, rating_in, weight_in, dimension_in, color_in, 'cosmetic', brand_in, description_in);
END//
DELIMITER ;

-- Dumping structure for procedure dbsellerlumiere.spDeleteProduct
DROP PROCEDURE IF EXISTS `spDeleteProduct`;
DELIMITER //
CREATE PROCEDURE `spDeleteProduct`(
	IN `product_id_in` VARCHAR(50)
)
BEGIN
DELETE FROM product_cosmetic 
WHERE product_id = product_id_in;
END//
DELIMITER ;

-- Dumping structure for procedure dbsellerlumiere.spGetAllProducts
DROP PROCEDURE IF EXISTS `spGetAllProducts`;
DELIMITER //
CREATE PROCEDURE `spGetAllProducts`()
BEGIN
SELECT * FROM product_cosmetic;
END//
DELIMITER ;

-- Dumping structure for procedure dbsellerlumiere.spGetAllTransaction
DROP PROCEDURE IF EXISTS `spGetAllTransaction`;
DELIMITER //
CREATE PROCEDURE `spGetAllTransaction`()
BEGIN
SELECT * FROM lumiere_transaction;
END//
DELIMITER ;

-- Dumping structure for procedure dbsellerlumiere.spInsertTransaction
DROP PROCEDURE IF EXISTS `spInsertTransaction`;
DELIMITER //
CREATE PROCEDURE `spInsertTransaction`(
	IN `order_number_in` VARCHAR(50),
	IN `transaction_id_in` VARCHAR(50),
	IN `payment_type_in` VARCHAR(50),
	IN `cust_id_in` VARCHAR(50),
	IN `product_id_in` VARCHAR(50),
	IN `quantity_in` BIGINT,
	IN `unit_price_in` BIGINT,
	IN `total_price_in` BIGINT
)
BEGIN
INSERT INTO dbsellerlumiere.lumiere_transaction (order_number, transaction_id, payment_type, cust_id, product_id, date, quantity, unit_price, total_price) 
VALUES (order_number_in, transaction_id_in, payment_type_in, cust_id_in, product_id_in, CURDATE(), quantity_in, unit_price_in, total_price_in);
END//
DELIMITER ;

-- Dumping structure for procedure dbsellerlumiere.spUpdateProduct
DROP PROCEDURE IF EXISTS `spUpdateProduct`;
DELIMITER //
CREATE PROCEDURE `spUpdateProduct`(
	IN `product_id_in` VARCHAR(50),
	IN `product_name_in` VARCHAR(50),
	IN `price_in` BIGINT,
	IN `stock_in` BIGINT,
	IN `weight_in` BIGINT,
	IN `dimensions_in` VARCHAR(50),
	IN `color_in` VARCHAR(50),
	IN `brand_in` VARCHAR(50),
	IN `description_in` TEXT
)
BEGIN
UPDATE product_cosmetic
SET 
product_name = product_name_in, 
price = price_in, 
stock = stock_in,
weight = weight_in, 
dimensions = dimensions_in,
color = color_in,
brand = brand_in, 
description = description_in
WHERE product_id = product_id_in;
END//
DELIMITER ;

-- Dumping structure for trigger dbsellerlumiere.after_insert_lumieretransaction
DROP TRIGGER IF EXISTS `after_insert_lumieretransaction`;
SET @OLDTMP_SQL_MODE=@@SQL_MODE, SQL_MODE='STRICT_TRANS_TABLES,NO_ENGINE_SUBSTITUTION';
DELIMITER //
CREATE TRIGGER `after_insert_lumieretransaction` BEFORE INSERT ON `lumiere_transaction` FOR EACH ROW BEGIN
 UPDATE product_cosmetic
    SET stock = stock - NEW.quantity
    WHERE product_id = NEW.product_id;
END//
DELIMITER ;
SET SQL_MODE=@OLDTMP_SQL_MODE;


-- Dumping database structure for dbsellerzalya
DROP DATABASE IF EXISTS `dbsellerzalya`;
CREATE DATABASE IF NOT EXISTS `dbsellerzalya` /*!40100 DEFAULT CHARACTER SET utf8mb4 COLLATE utf8mb4_0900_ai_ci */ /*!80016 DEFAULT ENCRYPTION='N' */;
USE `dbsellerzalya`;

-- Dumping structure for table dbsellerzalya.product_fashion
DROP TABLE IF EXISTS `product_fashion`;
CREATE TABLE IF NOT EXISTS `product_fashion` (
  `product_id` varchar(10) NOT NULL,
  `product_name` varchar(90) NOT NULL,
  `price` mediumint NOT NULL,
  `stock` smallint NOT NULL,
  `rating` decimal(20,6) NOT NULL,
  `weight` tinyint NOT NULL,
  `dimensions` varchar(30) NOT NULL,
  `color` varchar(10) NOT NULL,
  `category` varchar(10) NOT NULL,
  `brand` varchar(30) NOT NULL,
  `description` text NOT NULL,
  PRIMARY KEY (`product_id`)
) ENGINE=InnoDB DEFAULT CHARSET=utf8mb4 COLLATE=utf8mb4_0900_ai_ci;

-- Dumping data for table dbsellerzalya.product_fashion: ~100 rows (approximately)
DELETE FROM `product_fashion`;
INSERT INTO `product_fashion` (`product_id`, `product_name`, `price`, `stock`, `rating`, `weight`, `dimensions`, `color`, `category`, `brand`, `description`) VALUES
	('F0027981', 'DKNY Unisex Black & Grey Printed Medium Trolley Bag', 927404, 1992, 4.700000, 41, '24cm L x 87cm W x 25cm H', 'Blue', 'clothing', 'DKNY', 'Black and grey printed medium trolley bag, secured with a TSA lockOne handle on the top and one on the side, has a trolley with a retractable handle on the top and four corner mounted inline skate wheelsOne main zip compartment, zip lining, two compression straps with click clasps, one zip compartment on the flap with three zip pocketsWarranty: 5 yearsWarranty provided by Brand Owner / Manufacturer'),
	('F0056250', 'Kazo Women Yellow Floral Print Shirt Dress', 478457, 1151, 2.700000, 64, '20cm L x 04cm W x 06cm H', 'Green', 'clothing', 'Kazo', 'Yellow printed woven shirt dress, has a mandarin collar, long sleeves, button closure,, tulip hem'),
	('F0063865', 'Michael Kors Extreme Blue For Men Edt 70 ml', 998260, 1521, 3.200000, 69, '28cm L x 99cm W x 76cm H', 'Purple', 'clothing', 'Michael Kors', 'What it is:Extreme Blue For Men EdWhat it does:Masculine and sensuous at the same time is this \'Blue Eau De Toilette\' from Michael Kors. Exuding unmatched freshness, this EDT is a must-have in your collection of fragrances. Available in a 70 ml pack, this EDT has top notes of bergamot, spicy pink pepper and invigorating cardamom. The heart notes are of juniper, cypress, nutty sesame and herbaceous sage, while the base notes include warm ambrox, musk and patchouli.'),
	('F0285512', 'Parx Men Blue Slim Fit Checked Casual Shirt', 788196, 1544, 4.700000, 47, '14cm L x 67cm W x 29cm H', 'Goldenrod', 'clothing', 'Parx', 'Blue checked casual shirt, has a spread collar, long sleeves, button placket,  curved hem, one patch pocket'),
	('F0343271', 'SPYKAR Women Blue Adora Skinny Fit Mid-Rise Clean Look Stretchable Cropped Jeans', 690320, 1914, 3.100000, 20, '26cm L x 72cm W x 55cm H', 'Yellow', 'clothing', 'SPYKAR', 'Blue dark wash 5-pocket mid-rise cropped jeans, clean look, no fade, has a button and zip closure, and waistband with belt loops'),
	('F0470949', 'Gini and Jony Girls Peach-Coloured Floral Embroidered Fit & Flare Dress', 316676, 1545, 4.500000, 52, '55cm L x 87cm W x 12cm H', 'Purple', 'clothing', 'Gini and Jony', 'Peach-Coloured net embroidered woven fit and flare dress with embellished detail, has a round neck, short sleeves, concealed zip closure, tie-up on the back, attached lining and flared hem'),
	('F0561466', 'SPYKAR Women Pink Alexa Super Skinny Fit High-Rise Clean Look Stretchable Cropped Jeans', 603040, 1982, 4.800000, 53, '98cm L x 92cm W x 00cm H', 'Indigo', 'clothing', 'SPYKAR', 'Pink coloured wash 5-pocket high-rise cropped jeans, clean look, no fade, has a button and zip closure, and waistband with belt loops'),
	('F0608658', 'Urban Dog Men Grey Solid Regular Fit Sports Shorts', 309760, 642, 3.900000, 49, '77cm L x 67cm W x 92cm H', 'Fuscia', 'clothing', 'Urban Dog', 'Grey solid mid-rise sports shorts, has two pockets, a drawstring closure'),
	('F0643925', 'Vishudh Women Maroon Printed Kurta with Palazzos', 564660, 1570, 3.200000, 92, '47cm L x 80cm W x 93cm H', 'Purple', 'clothing', 'Vishudh', 'Maroon printed kurta with palazzos Maroon straight calf length kurta, has a round neck, three-quarter sleeves, straight hem, side slitsMaroon  Printed palazzos, has elasticated waistband, slip-on closure'),
	('F0664000', 'Difference of Opinion Men Grey Melange Printed Round Neck T-shirt', 114474, 1489, 3.100000, 14, '88cm L x 29cm W x 64cm H', 'Turquoise', 'clothing', 'Difference of Opinion', 'Grey printed T-shirt, has round neck, long sleeves'),
	('F0965627', 'Roadster Women Black Textured Open Toe Flats', 305976, 1467, 5.000000, 20, '59cm L x 88cm W x 55cm H', 'Khaki', 'clothing', 'Roadster', 'A pair of black open-toed flats, has regular styling, no back strap detailSynthetic upperCushioned footbedTextured and patterned outsoleWarranty: 1 monthWarranty provided by brand/manufacturer'),
	('F1213182', 'Raymond Men Blue Slim Fit Printed Formal Shirt', 249331, 1259, 4.600000, 97, '84cm L x 68cm W x 63cm H', 'Crimson', 'clothing', 'Raymond', 'Blue printed formal shirt, has a spread collar, long sleeves, button placket,  straight hem, one patch pocket'),
	('F1339400', 'her by invictus Women Tan Brown Cushioned Slip-on Shoes', 930668, 821, 2.400000, 29, '41cm L x 49cm W x 41cm H', 'Purple', 'clothing', 'her by invictus', 'A pair of pointed closed toe tan brown slip-on shoes with cushioned footbed and comfortable lining, has regular styling, and closed backSynthetic upperFoam Cushioned footbedTextured and patterned outsole'),
	('F1380229', 'Parx Men Brown & Off-White Slim Fit Printed Casual Shirt', 682759, 723, 4.900000, 8, '11cm L x 97cm W x 44cm H', 'Goldenrod', 'clothing', 'Parx', 'Brown and off-white printed casual shirt, has a spread collar, long sleeves, button placket,  curved hem, one patch pocket'),
	('F1440753', 'ID Men Beige Leather Derbys', 579345, 655, 4.100000, 98, '59cm L x 53cm W x 38cm H', 'Khaki', 'clothing', 'ID', 'A pair of round-toe beige derbys, has regular styling, lace-up detailLeather upperCushioned footbedTextured and patterned outsoleWarranty: 3 monthsWarranty provided by brand/manufacturer'),
	('F1515677', 'Parx Men Red Slim Fit Checked Casual Shirt', 447331, 1358, 2.600000, 61, '90cm L x 20cm W x 49cm H', 'Green', 'clothing', 'Parx', 'Red checked casual shirt, has a spread collar, long sleeves, button placket,  curved hem, one patch pocket'),
	('F1678275', 'SEJ by Nisha Gupta Blue & Green Printed Wooden Open Dry Bin', 863783, 1190, 2.900000, 100, '48cm L x 08cm W x 20cm H', 'Fuscia', 'clothing', 'SEJ by Nisha Gupta', 'Set content: 1 open dry binColour: Blue and greenPattern: Floral printShape: Rectangular'),
	('F1757705', 'PARFAIT Plus Size Black Solid Non-Wired Non Padded Sports Bra P5542', 866073, 1380, 2.300000, 92, '60cm L x 74cm W x 54cm H', 'Blue', 'clothing', 'PARFAIT', 'Black solid full-coverage Sports bra with mesh detailNon Padded and Non-Wired cut and sew cupsRegular straps and back closureBack style: RegularFeature: All Day Comfort'),
	('F1939816', 'SPYKAR Women Blue Adora Skinny Fit Mid-Rise Clean Look Ankle-Length Stretchable Jeans', 464657, 805, 3.200000, 69, '39cm L x 87cm W x 59cm H', 'Orange', 'clothing', 'SPYKAR', 'Blue dark wash 5-pocket mid-rise ankle-length jeans, clean look, light fade, has a button and zip closure, and waistband with belt loops'),
	('F2156098', 'her by invictus Women Green Cushioned Slip-Ons', 466377, 1123, 3.300000, 13, '93cm L x 05cm W x 16cm H', 'Orange', 'clothing', 'her by invictus', 'A pair of pointed toe green slip-ons with cushioned footbed, has regular styling, slip-on detailSynthetic Suede upperFoam cushioned footbedTextured and patterned outsole'),
	('F2252156', 'Difference of Opinion Men Navy Blue Solid Round Neck T-shirt With Side Strip Detail', 238434, 1494, 2.900000, 24, '41cm L x 47cm W x 46cm H', 'Goldenrod', 'clothing', 'Difference of Opinion', 'Navy Blue Solid T-shirt, has a round neck, long sleeves, has side stripes in the sleeves'),
	('F2404604', 'Tokyo Talkies Women Off-White & Pink Floral Print Fit and Flare Dress', 193766, 1875, 4.800000, 5, '77cm L x 34cm W x 30cm H', 'Teal', 'clothing', 'Tokyo Talkies', 'Off-White and pink printed woven fit and flare dress, has a round neck, three-quarter sleeves, concealed zip closure,, flared hem'),
	('F2617733', 'Lara Karen Women Black Solid Maxi Satin Skirt', 387286, 1054, 4.900000, 19, '77cm L x 26cm W x 84cm H', 'Crimson', 'clothing', 'Lara Karen', 'Black solid woven maxi skirt, has a slip-on closure, flared hem'),
	('F3074413', 'JEWEL JUNCTION Gold-Toned & Black Round Cufflinks', 376774, 1434, 3.700000, 32, '81cm L x 15cm W x 74cm H', 'Crimson', 'clothing', 'JEWEL JUNCTION', 'A pair of gold-toned and black round solid cufflinks'),
	('F3115617', 'Raymond Men Blue Regular Fit Self Design Formal Shirt', 839173, 1223, 3.200000, 7, '49cm L x 62cm W x 21cm H', 'Orange', 'clothing', 'Raymond', 'Blue self-design formal shirt, has a spread collar, long sleeves, button placket,  straight hem, one patch pocket'),
	('F3243929', 'Michael Kors Women Sexy Amber Eau de Parfum 100ml', 248040, 1965, 3.300000, 96, '11cm L x 15cm W x 85cm H', 'Indigo', 'clothing', 'Michael Kors', 'Michael Kors Sexy Amber Eau de ParfumFragrance Notes:Top notes - amberHeart notes - sandalwoodBase - white flowers'),
	('F3263912', 'her by invictus Women Brown Solid Cushioned Mules', 532422, 1516, 4.800000, 85, '72cm L x 47cm W x 23cm H', 'Goldenrod', 'clothing', 'her by invictus', 'A pair of pointed closed toe brown mules with comfort lining and foam cushioned footbed for your work-from-home needs. It has regular styling, and closed backSynthetic upperFoam Cushioned footbedTextured and patterned outsole'),
	('F3388932', 'AIGNER Men Platinum Eau De Toilette Perfume 100 ml', 754816, 1928, 4.200000, 86, '08cm L x 45cm W x 47cm H', 'Purple', 'clothing', 'AIGNER', 'NotesTop notes: Mandarin, bergamot, ozonic, orange, tamarind, cardamom, black pepper, clove tones and crisp mint leavesHeart notes: Spicy woody notesBase notes: Crystal amber, vanilla guaiacwood, olibanum, patchouli, sandalwood, moos'),
	('F3482819', 'her by invictus Women Black Textured Cushioned Flats', 528018, 1927, 4.700000, 18, '68cm L x 40cm W x 23cm H', 'Purple', 'clothing', 'her by invictus', 'A pair of black pointed toe cushioned flats, has regular styling, slip-on detailSynthetic upperCushioned footbedTextured and patterned outsole'),
	('F3534332', 'AccessHer Women Gold-Toned & Pink Gold-Plated AD-Studded Maang Tikka', 691226, 1409, 3.400000, 33, '20cm L x 10cm W x 47cm H', 'Violet', 'clothing', 'AccessHer', 'Gold-toned and pink gold-plated maang tikka with arificial stoned and beads studded, gold-platedSecured with a fish-hook ear wire'),
	('F3536760', 'Parx Men Blue Slim Fit Checked Casual Shirt', 655160, 894, 4.100000, 53, '08cm L x 58cm W x 48cm H', 'Aquamarine', 'clothing', 'Parx', 'Blue checked casual shirt, has a spread collar, short sleeves, button placket,  curved hem, one patch pocket'),
	('F3623994', 'DKNY Unisex Black Medium Trolley Bag', 436619, 647, 4.800000, 94, '75cm L x 85cm W x 60cm H', 'Pink', 'clothing', 'DKNY', 'Black solid medium trolley bag, secured with a TSA lockOne handle on the top and one on the side, has a trolley with a retractable handle on the top and four corner mounted inline skate wheelsOne main zip compartment, zip lining, two compression straps with click clasps and one zip pocketOne exterior zip pocketWarranty: 5 yearsWarranty provided by Brand Owner / Manufacturer'),
	('F3719957', 'YAK YAK Men Camel Brown Solid Polo Collar T-shirt', 221346, 1855, 2.600000, 65, '50cm L x 70cm W x 31cm H', 'Green', 'clothing', 'YAK YAK', 'Camel brown solid T-shirt, has polo collar, short sleeves'),
	('F3842409', 'VASTRAMAY Boys Navy Blue & Maroon Solid Kurta with Dhoti Pants & Jacket', 986011, 1384, 4.400000, 94, '68cm L x 24cm W x 60cm H', 'Yellow', 'clothing', 'VASTRAMAY', 'Navy Blue and maroon solid kurta with dhoti pantsNavy Blue straight above knee kurta, has a mandarin collar, long sleeves, curved hemGold-toned solid dhoti pants, slip-on closureMaroon woven design nehru jacket, has a mandarin collar, sleeveless, one welt pocket'),
	('F3902306', 'SEJ by Nisha Gupta Set of 6 Printed Table Placemats', 640766, 1664, 3.100000, 27, '79cm L x 37cm W x 92cm H', 'Red', 'clothing', 'SEJ by Nisha Gupta', 'Set content: 6 table mats Shape: Rectangle Colour: Pink and blue Pattern: Printed Suitable For: 6 seater table Material: Cotton '),
	('F3943190', 'MIAH Decor Set of 3 Blue & Off-White Handpainted Kitchen Storage Jars with Lids', 442156, 1228, 3.000000, 9, '69cm L x 73cm W x 00cm H', 'Mauv', 'clothing', 'MIAH Decor', 'Type:  Set of 3 Blue & Off-White Handpainted Kitchen Storage Jars with LidsPattern: PrintedFinish: GlossyMaterial: Ceramic'),
	('F4122143', 'EthnoVogue Women Beige & Grey Made to Measure Custom Made Kurta Set with Jacket', 954164, 1479, 4.500000, 31, '85cm L x 03cm W x 13cm H', 'Yellow', 'clothing', 'EthnoVogue', 'Beige & Grey made to measure kurta with churidar anddupattaBeige made to measure calflength kurta, has a V-neck, three-quarter sleeves, lightly padded on bust, flared hem, concealed zip closureGrey solid made to measure churidar, drawstring closureGrey net sequined dupatta, has printed tapingWhat is Made to Measure?Customised Kurta Set according to your Bust and Length. So please refer to the Size Chart to pick your perfect size.How to measure bust?Measure under your arms and around your chest to find your bust size in inchesHow to measure Kurta length?Measure from shoulder till barefoot to find kurta length in'),
	('F4341151', 'JEWEL JUNCTION Gold-Toned Square Cufflinks', 331178, 964, 2.500000, 55, '68cm L x 79cm W x 98cm H', 'Purple', 'clothing', 'JEWEL JUNCTION', 'A pair of gold-toned square solid cufflinks'),
	('F4422058', 'ID Men Brown Leather Loafers', 838882, 936, 3.700000, 92, '96cm L x 42cm W x 60cm H', 'Fuscia', 'clothing', 'ID', 'A pair of square toe brown loafers, has regular styling, slip-on detailLeather upperCushioned footbedTextured and patterned outsoleWarranty: 3 monthsWarranty provided by brand/manufacturer'),
	('F4470268', 'Homesake Gold-Toned Solid Handcrafted Table Lamp with Shade', 757365, 711, 2.300000, 95, '84cm L x 52cm W x 24cm H', 'Maroon', 'clothing', 'Homesake', 'Type: Handcrafted Table Lamp with ShadeColour: Gold-TonedPattern: SolidShape: FrustumShade material: FabricBase material: AluminiumSwitch Type: Toggle Button'),
	('F4527533', 'Police Men To Be The King Eau De Toilette 125 ml', 359746, 1440, 4.500000, 75, '46cm L x 67cm W x 40cm H', 'Aquamarine', 'clothing', 'Police', 'To Be The King Eau De Toilette'),
	('F4535223', 'Urban Dog Men Grey Printed Regular Fit Sports Shorts', 104323, 963, 3.100000, 94, '50cm L x 21cm W x 09cm H', 'Violet', 'clothing', 'Urban Dog', 'Grey printed mid-rise sports shorts, has two pockets, a drawstring closure'),
	('F4612655', 'Gini and Jony Boys Navy Blue Regular Fit Solid Casual Shirt', 453742, 1939, 4.400000, 25, '79cm L x 61cm W x 82cm H', 'Green', 'clothing', 'Gini and Jony', 'Navy Blue solid casual shirt, has a spread collar, long sleeves, button placket, and curved hem'),
	('F4663301', 'Homesake Gold-Toned & White Solid Handcrafted Table Lamp with Shade', 806681, 1374, 2.700000, 58, '01cm L x 89cm W x 97cm H', 'Turquoise', 'clothing', 'Homesake', 'Type: Handcrafted Table Lamp with ShadeColour: Gold-Toned and whitePattern: SolidShape: FrustumShade material: FabricBase material: AluminiumBulb Holder Type: E27Switch Type: Toggle ButtonComes with bulb'),
	('F4682635', 'Parx Men Brown Tapered Fit Solid Regular Trousers', 755277, 881, 4.000000, 55, '45cm L x 22cm W x 45cm H', 'Turquoise', 'clothing', 'Parx', 'Brown solid regular trousers regular trousers'),
	('F4713449', 'HIGHLANDER Men Navy Blue & Maroon Slim Fit Checked Casual Shirt', 764277, 1037, 2.900000, 35, '42cm L x 27cm W x 84cm H', 'Blue', 'clothing', 'HIGHLANDER', 'Navy Blue and maroon checked casual shirt, has a spread collar, long sleeves, button placket,  curved hem, one patch pocket'),
	('F4827313', 'Park Avenue Women Blue Skinny Fit Mid-Rise Clean Look Jeans', 280919, 696, 4.600000, 12, '50cm L x 00cm W x 11cm H', 'Turquoise', 'clothing', 'Park Avenue', 'Blue dark wash five-pocket mid-rise jeans, clean look with light fade, has a button and zip closure, waistband with belt loops'),
	('F4862423', 'U.S. Polo Assn. Denim Co. Men Navy Blue Solid Bomber Jacket', 183232, 994, 3.400000, 66, '55cm L x 49cm W x 79cm H', 'Teal', 'clothing', 'U.S. Polo Assn. Denim Co.', 'Navy solid bomber jacket, has a stand collar, 2 pockets, zip closure, long sleeves, straight hem, and attached lining with 3 inner pockets'),
	('F4935081', 'Kenneth Cole Women Navy Blue Solid Backpack', 178576, 1921, 2.100000, 75, '86cm L x 45cm W x 19cm H', 'Khaki', 'clothing', 'Kenneth Cole', 'Navy Blue backpackNon-Padded haul loop1 main compartment with zip closurePadded backZip PocketPadded shoulder strap: PaddedWater-resistance: No'),
	('F4939547', 'Parx Men Green Printed Polo Collar T-shirt', 558759, 1001, 3.200000, 48, '98cm L x 27cm W x 44cm H', 'Green', 'clothing', 'Parx', 'Green printed T-shirt, has a polo collar, and short sleeves'),
	('F5098210', 'Soie Nude-Coloured Solid Non-Wired Non Padded Maternity Bra CB-331NUDE', 495899, 1515, 2.400000, 96, '96cm L x 80cm W x 05cm H', 'Fuscia', 'clothing', 'Soie', 'Nude-Coloured solid full-coverage Maternity bra Non Padded and Non-Wired seamless cups Regular straps and back closure Back style: Regular Feature: All Day Comfort'),
	('F5169515', 'HIGHLANDER Men Mustard & Black Slim Fit Checked Casual Shirt', 254315, 599, 4.400000, 62, '88cm L x 85cm W x 95cm H', 'Aquamarine', 'clothing', 'HIGHLANDER', 'Mustard and black checked casual shirt, has a spread collar, long sleeves, button placket,  curved hem, one patch pocket'),
	('F5828744', 'ANNA SUI Women La Vie De Boheme EDT 75ml', 475836, 932, 4.400000, 80, '99cm L x 26cm W x 57cm H', 'Mauv', 'clothing', 'ANNA SUI', 'ANNA SUI La Vie De Boheme Eau De ToiletteStrong perfumeLasts 2 to 3 hoursFresh FragranceTop notes: Turkish rose, sparkling pear, berries and pitahaya accordHeart notes: Red magnolia, peony, pink freesiaBase notes: dry woods, sandalwood, musk and black vanillaIt comes in a 75 ml bottle.'),
	('F6081062', 'Peter England Men Black Briefs PIWBK9146012', 679039, 506, 2.200000, 82, '54cm L x 44cm W x 52cm H', 'Purple', 'clothing', 'Peter England', 'A pair of black briefs, has an elasticated waistband and a panelled front with a double-layered contoured pouch'),
	('F6165387', 'Raymond Men Blue Self-Design Single-Breasted Bandhgala Suit', 499534, 1355, 4.700000, 83, '38cm L x 97cm W x 91cm H', 'Puce', 'clothing', 'Raymond', 'Blue self-design bandhgala suitBlue self-design bandhgala blazer, has a mandarin collar, single breasted with full button placket, long sleeves, three pockets, an attached lining and a double-vented back hemBlue self-design mid-rise trousers, has a zip fly with a button and a hook-and-bar closure, four pockets, a waistband with belt loops'),
	('F6372360', 'Sera Women Blue Printed Kurta with Palazzos', 555994, 1732, 3.000000, 100, '91cm L x 19cm W x 76cm H', 'Maroon', 'clothing', 'Sera', 'Blue printed kurta with palazzos Blue A-line calf length kurta, has a round neck, short sleeves, flared hem Blue solid palazzos, button closure'),
	('F6539529', 'BuckleUp Women Multicoloured Printed Belt', 722031, 1219, 2.300000, 24, '72cm L x 22cm W x 17cm H', 'Yellow', 'clothing', 'BuckleUp', 'Multicoloured printed beltReversible: NoStretchable: NoSecured with a tangWarranty: 1 monthWarranty provided by brand/manufacturer'),
	('F6612840', 'Gini and Jony Girls Blue Solid Jacket', 465507, 1310, 4.100000, 21, '22cm L x 92cm W x 22cm H', 'Blue', 'clothing', 'Gini and Jony', 'Blue solid jacket, has a spread collar, 4 pockets, button closure, long sleeves, straight hem'),
	('F6619206', 'ID Men Tan Brown Fisherman Leather Sandals', 243059, 591, 3.500000, 41, '26cm L x 74cm W x 94cm H', 'Indigo', 'clothing', 'ID', 'A pair of tan brown fisherman sandalsLeather upper with velcro closureCushioned footbedPatterned synthetic outsoleWarranty: 3 monthsWarranty provided by brand/manufacturer'),
	('F6877089', 'Alcis Women Yellow & Blue Colorblocked Tights', 756413, 954, 2.400000, 61, '24cm L x 08cm W x 66cm H', 'Aquamarine', 'clothing', 'Alcis', 'Alcis Women  Yellow & Blue Colorblocked Tights, three-fouth length, elasticated waist'),
	('F6945608', 'SHOWOFF Men Brown Solid Slim Fit Regular Shorts', 510270, 1670, 5.000000, 12, '33cm L x 09cm W x 87cm H', 'Orange', 'clothing', 'SHOWOFF', 'Brown solid low-rise regular shorts, has four pockets, a button closure'),
	('F7003570', 'Story@home Multicoloured Geometric 210TC Cotton 1 King Bedsheet with 2 Pillow Covers', 725635, 1991, 4.900000, 8, '40cm L x 01cm W x 08cm H', 'Purple', 'clothing', 'Story@home', 'Set content: 1 King bedsheet with 2 pillow coversQuality: Fine Thread count: 210Colour: MulticolouredPattern: Geometric'),
	('F7098593', 'ID Men Brown Leather Formal Slip-Ons', 409648, 1496, 4.500000, 97, '87cm L x 20cm W x 06cm H', 'Teal', 'clothing', 'ID', 'A pair of brown square-toed formal slip-on shoes, has elasticated gussets on both sidesLeather upper, has a textured detailCushioned footbedTextured TPR outsoleWarranty: 3 months against manufacturing defect onlyWarranty provided by the brand owner / manufacturer'),
	('F7100984', 'SPYKAR Women Blue Adora Skinny Fit Mid-Rise Clean Look Stretchable Ankle Jeans', 614435, 859, 4.400000, 45, '35cm L x 99cm W x 99cm H', 'Teal', 'clothing', 'SPYKAR', 'Blue medium wash 5-pocket mid-rise jeans, clean look, heavy fade, has a button and zip closure, and waistband with belt loops'),
	('F7221836', 'Lady Lyka Women Pack of 2 Beginners Bras TEENAGER-WHT-BLK', 319716, 1592, 4.600000, 8, '66cm L x 07cm W x 84cm H', 'Orange', 'clothing', 'Lady Lyka', 'Black and white solid medium-coverage beginners brasNon Padded and Non-Wired cut and sew cupsRegular straps and back closureBack style: RegularFeature: All Day Comfort'),
	('F7230204', 'Sweet Dreams Men Navy Blue Solid Straight-Fit Trackpants', 917244, 1697, 2.200000, 91, '24cm L x 59cm W x 01cm H', 'Pink', 'clothing', 'Sweet Dreams', 'Navy blue solid straight-fit trackpant, has an elasticated waistband with a drawstring fastening, two pockets'),
	('F7275050', 'MIAH Decor Beige & Black Indian Art Printed Set of 4 Ceramic Bowls', 703024, 648, 3.600000, 72, '73cm L x 99cm W x 70cm H', 'Purple', 'clothing', 'MIAH Decor', 'Type: BowlsPattern: PrintedFinish: Matte Material: Ceramic'),
	('F7370848', 'PARFAIT Plus Size Black Striped Non-Wired Lightly Padded T-shirt Bra P5252', 740817, 1303, 2.900000, 94, '44cm L x 45cm W x 13cm H', 'Crimson', 'clothing', 'PARFAIT', 'Black striped medium-coverage T-shirt braLightly Padded and Non-Wired seamless cupsRegular straps and back closureBack style: RegularFeature: All Day Comfort'),
	('F7393199', 'Gini and Jony Girls Navy Blue Washed Denim Jacket', 233500, 1092, 3.100000, 85, '51cm L x 47cm W x 74cm H', 'Turquoise', 'clothing', 'Gini and Jony', 'Navy Blue washed denim jacket, has a spread collar, 4 pockets, button closure, long sleeves, straight hem, and unlined'),
	('F7451970', 'Gini and Jony Boys Red & Grey Melange Solid Varsity Jacket with Applique Detail', 826423, 1319, 4.900000, 8, '52cm L x 24cm W x 84cm H', 'Pink', 'clothing', 'Gini and Jony', 'Red and Grey Melange solid varsity jacket, has a stand collar, snap button closure, long sleeves, straight hem, unlined'),
	('F7532489', 'PARFAIT Plus Size Blue Solid Underwired Lightly Padded T-shirt Bra P5441', 710888, 1212, 3.300000, 5, '59cm L x 77cm W x 15cm H', 'Goldenrod', 'clothing', 'PARFAIT', 'Blue solid medium-coverage T-shirt braLightly padded and underwired seamless cupsRegular straps and back closureBack style: RegularFeature: All Day Comfort'),
	('F7535636', 'Vishudh Women Off-White & Green Floral Print A-Line Dress', 506787, 686, 3.800000, 16, '95cm L x 53cm W x 67cm H', 'Fuscia', 'clothing', 'Vishudh', 'Off-White and green printed woven A-line dress, has a mandarin collar, three-quarter sleeves, button closure,, flared hem'),
	('F7811527', 'Story@home Mauve & Grey Geometric 210 TC Cotton 1 King Bedsheet with 2 Pillow Covers', 483428, 1671, 2.400000, 17, '68cm L x 15cm W x 49cm H', 'Fuscia', 'clothing', 'Story@home', 'Set content: 1 King bedsheet with 2 pillow coversQuality: FineThread count: 210Colour: Mauve and GreyPattern: Geometric'),
	('F7849452', 'FIDO DIDO Men White Printed Round Neck T-shirt', 151580, 1593, 4.600000, 15, '44cm L x 56cm W x 43cm H', 'Violet', 'clothing', 'FIDO DIDO', 'White and black printed T-shirt,has round neck,short sleeves'),
	('F7850938', 'PARFAIT Plus Size Blue Solid Underwired Lightly Padded Plunge Bra 2801', 146510, 763, 2.200000, 39, '77cm L x 37cm W x 63cm H', 'Aquamarine', 'clothing', 'PARFAIT', 'Blue solid medium-coverage plunge bra with lace detailLightly padded and underwired seamless cupsRegular straps and back closureBack style: RegularFeature: All Day Comfort'),
	('F7887645', 'PARFAIT Plus Size Women Navy Blue  White Solid Low-Rise Bikini Brief PP303', 251578, 771, 3.300000, 19, '53cm L x 94cm W x 14cm H', 'Red', 'clothing', 'PARFAIT', 'Navy blue and white solid low rise bikini briefs, has an inner elasticated waistband with lace detail, double layered gusset'),
	('F7890291', 'PARFAIT Plus Size Red Solid Underwired Lightly Padded T-shirt Bra P5391', 306068, 645, 4.000000, 54, '88cm L x 04cm W x 48cm H', 'Violet', 'clothing', 'PARFAIT', 'Red solid medium-coverage T-shirt bra Lightly Padded and Underwired seamless cups Regular straps and back closure Back style: Regular Feature: All Day Comfort'),
	('F7963924', 'SEJ by Nisha Gupta Set of 6 Mustard & Blue Printed Table Placemats', 796812, 1441, 2.400000, 52, '80cm L x 26cm W x 14cm H', 'Crimson', 'clothing', 'SEJ by Nisha Gupta', 'Set content: 6 table mats Shape: Rectangle Colour: Mustard and blue Pattern: Printed Suitable For: 6 seater table Material: Cotton '),
	('F7964464', 'SPYKAR Women Blue Adora Skinny Fit Mid-Rise Low Distress Ankle-length Stretchable Jeans', 767439, 874, 2.300000, 65, '86cm L x 47cm W x 16cm H', 'Turquoise', 'clothing', 'SPYKAR', 'Blue medium wash 5-pocket mid-rise ankle-length jeans, low distress, heavy fade, has a button and zip closure, and waistband with belt loops'),
	('F7986007', 'Campus Sutra Men Black Solid Round Neck Faux Leather T-shirt', 996310, 924, 4.100000, 86, '95cm L x 80cm W x 61cm H', 'Blue', 'clothing', 'Campus Sutra', 'Black solid T-shirt, has a round neck, and long sleeves with faux leather detail'),
	('F8077074', 'Parx Men Blue & Off-White Slim Fit Printed Casual Shirt', 954951, 648, 3.400000, 7, '04cm L x 09cm W x 53cm H', 'Purple', 'clothing', 'Parx', 'Blue and off-white printed casual shirt, has a spread collar, long sleeves, button placket,  curved hem, one patch pocket'),
	('F8117547', 'Campus Sutra Men White & Blue Regular Fit Colourblocked Casual Shirt', 409017, 1425, 3.100000, 25, '82cm L x 34cm W x 86cm H', 'Fuscia', 'clothing', 'Campus Sutra', 'White and blue colourblocked casual shirt, has a spread collar, long sleeves, button placket,  curved hem, one patch pocket'),
	('F8124688', 'Gini and Jony Girls Yellow Fit and Flare Embellished Dress', 803689, 1766, 2.300000, 54, '64cm L x 50cm W x 82cm H', 'Fuscia', 'clothing', 'Gini and Jony', 'Yellow embellished woven fit and flare dress, has a round neck, short sleeves, zip closure, an attached lining, and flared hem'),
	('F8169626', 'Parx Men Blue Slim Fit Checked Casual Shirt', 188118, 1946, 2.800000, 38, '54cm L x 06cm W x 56cm H', 'Violet', 'clothing', 'Parx', 'Blue checked casual shirt, has a spread collar, long sleeves, button placket,  curved hem, one patch pocket'),
	('F8199936', 'SEJ by Nisha Gupta Set of 6 Yellow & Blue Printed Table Placemats', 735005, 1968, 3.900000, 35, '57cm L x 11cm W x 25cm H', 'Turquoise', 'clothing', 'SEJ by Nisha Gupta', 'Set content: 6 table mats Shape: Rectangle Colour: Yellow and bluePattern: Printed Suitable For: 6 seater table Material: Cotton '),
	('F8252341', 'Parx Men Yellow & Off-White Slim Fit Checked Casual Shirt', 139964, 729, 2.400000, 13, '74cm L x 21cm W x 37cm H', 'Blue', 'clothing', 'Parx', 'Yellow and off-white checked casual shirt, has a spread collar, long sleeves, button placket,  curved hem, one patch pocket'),
	('F8362697', 'PARFAIT Plus Size Black Lace Non-Wired Non Padded Everyday Bra P5482', 679113, 933, 3.000000, 89, '02cm L x 49cm W x 46cm H', 'Blue', 'clothing', 'PARFAIT', 'Black lace full-coverage everyday braNon padded and non-wired cut and sew cupsRegular straps and back closureBack style: RegularFeature: Side Bone'),
	('F8407147', 'SEJ by Nisha Gupta Set of 6 Pink Printed Table Placemats', 448783, 1635, 2.600000, 7, '98cm L x 66cm W x 47cm H', 'Goldenrod', 'clothing', 'SEJ by Nisha Gupta', 'Set content: 6 table mats Shape: Rectangle Colour: Pink and multicoloured Pattern: Printed Suitable For: 6 seater table Material: Cotton '),
	('F8563635', 'SEJ by Nisha Gupta Set of 4 Multicoloured Printed Table Placemats', 330765, 1679, 3.200000, 6, '85cm L x 42cm W x 02cm H', 'Mauv', 'clothing', 'SEJ by Nisha Gupta', 'Set content: 4 table matsShape: RectangleColour:multicolouredPattern: PrintedSuitable For: 4 seater tableMaterial: Cotton'),
	('F8999931', 'SPYKAR Women Burgundy Alexa Super Skinny Fit High-Rise Clean Look Stretchable Ankle Jeans', 915086, 1321, 2.000000, 79, '06cm L x 41cm W x 29cm H', 'Orange', 'clothing', 'SPYKAR', 'Burgundy coloured wash 5-pocket high-rise jeans, clean look, no fade, has a button and zip closure, and waistband with belt loops'),
	('F9061754', 'ahilya Sterling Silver Textured Bangle', 973214, 1132, 2.700000, 84, '09cm L x 71cm W x 31cm H', 'Turquoise', 'clothing', 'ahilya', 'Sterling silver textured bangle, has animal-shaped detail on the endsNote: This jewellery is handcrafted, therefore there might be slight variations from the image.'),
	('F9145351', 'DKNY Unisex Black Large Trolley Bag', 914614, 1845, 2.300000, 85, '68cm L x 78cm W x 16cm H', 'Goldenrod', 'clothing', 'DKNY', 'Black solid large trolley bag, secured with a TSA lockOne handle on the top and one on the side, has a trolley with a retractable handle on the top and four corner mounted inline skate wheelsOne main zip compartment, zip lining, two compression straps with click clasps and one zip pocketOne exterior zip pocketWarranty: 5 yearsWarranty provided by Brand Owner / Manufacturer'),
	('F9258545', 'her by invictus Women Red Cushioned Loafers', 478518, 554, 3.400000, 58, '52cm L x 44cm W x 74cm H', 'Teal', 'clothing', 'her by invictus', 'A pair of round closed toe red loafers with comfort lining and foam cushioned footbed for your work-from-home needs. It has regular styling, and closed backSynthetic upperFoam Cushioned footbedTextured and patterned outsole'),
	('F9519340', 'Parx Men Blue Slim Fit Checked Casual Shirt', 910428, 1867, 3.400000, 97, '27cm L x 93cm W x 59cm H', 'Fuscia', 'clothing', 'Parx', 'Blue checked casual shirt, has a spread collar, long sleeves, button placket,  curved hem, one pocket'),
	('F9546153', 'JEWEL JUNCTION Gold-Toned Geometric Cufflinks', 713966, 873, 3.800000, 83, '61cm L x 22cm W x 61cm H', 'Violet', 'clothing', 'JEWEL JUNCTION', 'A pair of gold-toned and blue geometric printed cufflinksComes in a signature JEWEL JUNCTION case'),
	('F9601220', 'Parx Men Blue Slim Fit Printed Casual Shirt', 733580, 1225, 3.100000, 63, '83cm L x 03cm W x 90cm H', 'Indigo', 'clothing', 'Parx', 'Blue printed casual shirt, has a spread collar, long sleeves, button placket,  curved hem, one patch pocket'),
	('F9666558', 'Story@home Off-White & Blue Geometric 210TC Cotton 1 King Bedsheet with 2 Pillow Covers', 831873, 1980, 2.800000, 56, '52cm L x 66cm W x 41cm H', 'Mauv', 'clothing', 'Story@home', 'Set content: 1 King bedsheet with 2 pillow coversQuality: FineThread count: 210Colour: Off-White and bluePattern: Geometric'),
	('F9768961', 'SPYKAR Women Blue Adora Skinny Fit Mid-Rise Mildly Distressed Stretchable Cropped Jeans', 599245, 993, 3.700000, 99, '52cm L x 99cm W x 15cm H', 'Red', 'clothing', 'SPYKAR', 'Blue medium wash 5-pocket mid-rise cropped jeans, mildly distressed, light fade, has a button and zip closure, and waistband with belt loops'),
	('F9821817', 'Being Human Clothing Navy Printed Casual Slim Shirt', 585657, 1054, 3.200000, 55, '49cm L x 84cm W x 22cm H', 'Yellow', 'clothing', 'Being Human', 'Navy blue printedcasual shirt, has a spread collar, a full button placket, two pockets,long sleeves, a curved hem'),
	('F9864189', 'SEJ by Nisha Gupta Set of 6 Multicoloured Printed Table Placemats', 203991, 783, 4.500000, 62, '34cm L x 67cm W x 29cm H', 'Violet', 'clothing', 'SEJ by Nisha Gupta', 'Set content: 6 table matsShape: RectangleColour: MulticolouredPattern: PrintedSuitable For: 6 seater tableMaterial: Cotton');

-- Dumping structure for procedure dbsellerzalya.spCreateProduct
DROP PROCEDURE IF EXISTS `spCreateProduct`;
DELIMITER //
CREATE PROCEDURE `spCreateProduct`(
	IN `product_id_in` VARCHAR(50),
	IN `product_name_in` VARCHAR(50),
	IN `price_in` BIGINT,
	IN `stock_in` BIGINT,
	IN `rating_in` FLOAT,
	IN `weight_in` BIGINT,
	IN `dimension_in` VARCHAR(50),
	IN `color_in` VARCHAR(50),
	IN `brand_in` VARCHAR(50),
	IN `description_in` TEXT
)
BEGIN
INSERT INTO dbsellerzalya.product_fashion (product_id, product_name, price, stock, rating, weight, dimensions, color, category, brand, description) VALUES (product_id_in, product_name_in, price_in, stock_in, rating_in, weight_in, dimension_in, color_in, 'fashion', brand_in, description_in);
END//
DELIMITER ;

-- Dumping structure for procedure dbsellerzalya.spDeleteProduct
DROP PROCEDURE IF EXISTS `spDeleteProduct`;
DELIMITER //
CREATE PROCEDURE `spDeleteProduct`(
	IN `product_id_in` VARCHAR(50)
)
BEGIN
DELETE FROM product_fashion
WHERE product_id = product_id_in;
END//
DELIMITER ;

-- Dumping structure for procedure dbsellerzalya.spGetAllProducts
DROP PROCEDURE IF EXISTS `spGetAllProducts`;
DELIMITER //
CREATE PROCEDURE `spGetAllProducts`()
BEGIN
SELECT * FROM product_fashion;
END//
DELIMITER ;

-- Dumping structure for procedure dbsellerzalya.spGetAllTransaction
DROP PROCEDURE IF EXISTS `spGetAllTransaction`;
DELIMITER //
CREATE PROCEDURE `spGetAllTransaction`()
BEGIN
SELECT * FROM zalya_transaction;
END//
DELIMITER ;

-- Dumping structure for procedure dbsellerzalya.spInsertTransaction
DROP PROCEDURE IF EXISTS `spInsertTransaction`;
DELIMITER //
CREATE PROCEDURE `spInsertTransaction`(
	IN `order_number_in` VARCHAR(50),
	IN `transaction_id_in` VARCHAR(50),
	IN `payment_type_in` VARCHAR(50),
	IN `cust_id_in` VARCHAR(50),
	IN `product_id_in` VARCHAR(50),
	IN `quantity_in` BIGINT,
	IN `unit_price_in` BIGINT,
	IN `total_price_in` BIGINT
)
BEGIN
INSERT INTO dbsellerzalya.zalya_transaction (order_number, transaction_id, payment_type, cust_id, product_id, date, quantity, unit_price, total_price) 
VALUES (order_number_in, transaction_id_in, payment_type_in, cust_id_in, product_id_in, CURDATE(), quantity_in, unit_price_in, total_price_in);
END//
DELIMITER ;

-- Dumping structure for procedure dbsellerzalya.spUpdateProduct
DROP PROCEDURE IF EXISTS `spUpdateProduct`;
DELIMITER //
CREATE PROCEDURE `spUpdateProduct`(
	IN `product_id_in` VARCHAR(50),
	IN `product_name_in` VARCHAR(50),
	IN `price_in` BIGINT,
	IN `stock_in` BIGINT,
	IN `weight_in` BIGINT,
	IN `dimensions_in` VARCHAR(50),
	IN `color_in` VARCHAR(50),
	IN `brand_in` VARCHAR(50),
	IN `description_in` TEXT
)
BEGIN
UPDATE product_fashion
SET 
product_name = product_name_in, 
price = price_in, 
stock = stock_in,
weight = weight_in, 
dimensions = dimensions_in,
color = color_in,
brand = brand_in, 
description = description_in
WHERE product_id = product_id_in;
END//
DELIMITER ;

-- Dumping structure for table dbsellerzalya.zalya_transaction
DROP TABLE IF EXISTS `zalya_transaction`;
CREATE TABLE IF NOT EXISTS `zalya_transaction` (
  `order_number` varchar(10) NOT NULL,
  `transaction_id` varchar(40) NOT NULL,
  `payment_type` varchar(50) CHARACTER SET utf8mb4 COLLATE utf8mb4_0900_ai_ci NOT NULL,
  `cust_id` varchar(10) NOT NULL,
  `product_id` varchar(10) NOT NULL,
  `date` date NOT NULL,
  `quantity` bigint NOT NULL DEFAULT '0',
  `unit_price` bigint NOT NULL,
  `total_price` bigint NOT NULL DEFAULT '0'
) ENGINE=InnoDB DEFAULT CHARSET=utf8mb4 COLLATE=utf8mb4_0900_ai_ci;

-- Dumping data for table dbsellerzalya.zalya_transaction: ~200 rows (approximately)
DELETE FROM `zalya_transaction`;
INSERT INTO `zalya_transaction` (`order_number`, `transaction_id`, `payment_type`, `cust_id`, `product_id`, `date`, `quantity`, `unit_price`, `total_price`) VALUES
	('OR008032', 'zyw28385-5vwp-fk20-8upb-iofm6svdo8xr', 'credit_card', 'CT018895', 'F3074413', '2022-06-24', 2, 376774, 753548),
	('OR014945', 'zt2hqk10-r3a3-qm43-h236-xb1ih4c4sbfn', 'bca_klikbca', 'CT058064', 'F6612840', '2023-01-16', 2, 465507, 931014),
	('OR016846', 'znl4e0de-k1z9-6pkn-k7na-jsx2go6n5b3s', 'bank_transfer', 'CT948394', 'F2156098', '2023-04-09', 5, 466377, 2331885),
	('OR023439', 'zn4eojyg-g4jt-f3en-iigh-q3znru6qc9ck', 'echannel', 'CT999828', 'F4612655', '2022-12-23', 2, 453742, 907484),
	('OR028572', 'zba9qny4-53bi-63uh-jau0-9jfy8mxtds42', 'bca_klikpay', 'CT146976', 'F9519340', '2022-10-27', 3, 910428, 2731284),
	('OR046745', 'za3mvhvg-j59h-ni0w-83t1-68kostzoqy2z', 'gopay', 'CT744478', 'F3388932', '2022-08-13', 2, 754816, 1509632),
	('OR049601', 'z73j68nw-5r8t-72rb-zrw9-876nf2pmvos5', 'credit_card', 'CT460639', 'F3115617', '2022-11-21', 4, 839173, 3356692),
	('OR050456', 'z5kzg8o2-a0he-b3b6-l0vm-mhx83mt6kfyk', 'qris', 'CT207216', 'F0343271', '2023-05-18', 1, 690320, 690320),
	('OR058013', 'z31m8l6n-me1n-o87j-uide-t279kwm09eq3', 'bca_klikpay', 'CT106978', 'F4535223', '2022-08-27', 2, 104323, 208646),
	('OR061638', 'z2jua4jk-lx5r-w5mt-42m9-mle8pywkitcw', 'qris', 'CT140834', 'F8199936', '2023-04-01', 3, 735005, 2205015),
	('OR074955', 'z2bz9o6r-r1sx-r5q9-x57z-06vov2b3621z', 'cstore', 'CT368224', 'F4827313', '2023-04-04', 1, 280919, 280919),
	('OR077887', 'yyy69vb3-1dzb-hdeq-jkex-42th031bf8ol', 'gopay', 'CT776323', 'F7451970', '2023-03-05', 5, 826423, 4132115),
	('OR083225', 'yyjyh7w5-bqy7-t0i6-4lwg-9wb9ufu1j746', 'credit_card', 'CT960439', 'F0664000', '2022-07-31', 5, 114474, 572370),
	('OR096235', 'ywwhe8cp-k86h-4knk-cjs7-6wmscicffeeg', 'gopay', 'CT874237', 'F7098593', '2022-07-27', 2, 409648, 819296),
	('OR115575', 'ywc84e5g-qj4v-o0h7-a717-flufdh3jrht1', 'cstore', 'CT365819', 'F3842409', '2022-08-26', 2, 986011, 1972022),
	('OR124844', 'yswspe4j-h51z-2qoy-e17n-vdum9qmfxbe6', 'echannel', 'CT338072', 'F4939547', '2023-04-07', 5, 558759, 2793795),
	('OR127047', 'ysdobff2-tutz-sqg3-g7ni-19fzpzj7xd22', 'bca_klikpay', 'CT335033', 'F6165387', '2023-01-07', 3, 499534, 1498602),
	('OR132953', 'ymd7jjt1-lt63-kvi7-ykdl-m4w6khzqqwqc', 'echannel', 'CT653859', 'F7003570', '2023-04-11', 5, 725635, 3628175),
	('OR133210', 'yjuk2yaw-rxsg-5uiy-gcbb-6v8usf37nfdb', 'credit_card', 'CT091686', 'F1440753', '2022-09-14', 2, 579345, 1158690),
	('OR137529', 'yi7109qc-3lof-coe5-8y7j-89zo8sx79bml', 'qris', 'CT197967', 'F6619206', '2022-11-05', 5, 243059, 1215295),
	('OR138403', 'yhn7868x-dngg-fyxn-ahak-8ac9v5113b0i', 'credit_card', 'CT153309', 'F7221836', '2022-12-20', 3, 319716, 959148),
	('OR156832', 'ygys8wzt-lc55-yeef-zfmu-i9lpm2l2c0qm', 'echannel', 'CT979936', 'F4663301', '2023-02-28', 3, 806681, 2420043),
	('OR161777', 'yez31d27-wtl8-nq59-44p6-lomt48uy9n30', 'credit_card', 'CT498493', 'F1678275', '2023-04-15', 1, 863783, 863783),
	('OR163921', 'y8nlrhff-ej1u-vgx7-85jz-apbaegacuir3', 'bca_klikbca', 'CT176558', 'F7849452', '2022-10-27', 2, 151580, 303160),
	('OR168862', 'y8cxchnw-mszh-u7jb-exe8-dferddx6u2m6', 'gopay', 'CT658935', 'F4713449', '2022-11-26', 3, 764277, 2292831),
	('OR172674', 'y5knci7c-58pi-gbxe-5kvp-3eaxc7ojr820', 'qris', 'CT786904', 'F0063865', '2022-12-11', 2, 998260, 1996520),
	('OR182851', 'y4x0nfrz-8vem-zror-fsv6-8clbt48g0f8i', 'credit_card', 'CT276034', 'F7890291', '2023-05-12', 4, 306068, 1224272),
	('OR186975', 'xwzhs8e0-umy5-lhz0-4tts-18ylsc0pgijq', 'qris', 'CT336162', 'F5098210', '2022-12-03', 4, 495899, 1983596),
	('OR189444', 'xrt0ez3p-hf4b-ytt8-g15d-mx16jbl7i90h', 'bca_klikbca', 'CT595257', 'F3482819', '2023-01-11', 5, 528018, 2640090),
	('OR194554', 'xq80game-7vb9-d5pz-kim0-hksaaxxyduio', 'bca_klikpay', 'CT287501', 'F2617733', '2023-03-23', 2, 387286, 774572),
	('OR197358', 'xpgk2iyt-n78c-tu7o-ln8p-vtc7cm95c4hz', 'echannel', 'CT413066', 'F6539529', '2023-05-09', 4, 722031, 2888124),
	('OR197828', 'xorylgby-cdp6-w79c-6ea9-quwfhd8zbb02', 'bca_klikpay', 'CT841001', 'F9768961', '2023-03-10', 5, 599245, 2996225),
	('OR198529', 'xmvgg3uf-04s3-nm92-dzfl-8ayr1b7evpi6', 'cstore', 'CT124325', 'F6877089', '2023-02-19', 1, 756413, 756413),
	('OR211246', 'xhjgwele-c7ie-6c7i-l52k-22ww0sx1pi1a', 'credit_card', 'CT341751', 'F4470268', '2022-08-25', 5, 757365, 3786825),
	('OR220875', 'xhbsg7nw-2vav-k8r7-n6sm-nl3ag7xdsuga', 'echannel', 'CT176558', 'F7849452', '2023-01-29', 3, 151580, 454740),
	('OR226616', 'xaiiwvwa-2djk-13ll-hue0-m7x9ku8stqxi', 'echannel', 'CT361836', 'F3534332', '2023-04-04', 1, 691226, 691226),
	('OR229077', 'x9ybz2xz-07b3-c4ui-8s0d-k78f8cr9sagh', 'bca_klikbca', 'CT044984', 'F7963924', '2022-11-03', 1, 796812, 796812),
	('OR233183', 'x6fywjbz-avb3-lfwp-f8r7-ttmqnq5ku95v', 'bca_klikbca', 'CT140834', 'F8199936', '2023-04-19', 1, 735005, 735005),
	('OR233731', 'x5w4wkxh-m6po-nlkf-al1e-21vqd98h5r03', 'echannel', 'CT958846', 'F1213182', '2022-11-17', 5, 249331, 1246655),
	('OR237580', 'x4bg3g6q-syhx-7qnp-mgz7-t8nj06nzw41p', 'bca_klikpay', 'CT484892', 'F8252341', '2022-10-30', 5, 139964, 699820),
	('OR239488', 'x3sbp9qg-rhmz-072v-66a8-qs0lccnt7dk4', 'cstore', 'CT602067', 'F4935081', '2022-12-28', 3, 178576, 535728),
	('OR241762', 'wyrh62q4-x55k-h1yw-2d9t-2chhwcw8e8xi', 'credit_card', 'CT505704', 'F0965627', '2023-03-08', 5, 305976, 1529880),
	('OR248868', 'wru3unp8-2v5s-hjmq-rrgz-k7ra364qh31i', 'echannel', 'CT874237', 'F7098593', '2023-04-05', 1, 409648, 409648),
	('OR256346', 'wq44obec-g5su-gb88-6ok3-34uczrb1coui', 'bca_klikpay', 'CT417103', 'F3719957', '2023-02-15', 2, 221346, 442692),
	('OR265433', 'wpm1uxxt-sx9l-0icp-yisn-gy1hhla6549z', 'cstore', 'CT361836', 'F3534332', '2023-03-10', 3, 691226, 2073678),
	('OR272570', 'wpfu37eh-di13-09r6-urg6-o380392b397m', 'credit_card', 'CT018895', 'F3074413', '2023-04-04', 1, 376774, 376774),
	('OR290221', 'wok36w2x-ldqa-qc2g-2i0j-nihus4r6k5ej', 'cstore', 'CT216589', 'F4122143', '2023-03-31', 4, 954164, 3816656),
	('OR293355', 'wnr2tfr5-xxuy-7xuy-p3p7-pdr3nl6vrxwt', 'qris', 'CT692261', 'F2252156', '2022-09-19', 1, 238434, 238434),
	('OR296922', 'wnfvfl7g-7z7t-q87q-js32-e7pag81g8pn6', 'bca_klikbca', 'CT815958', 'F0056250', '2023-02-27', 1, 478457, 478457),
	('OR306040', 'wmqsadb5-0e3j-52ax-oiz2-vkzv7ecbdf3n', 'cstore', 'CT395048', 'F3902306', '2023-05-24', 2, 640766, 1281532),
	('OR307375', 'wm7u7i04-46vm-96v1-ryvh-gj5mlt6lx7d4', 'bank_transfer', 'CT883825', 'F6081062', '2023-04-23', 5, 679039, 3395195),
	('OR310145', 'wlk202me-4fg7-reu5-af3a-xbpa650o5ork', 'bca_klikbca', 'CT999001', 'F7811527', '2022-08-21', 2, 483428, 966856),
	('OR311796', 'wl3njfj4-w8ub-pz11-4dst-23bhizf9kk1c', 'bank_transfer', 'CT017401', 'F7230204', '2023-01-17', 4, 917244, 3668976),
	('OR317201', 'wjv3h2ws-43lf-if9v-fooj-wj80ocovucxy', 'qris', 'CT813581', 'F0470949', '2023-02-21', 1, 316676, 316676),
	('OR329745', 'wbd7oj9s-5xkb-e9o9-ceqy-bk7gfzq84q0t', 'bca_klikpay', 'CT408374', 'F9601220', '2023-04-19', 4, 733580, 2934320),
	('OR346204', 'w8jdd2o2-ldcc-mrsu-6yae-s58sr4qngn5y', 'bca_klikpay', 'CT057935', 'F4862423', '2022-06-24', 5, 183232, 916160),
	('OR346258', 'w8gutxkt-oggk-4a7s-yyuy-z6wzl20qpjj3', 'gopay', 'CT727229', 'F0285512', '2023-04-07', 5, 788196, 3940980),
	('OR347751', 'w69s4rh2-cg0q-rklh-4vbb-fbxjkdnsqiu2', 'bank_transfer', 'CT417103', 'F3719957', '2022-09-20', 4, 221346, 885384),
	('OR359184', 'w4wep7bn-ttpb-m8lf-va99-t01ch9easyzw', 'bank_transfer', 'CT200995', 'F1757705', '2023-02-07', 2, 866073, 1732146),
	('OR362206', 'vvhqhxi3-5pi1-5fvn-jo1i-sttkvgsjxfef', 'bca_klikbca', 'CT482887', 'F6372360', '2023-02-06', 1, 555994, 555994),
	('OR373543', 'vv4mp6jz-c524-ujos-73j0-4ycsh2b9rnn3', 'cstore', 'CT513358', 'F7532489', '2022-07-20', 2, 710888, 1421776),
	('OR375749', 'vnophxjn-pyyk-ss0w-1dxz-grevllhbjtso', 'gopay', 'CT057905', 'F9821817', '2023-02-26', 3, 585657, 1756971),
	('OR376731', 'vkwtcm2x-m8tq-oo3v-6oh8-09k47ni2wjp7', 'cstore', 'CT219723', 'F7370848', '2022-11-06', 4, 740817, 2963268),
	('OR379618', 'visyd2h2-vrui-enpy-0g9u-eis0r8sgq793', 'cstore', 'CT241320', 'F9258545', '2022-12-16', 5, 478518, 2392590),
	('OR380551', 'vcgod5h7-r4bu-7a3l-qzvd-b3xprp32oeof', 'bca_klikpay', 'CT321738', 'F3243929', '2022-08-28', 5, 248040, 1240200),
	('OR383060', 'v9kokemh-p6gt-v0fw-sgxo-qpz2zcxybkoq', 'cstore', 'CT216589', 'F4122143', '2023-05-22', 4, 954164, 3816656),
	('OR383251', 'v5l7tisd-qzu5-593w-qotz-bexjk5g2b1er', 'bank_transfer', 'CT002026', 'F1939816', '2022-10-04', 3, 464657, 1393971),
	('OR392080', 'v4vr8zbu-pq1m-khr2-siuz-5kvk8bmhz8ii', 'bank_transfer', 'CT595257', 'F3482819', '2023-03-07', 3, 528018, 1584054),
	('OR392997', 'v491kapi-2ey9-88fr-pu0t-3qasfhvqu4sm', 'credit_card', 'CT917607', 'F7887645', '2022-07-08', 3, 251578, 754734),
	('OR393671', 'ux7s2uqd-avi4-usdz-zg9u-euct42kpvpb9', 'echannel', 'CT934132', 'F3943190', '2022-12-04', 3, 442156, 1326468),
	('OR393877', 'uwc32lpu-fl1p-82nu-lksb-zw5dgz5br1fo', 'qris', 'CT002026', 'F1939816', '2022-07-15', 3, 464657, 1393971),
	('OR395436', 'uw84hrde-h29x-p19i-a1bf-g9zuspu5tiju', 'bank_transfer', 'CT999828', 'F4612655', '2023-01-20', 1, 453742, 453742),
	('OR395541', 'uufs8pcw-eklo-ic36-oe6y-21p5p9dhhoab', 'credit_card', 'CT854110', 'F1515677', '2022-10-29', 1, 447331, 447331),
	('OR406119', 'uqobozl3-0ypt-n8l7-cbfz-tsg8lc5otccw', 'cstore', 'CT408374', 'F9601220', '2022-06-25', 1, 733580, 733580),
	('OR410657', 'un4d0mf2-vw2o-spq7-4kx5-xa6z0b5hr27l', 'bca_klikpay', 'CT487659', 'F3536760', '2023-02-08', 1, 655160, 655160),
	('OR415828', 'uif6a0cr-7fck-byu4-lnjv-qyocfplvaod1', 'bca_klikpay', 'CT768955', 'F4527533', '2022-07-26', 5, 359746, 1798730),
	('OR436505', 'uej3in4k-r847-lxwe-qp4h-lhvi3x39cwut', 'gopay', 'CT929318', 'F7535636', '2023-05-12', 5, 506787, 2533935),
	('OR451329', 'ucahhraq-6e55-5bsq-6wzx-9ojaq4qj0q15', 'credit_card', 'CT365819', 'F3842409', '2022-06-17', 3, 986011, 2958033),
	('OR452975', 'ubq8obkp-uprq-gl2l-w4ez-ke3l5z0f48p8', 'credit_card', 'CT499467', 'F3263912', '2022-10-23', 2, 532422, 1064844),
	('OR453293', 'u90yeoup-j9ul-fykq-efe8-kpa4za0ljoxz', 'bca_klikpay', 'CT217412', 'F0561466', '2022-12-22', 5, 603040, 3015200),
	('OR454342', 'u5q7ityy-7jwm-uzfs-c1qz-r0x7bpeddjy6', 'bca_klikpay', 'CT979936', 'F4663301', '2023-04-20', 2, 806681, 1613362),
	('OR462202', 'u5czxhoy-aj7o-w9r4-ryrr-aslrjhuhzb12', 'bca_klikbca', 'CT487659', 'F3536760', '2022-10-29', 2, 655160, 1310320),
	('OR464032', 'u2601utz-wszf-86xv-1mz9-22xp0tbq66v8', 'gopay', 'CT692261', 'F2252156', '2022-09-15', 3, 238434, 715302),
	('OR464321', 'txsgggdz-e7k3-ila2-a3ps-pbfr49b0d6nm', 'bca_klikpay', 'CT884530', 'F8999931', '2023-04-07', 2, 915086, 1830172),
	('OR465825', 'txsgalxi-vqqq-n8yb-arbu-h90uwvq138mp', 'bca_klikpay', 'CT731466', 'F9864189', '2022-10-27', 4, 203991, 815964),
	('OR468149', 'tu14cagw-xv1e-imvf-7opu-kcqqvkpa6rtc', 'echannel', 'CT232291', 'F0643925', '2022-12-03', 3, 564660, 1693980),
	('OR475203', 'tsso82oy-p24n-0tku-88gw-rownmli3wai4', 'bca_klikpay', 'CT338133', 'F8362697', '2022-07-13', 3, 679113, 2037339),
	('OR479116', 'trs9vlg4-qkl9-6jwu-07a9-2vzrn6ghz6lp', 'credit_card', 'CT630093', 'F5169515', '2022-10-15', 1, 254315, 254315),
	('OR484601', 'tp4m50pq-kq1p-lw5x-xvwu-u3u7logyuuvh', 'qris', 'CT653859', 'F7003570', '2022-08-03', 2, 725635, 1451270),
	('OR490580', 'tl1yfkt0-1iv0-yu8b-h5r4-lgkiaw5ns90n', 'echannel', 'CT219723', 'F7370848', '2022-08-24', 2, 740817, 1481634),
	('OR498621', 'tbuvf6tz-fjgd-r477-kwdz-5dsh90kihnvc', 'gopay', 'CT197967', 'F6619206', '2022-08-16', 4, 243059, 972236),
	('OR499531', 'tbqj4lze-h0wg-iiac-yu29-4l5q32k8yyz8', 'qris', 'CT058064', 'F6612840', '2022-11-25', 3, 465507, 1396521),
	('OR499578', 'tb8j5sjw-pr8u-gv77-w4ia-yaear6nqi587', 'bca_klikbca', 'CT498493', 'F1678275', '2022-11-15', 1, 863783, 863783),
	('OR504354', 'tamj2dts-0tn0-d7w0-3dhh-qax8ejpuyk0a', 'credit_card', 'CT084553', 'F9061754', '2022-06-14', 5, 973214, 4866070),
	('OR506273', 't2r9b4fx-5ng2-m7n4-8ssr-wvtk52fioibh', 'credit_card', 'CT159666', 'F9546153', '2022-06-26', 5, 713966, 3569830),
	('OR506341', 't0hzwiud-lt2g-eg57-9njx-6kbpmocawic9', 'credit_card', 'CT884530', 'F8999931', '2023-03-12', 2, 915086, 1830172),
	('OR506863', 'sslq6u5e-d5wd-nvju-fumo-3qo749djapoj', 'bca_klikbca', 'CT688603', 'F4422058', '2023-03-24', 1, 838882, 838882),
	('OR513296', 'sq9022nt-8qrr-pve1-0t78-ss4ei8wexahj', 'credit_card', 'CT205086', 'F2404604', '2023-03-12', 1, 193766, 193766),
	('OR515356', 'smzjmitj-osow-0jun-vaap-l62uo3qeyurn', 'cstore', 'CT786904', 'F0063865', '2022-06-02', 2, 998260, 1996520),
	('OR523191', 'sfbb88u2-c0x1-hg45-h7yp-j2f2kcs7xyq1', 'echannel', 'CT744478', 'F3388932', '2022-12-28', 1, 754816, 754816),
	('OR524864', 's3nq9kya-l41p-k1td-a6ev-svb4yxvl7b0p', 'bca_klikpay', 'CT513358', 'F7532489', '2023-05-25', 2, 710888, 1421776),
	('OR526467', 's1cn8u4r-hcwr-r3z4-7el1-iz55nxm448zf', 'credit_card', 'CT133675', 'F7850938', '2023-04-10', 4, 146510, 586040),
	('OR531851', 'rtbrgc68-67vv-r07r-f07w-kx63o74uqm1v', 'gopay', 'CT341751', 'F4470268', '2022-11-06', 4, 757365, 3029460),
	('OR548374', 'rsr90rxu-at1b-ndqh-rwck-m8llv8hcsxlf', 'bca_klikbca', 'CT091686', 'F1440753', '2022-06-18', 5, 579345, 2896725),
	('OR550139', 'rrmhvy0q-we6k-c1nj-wz2n-f7b11s34dyyk', 'cstore', 'CT287501', 'F2617733', '2022-12-31', 2, 387286, 774572),
	('OR554218', 'rqpdoe3n-9wsz-jk9j-ad1j-bhz3wi1zomio', 'bca_klikbca', 'CT447944', 'F9145351', '2022-10-29', 4, 914614, 3658456),
	('OR554503', 'rq6aew5f-jsbf-uhek-qu1x-4mt2nj484svm', 'bank_transfer', 'CT832228', 'F1380229', '2023-05-24', 3, 682759, 2048277),
	('OR563106', 'rimhxzyr-nq32-ewgf-7nki-km9qa3h0q9tp', 'bca_klikpay', 'CT276034', 'F7890291', '2022-11-05', 2, 306068, 612136),
	('OR563430', 'rffs6wf9-hitx-1tm2-nxkk-f5kjsos5fcl6', 'echannel', 'CT044984', 'F7963924', '2023-03-17', 5, 796812, 3984060),
	('OR569179', 'rc5zrzgo-fl3p-xvyf-va8d-mzyiir5m8w6b', 'bca_klikpay', 'CT057905', 'F9821817', '2022-10-01', 3, 585657, 1756971),
	('OR572037', 'r9m08j00-jnjr-yons-ck84-qh5d3oydaqwy', 'bank_transfer', 'CT600025', 'F8124688', '2022-12-09', 4, 803689, 3214756),
	('OR574586', 'r90qajxn-v1c2-5zst-re4a-qku50u957sa3', 'echannel', 'CT514389', 'F0027981', '2022-08-18', 1, 927404, 927404),
	('OR577839', 'qswkadav-qhz7-fq6g-4g4c-khkjypkkoo3l', 'gopay', 'CT816479', 'F7964464', '2023-01-13', 4, 767439, 3069756),
	('OR578927', 'qrir6vp3-h4fd-jdcu-nxof-s27lucw29naa', 'echannel', 'CT954122', 'F9666558', '2022-06-19', 1, 831873, 831873),
	('OR587495', 'qiwjnz88-rzoj-wvf9-ibzn-rv8jtg6a3dno', 'qris', 'CT832228', 'F1380229', '2023-01-30', 4, 682759, 2731036),
	('OR590630', 'qeitwcla-17qs-errp-nvp4-bec4p8mbp2tz', 'bank_transfer', 'CT437060', 'F0608658', '2023-02-21', 2, 309760, 619520),
	('OR593381', 'q32sqg0v-qdoq-0jd3-b9vn-dctlnpwjyth8', 'bca_klikpay', 'CT869535', 'F3623994', '2023-01-20', 1, 436619, 436619),
	('OR594108', 'px4z8u19-9o07-085p-pta4-9lch0v0ef28z', 'bank_transfer', 'CT153648', 'F6945608', '2023-01-26', 3, 510270, 1530810),
	('OR594551', 'punvre0s-9hbl-mubn-2pb7-nnjp88ich97c', 'credit_card', 'CT798121', 'F4682635', '2023-04-02', 4, 755277, 3021108),
	('OR612359', 'prh8kg80-oxdi-4a6l-v81k-x6j8c2jf8y7e', 'cstore', 'CT727229', 'F0285512', '2023-02-09', 3, 788196, 2364588),
	('OR622343', 'pljyo10t-73zy-0qn7-6u6o-yhurqr5lix78', 'credit_card', 'CT241320', 'F9258545', '2023-02-21', 4, 478518, 1914072),
	('OR622789', 'pkbdnd8x-l5ob-rr55-2qif-dbeeuoqxtqtf', 'cstore', 'CT159666', 'F9546153', '2022-11-10', 1, 713966, 713966),
	('OR623797', 'pjxu0b7h-ijl7-8x1n-58nf-jmu3b4p9sbte', 'bca_klikpay', 'CT929318', 'F7535636', '2023-03-25', 3, 506787, 1520361),
	('OR627188', 'pgudqk96-k1v9-l1gl-6yhd-hglt3wvsootl', 'qris', 'CT768955', 'F4527533', '2022-08-19', 3, 359746, 1079238),
	('OR633284', 'pfjsliks-eoem-lcjn-5syn-htxxo4x451t3', 'cstore', 'CT321738', 'F3243929', '2022-08-31', 5, 248040, 1240200),
	('OR637257', 'pdk25zjx-psgz-3hx3-3lju-e3ps8qgogw9b', 'cstore', 'CT841001', 'F9768961', '2022-09-22', 5, 599245, 2996225),
	('OR639850', 'pbk20n1h-fof0-k5vr-62hr-i288671uz177', 'cstore', 'CT848660', 'F5828744', '2022-08-17', 4, 475836, 1903344),
	('OR640243', 'p840p76n-g2c2-yqqz-uqoa-y7iumvx6uici', 'bank_transfer', 'CT482887', 'F6372360', '2023-02-09', 1, 555994, 555994),
	('OR649785', 'p6yx32ch-qi7h-pzdx-s3f8-u9wg8od2kur8', 'bank_transfer', 'CT368224', 'F4827313', '2023-05-22', 2, 280919, 561838),
	('OR653457', 'p5ufyau5-evfb-xbsm-3ww3-mdqnnetpg6jt', 'gopay', 'CT499467', 'F3263912', '2022-06-30', 1, 532422, 532422),
	('OR657319', 'p4gz4g6q-f88c-9egn-985n-gw0rnc0b6ov8', 'qris', 'CT798121', 'F4682635', '2022-12-28', 5, 755277, 3776385),
	('OR667351', 'p2ybs1qt-62ea-iaeb-j1rq-eog4y908jtfl', 'bca_klikbca', 'CT948394', 'F2156098', '2023-02-09', 2, 466377, 932754),
	('OR669740', 'p2sq9n8x-ym2d-k57n-slar-thxqm5rg0xms', 'bca_klikpay', 'CT883825', 'F6081062', '2022-06-21', 1, 679039, 679039),
	('OR672537', 'p2fekjek-ioap-fxyn-k470-3oy4klulv7eh', 'bank_transfer', 'CT934132', 'F3943190', '2022-09-06', 4, 442156, 1768624),
	('OR673787', 'p1xjm1y5-9zo1-rj38-qtbr-1w71gskl98q2', 'bca_klikpay', 'CT447944', 'F9145351', '2023-03-15', 5, 914614, 4573070),
	('OR675569', 'owtu7ehs-weqh-4ukg-oazd-q8u1ev8rfgba', 'bca_klikpay', 'CT338072', 'F4939547', '2023-04-23', 2, 558759, 1117518),
	('OR676164', 'ov31dmdl-4cu2-zu0c-2brq-ospoaytjez7f', 'bca_klikbca', 'CT041554', 'F8169626', '2022-06-22', 1, 188118, 188118),
	('OR694356', 'oswhnns0-jgs9-9ii8-61g8-bfele70jhjqg', 'qris', 'CT816479', 'F7964464', '2023-04-22', 2, 767439, 1534878),
	('OR699625', 'or5syzy4-xx7i-vwd6-1ush-3bb2upxto43p', 'credit_card', 'CT146976', 'F9519340', '2022-07-28', 2, 910428, 1820856),
	('OR703195', 'oov8rdo4-mdpg-i6hi-n53n-jk7bwaal39w1', 'gopay', 'CT336162', 'F5098210', '2023-02-02', 4, 495899, 1983596),
	('OR714494', 'oo3axxvw-xwvb-os02-m0i2-tzs0iyq6ya2s', 'gopay', 'CT600025', 'F8124688', '2022-08-29', 2, 803689, 1607378),
	('OR720762', 'omojb0p0-7pp5-313w-e11s-3mq3klvvb6e0', 'cstore', 'CT017401', 'F7230204', '2022-06-29', 3, 917244, 2751732),
	('OR733661', 'om3dnruv-umng-k6t3-ezcv-53c1kabnjvjr', 'qris', 'CT848660', 'F5828744', '2022-10-11', 3, 475836, 1427508),
	('OR734456', 'okrt4sxa-rtmd-6juk-4edj-84wuzkhzk5sy', 'bca_klikbca', 'CT917607', 'F7887645', '2022-11-05', 3, 251578, 754734),
	('OR749461', 'okrdvcwl-bp9e-ollp-c8e8-zd470txyrxka', 'qris', 'CT768855', 'F7393199', '2022-06-03', 4, 233500, 934000),
	('OR757525', 'oabtjbzz-8gkb-rhqu-ucb7-6epe9fdoh9um', 'credit_card', 'CT487961', 'F7275050', '2023-01-08', 2, 703024, 1406048),
	('OR761481', 'o886crpz-dkd6-tfuh-018o-sxh1ajwk6hf6', 'bca_klikbca', 'CT307718', 'F7986007', '2022-07-21', 5, 996310, 4981550),
	('OR768835', 'o1ggdv9x-l5j4-fyjs-ovhc-vu6bwvx7w5dx', 'qris', 'CT106978', 'F4535223', '2022-09-10', 1, 104323, 104323),
	('OR769156', 'o1fyjluw-03wq-l9lw-zwl7-3yvkovamrgw8', 'qris', 'CT768855', 'F7393199', '2022-11-30', 3, 233500, 700500),
	('OR774053', 'o105vxq4-ybu8-ox0o-ow6d-uvjruu2itege', 'bca_klikbca', 'CT335033', 'F6165387', '2022-10-14', 4, 499534, 1998136),
	('OR778442', 'o0lyiav4-aqm6-cz4p-jnc1-txgty01x3jp0', 'qris', 'CT815958', 'F0056250', '2022-07-11', 2, 478457, 956914),
	('OR781784', 'nsasbpjt-h236-neuy-gsh8-1dhdnp8k0jv2', 'qris', 'CT460639', 'F3115617', '2022-09-20', 1, 839173, 839173),
	('OR788811', 'ns01e2pl-6rsl-z0f0-cbo0-dw3d5yi8gj2w', 'bank_transfer', 'CT958846', 'F1213182', '2022-06-03', 2, 249331, 498662),
	('OR790572', 'nqfpino9-u0a1-fmf0-6qqm-k068k5rathuk', 'gopay', 'CT207216', 'F0343271', '2022-06-04', 3, 690320, 2070960),
	('OR792837', 'nh6278dp-np17-ca4y-986f-0ha2gco8u6zg', 'echannel', 'CT954122', 'F9666558', '2023-02-03', 1, 831873, 831873),
	('OR793836', 'ngpieelg-x9f2-30l0-an3m-3l5jw0m8ym4w', 'bank_transfer', 'CT041554', 'F8169626', '2023-03-04', 1, 188118, 188118),
	('OR796145', 'nfsht8zd-l1a3-vbmb-jfvb-gdhqn1hzbp9y', 'bca_klikpay', 'CT731466', 'F9864189', '2022-07-26', 2, 203991, 407982),
	('OR798292', 'nbrnl77e-c04j-2d0z-50i0-egbfiynpualb', 'bca_klikbca', 'CT755571', 'F8563635', '2022-12-11', 3, 330765, 992295),
	('OR803640', 'nbdsmrs8-ly1u-yw8s-k1iq-tnm0vyuwj7bd', 'bank_transfer', 'CT413066', 'F6539529', '2022-07-22', 4, 722031, 2888124),
	('OR805538', 'n5xksvew-8r3o-coek-oio1-0kftc75m036g', 'bank_transfer', 'CT514389', 'F0027981', '2022-06-27', 3, 927404, 2782212),
	('OR833917', 'n2sla1uv-et50-j9z3-9x3d-k3wwj7yt2bez', 'cstore', 'CT999001', 'F7811527', '2022-12-22', 1, 483428, 483428),
	('OR838902', 'n14zamck-gpfr-zdk7-onf7-9nto95ll62ji', 'bca_klikbca', 'CT232291', 'F0643925', '2022-11-17', 3, 564660, 1693980),
	('OR840903', 'mzv6ztan-4q0g-54zl-7wg7-c6ojcm0bt3n1', 'bca_klikbca', 'CT200995', 'F1757705', '2022-10-29', 2, 866073, 1732146),
	('OR854213', 'mzu0jid6-zs8h-x842-ri9q-862rnn1iri0j', 'echannel', 'CT205086', 'F2404604', '2023-05-21', 4, 193766, 775064),
	('OR865667', 'mzqk6n0v-bwzh-da4c-1ugw-9bcjakdms6lp', 'qris', 'CT084553', 'F9061754', '2023-02-13', 2, 973214, 1946428),
	('OR867546', 'mu5v78sq-zigx-4gyx-10is-jlofig041akf', 'echannel', 'CT658935', 'F4713449', '2023-03-12', 5, 764277, 3821385),
	('OR870147', 'msoh1izs-8hxv-8ob5-wjv6-lglscgnsuw5e', 'bca_klikbca', 'CT590459', 'F8117547', '2022-09-19', 5, 409017, 2045085),
	('OR870326', 'mplfrqh3-0fg0-ocs8-itnm-q7ta8c5vk2xw', 'cstore', 'CT365166', 'F8407147', '2023-04-10', 2, 448783, 897566),
	('OR874075', 'mpe6c8vz-udb0-t539-hhkn-j3zs75jph85o', 'gopay', 'CT716089', 'F4341151', '2023-03-04', 3, 331178, 993534),
	('OR874888', 'mov3onag-keyc-sytk-t331-9ymjb00c1po1', 'cstore', 'CT444004', 'F1339400', '2022-09-04', 3, 930668, 2792004),
	('OR877995', 'mjb5rn0t-dqs9-e3zv-v8ed-7hg7ojvwmnpq', 'bca_klikpay', 'CT153648', 'F6945608', '2023-03-09', 2, 510270, 1020540),
	('OR880394', 'mgut19ig-65ng-gci6-067q-30n2dk0heor9', 'qris', 'CT688603', 'F4422058', '2023-01-15', 4, 838882, 3355528),
	('OR896115', 'mf1wfhco-k1tn-89om-9eu0-on1dap0y0ftz', 'echannel', 'CT487961', 'F7275050', '2022-11-15', 2, 703024, 1406048),
	('OR896893', 'mesojdg1-a20z-c4n2-gvyi-d5dv0han5wnu', 'echannel', 'CT716089', 'F4341151', '2023-02-14', 4, 331178, 1324712),
	('OR901401', 'mbpxmo8k-b6au-lk3k-6vdj-kosyu6j8qn0c', 'qris', 'CT484892', 'F8252341', '2022-05-29', 5, 139964, 699820),
	('OR903023', 'm7xd6i6l-9n1e-wuyu-1fdn-jbt4licon5un', 'bca_klikbca', 'CT590459', 'F8117547', '2022-08-24', 2, 409017, 818034),
	('OR907492', 'm3yevuu4-rkf1-ciws-xgj3-fk8ng0w92pob', 'echannel', 'CT602067', 'F4935081', '2022-09-27', 2, 178576, 357152),
	('OR912532', 'm38txwj1-kzts-mew1-kqyv-woucb4c6uvcd', 'cstore', 'CT630093', 'F5169515', '2023-01-29', 1, 254315, 254315),
	('OR923123', 'm28v5tml-5pfo-l8mk-agbg-1fg4eb85a0br', 'credit_card', 'CT960439', 'F0664000', '2022-10-27', 5, 114474, 572370),
	('OR926845', 'm239pdh5-mp57-6eeo-hmoh-0sti9fzjp760', 'bca_klikpay', 'CT307718', 'F7986007', '2022-09-20', 4, 996310, 3985240),
	('OR933037', 'm0769z10-u02w-w8cn-mug5-fx3ivw3jcyhk', 'bank_transfer', 'CT652747', 'F7100984', '2022-10-07', 2, 614435, 1228870),
	('OR936492', 'lutn4vwr-au5e-oacl-0nxi-w1ll4nssn2vu', 'echannel', 'CT133675', 'F7850938', '2022-10-10', 4, 146510, 586040),
	('OR949912', 'lurlrhlv-v6k5-tnbi-zbir-iizopy5y66fs', 'cstore', 'CT153309', 'F7221836', '2022-08-11', 2, 319716, 639432),
	('OR952015', 'ls9ak5or-gbka-vp3g-kh4k-owvo9mu6ppni', 'qris', 'CT338133', 'F8362697', '2022-09-05', 3, 679113, 2037339),
	('OR959589', 'lqm07mi5-vl21-dmcl-74cb-3ucjz16txeb8', 'bank_transfer', 'CT813581', 'F0470949', '2022-06-02', 2, 316676, 633352),
	('OR962607', 'loolnfgr-jsy2-y2ns-ckty-3mpnapx8rjh6', 'bank_transfer', 'CT395048', 'F3902306', '2023-02-11', 2, 640766, 1281532),
	('OR962617', 'll44prcr-cym4-p6ek-140o-18bazh9l242x', 'bca_klikbca', 'CT871838', 'F8077074', '2022-10-20', 2, 954951, 1909902),
	('OR963727', 'lk5xug30-noyw-b8bw-dqbu-pakt0ep5autl', 'qris', 'CT505704', 'F0965627', '2022-07-12', 1, 305976, 305976),
	('OR964331', 'letfvtbk-e2gk-zd3n-6pkj-hmmnhhct30ca', 'bank_transfer', 'CT869535', 'F3623994', '2022-09-22', 2, 436619, 873238),
	('OR965828', 'ladc9f1g-lkw0-32is-mxsp-m2w7xdt7eyzn', 'echannel', 'CT437060', 'F0608658', '2022-09-25', 2, 309760, 619520),
	('OR970764', 'l9s382oc-c4cn-czmj-8gbs-enhtjrwotyl0', 'credit_card', 'CT124325', 'F6877089', '2022-12-03', 5, 756413, 3782065),
	('OR977243', 'l8hydtcx-ci30-mlv0-1v64-ogqkv624jchv', 'bca_klikbca', 'CT776323', 'F7451970', '2022-11-14', 4, 826423, 3305692),
	('OR979048', 'l2yqrsnx-mcq0-84j1-h83k-fw9qacragdi6', 'gopay', 'CT854110', 'F1515677', '2022-06-11', 3, 447331, 1341993),
	('OR981380', 'l0yvzznz-o2eu-p0va-new1-qrw3k7y5ag6m', 'bca_klikpay', 'CT057935', 'F4862423', '2022-12-08', 2, 183232, 366464),
	('OR989577', 'l01261xi-2tdb-tfws-wpb8-ki1r1fgj66q2', 'bca_klikbca', 'CT444004', 'F1339400', '2022-11-14', 2, 930668, 1861336),
	('OR991948', 'kube9myi-xxoy-q96z-mvn1-ls4m2caboliz', 'bank_transfer', 'CT652747', 'F7100984', '2022-07-21', 4, 614435, 2457740),
	('OR993305', 'ksn2zqim-nhfl-to4x-frsk-7ar2v65cpkn8', 'credit_card', 'CT365166', 'F8407147', '2022-09-29', 2, 448783, 897566),
	('OR994432', 'krh2r0qu-f2gz-8e4h-muoy-wxayicojc0b2', 'credit_card', 'CT217412', 'F0561466', '2022-08-10', 5, 603040, 3015200),
	('OR996621', 'klvzdid8-s8ze-8yy0-gjc3-5reycp249mx8', 'bank_transfer', 'CT755571', 'F8563635', '2023-01-11', 1, 330765, 330765),
	('OR999917', 'klm427n7-x1lh-m5tc-0js3-ygzxlkjaj1a2', 'bank_transfer', 'CT871838', 'F8077074', '2023-02-27', 2, 954951, 1909902);

-- Dumping structure for trigger dbsellerzalya.after_insert_zalyatransaction
DROP TRIGGER IF EXISTS `after_insert_zalyatransaction`;
SET @OLDTMP_SQL_MODE=@@SQL_MODE, SQL_MODE='STRICT_TRANS_TABLES,NO_ENGINE_SUBSTITUTION';
DELIMITER //
CREATE TRIGGER `after_insert_zalyatransaction` AFTER INSERT ON `zalya_transaction` FOR EACH ROW BEGIN
 UPDATE product_fashion
    SET stock = stock - NEW.quantity
    WHERE product_id = NEW.product_id;
END//
DELIMITER ;
SET SQL_MODE=@OLDTMP_SQL_MODE;


-- Dumping database structure for dbshipping
DROP DATABASE IF EXISTS `dbshipping`;
CREATE DATABASE IF NOT EXISTS `dbshipping` /*!40100 DEFAULT CHARACTER SET utf8mb4 COLLATE utf8mb4_0900_ai_ci */ /*!80016 DEFAULT ENCRYPTION='N' */;
USE `dbshipping`;

-- Dumping structure for table dbshipping.shipping
DROP TABLE IF EXISTS `shipping`;
CREATE TABLE IF NOT EXISTS `shipping` (
  `shipping_number` varchar(10) NOT NULL,
  `shipping_company` varchar(20) NOT NULL,
  `sender_name` varchar(10) NOT NULL,
  `sender_city` varchar(10) NOT NULL,
  `sender_address` varchar(30) NOT NULL,
  `receiver_name` varchar(20) NOT NULL,
  `receiver_city` varchar(50) NOT NULL,
  `receiver_address` varchar(30) NOT NULL,
  `shipping_type` varchar(10) NOT NULL,
  `product_weight` tinyint NOT NULL,
  `shipping_fee` mediumint NOT NULL,
  PRIMARY KEY (`shipping_number`)
) ENGINE=InnoDB DEFAULT CHARSET=utf8mb4 COLLATE=utf8mb4_0900_ai_ci;

-- Dumping data for table dbshipping.shipping: ~500 rows (approximately)
DELETE FROM `shipping`;
INSERT INTO `shipping` (`shipping_number`, `shipping_company`, `sender_name`, `sender_city`, `sender_address`, `receiver_name`, `receiver_city`, `receiver_address`, `shipping_type`, `product_weight`, `shipping_fee`) VALUES
	('SH00128', 'TIKI', 'Zalya', 'Yogyakarta', '80074 Maywood Point', 'Lisette Carrack', 'Tanggamus', '5222 Maywood Pass', 'YES', 94, 94000),
	('SH00442', 'TIKI', 'Lumiere', 'Bandung', '0614 Southridge Parkway', 'Tim McKeever', 'Jakarta Utara', '26 Northwestern Park', 'OKE', 85, 85000),
	('SH00482', 'POS Indonesia', 'Lumiere', 'Bandung', '0614 Southridge Parkway', 'Smith Oddie', 'Supiori', '3034 Monument Crossing', 'REG', 47, 47000),
	('SH00688', 'TIKI', 'Lumiere', 'Bandung', '0614 Southridge Parkway', 'Jeffie Shrimpling', 'Samosir', '2 Main Terrace', 'REG', 87, 87000),
	('SH00837', 'POS Indonesia', 'Effe', 'Surabaya', '5 Lakewood Gardens Center', 'Zacharie Liquorish', 'Kapuas Hulu', '606 Crescent Oaks Street', 'SPS', 15, 15000),
	('SH00849', 'JNE', 'Zalya', 'Yogyakarta', '80074 Maywood Point', 'Les Sandeman', 'Sarolangun', '842 Lighthouse Bay Road', 'SPS', 68, 68000),
	('SH01747', 'JNE', 'Lumiere', 'Bandung', '0614 Southridge Parkway', 'Dalia Cunah', 'Rokan Hulu', '554 Dorton Way', 'REG', 79, 79000),
	('SH01801', 'POS Indonesia', 'Lumiere', 'Bandung', '0614 Southridge Parkway', 'Marilin Carverhill', 'Bima', '3 Bonner Lane', 'SPS', 26, 26000),
	('SH02214', 'TIKI', 'Zalya', 'Yogyakarta', '80074 Maywood Point', 'Myrtice MacParland', 'Wonosobo', '72 Killdeer Plaza', 'REG', 70, 70000),
	('SH02791', 'POS Indonesia', 'Lumiere', 'Bandung', '0614 Southridge Parkway', 'Vlad Eydel', 'Kepulauan Yapen (Yapen Waropen)', '75492 Graedel Parkway', 'YES', 84, 84000),
	('SH02866', 'POS Indonesia', 'Lumiere', 'Bandung', '0614 Southridge Parkway', 'Chicky Flattman', 'Sinjai', '9 Eastlawn Trail', 'YES', 92, 92000),
	('SH03066', 'JNE', 'Zalya', 'Yogyakarta', '80074 Maywood Point', 'Michelina Rintoul', 'Kutai Barat', '761 Crownhardt Crossing', 'REG', 52, 52000),
	('SH03252', 'POS Indonesia', 'Lumiere', 'Bandung', '0614 Southridge Parkway', 'Olivero Pestell', 'Puncak Jaya', '52534 Blackbird Drive', 'REG', 72, 72000),
	('SH03303', 'POS Indonesia', 'Lumiere', 'Bandung', '0614 Southridge Parkway', 'Fairlie Hubbocks', 'Pohuwato', '9851 Spenser Junction', 'SPS', 68, 68000),
	('SH03537', 'POS Indonesia', 'Lumiere', 'Bandung', '0614 Southridge Parkway', 'Alyssa Vost', 'Pekalongan', '9710 Miller Park', 'OKE', 29, 29000),
	('SH03618', 'POS Indonesia', 'Effe', 'Surabaya', '5 Lakewood Gardens Center', 'Les Sandeman', 'Sarolangun', '842 Lighthouse Bay Road', 'REG', 68, 68000),
	('SH03692', 'JNE', 'Zalya', 'Yogyakarta', '80074 Maywood Point', 'Sheppard Meysham', 'Minahasa Selatan', '56676 Sugar Park', 'REG', 91, 91000),
	('SH03953', 'JNE', 'Zalya', 'Yogyakarta', '80074 Maywood Point', 'Manuel Chalcroft', 'Batang Hari', '9 Monterey Way', 'REG', 51, 51000),
	('SH03980', 'JNE', 'Zalya', 'Yogyakarta', '80074 Maywood Point', 'Dot Unsworth', 'Kepulauan Siau Tagulandang Biaro (Sitaro)', '97 Myrtle Center', 'YES', 56, 56000),
	('SH04121', 'JNE', 'Lumiere', 'Bandung', '0614 Southridge Parkway', 'Dorotea Cortes', 'Prabumulih', '1 Haas Junction', 'REG', 94, 94000),
	('SH04405', 'POS Indonesia', 'Lumiere', 'Bandung', '0614 Southridge Parkway', 'Dell Lambard', 'Berau', '87151 Gale Court', 'REG', 38, 38000),
	('SH04493', 'TIKI', 'Lumiere', 'Bandung', '0614 Southridge Parkway', 'Thomasa Romanet', 'Bulungan (Bulongan)', '8 Kings Parkway', 'REG', 45, 45000),
	('SH04747', 'POS Indonesia', 'Zalya', 'Yogyakarta', '80074 Maywood Point', 'Jackquelin Glancy', 'Pesisir Barat', '02 Superior Lane', 'REG', 51, 51000),
	('SH04839', 'JNE', 'Effe', 'Surabaya', '5 Lakewood Gardens Center', 'Olivero Pestell', 'Puncak Jaya', '52534 Blackbird Drive', 'OKE', 72, 72000),
	('SH04947', 'JNE', 'Zalya', 'Yogyakarta', '80074 Maywood Point', 'Hi Orgel', 'Hulu Sungai Selatan', '6207 Briar Crest Drive', 'YES', 89, 89000),
	('SH04973', 'JNE', 'Zalya', 'Yogyakarta', '80074 Maywood Point', 'Chicky Flattman', 'Sinjai', '9 Eastlawn Trail', 'REG', 92, 92000),
	('SH05001', 'TIKI', 'Zalya', 'Yogyakarta', '80074 Maywood Point', 'Harold Andriolli', 'Aceh Selatan', '259 Homewood Drive', 'OKE', 10, 10000),
	('SH05283', 'JNE', 'Lumiere', 'Bandung', '0614 Southridge Parkway', 'Celina Clowley', 'Rote Ndao', '2 Reindahl Way', 'SPS', 42, 42000),
	('SH05403', 'TIKI', 'Lumiere', 'Bandung', '0614 Southridge Parkway', 'Agustin Impleton', 'Tanjung Jabung Barat', '46 Kipling Junction', 'YES', 47, 47000),
	('SH05569', 'TIKI', 'Zalya', 'Yogyakarta', '80074 Maywood Point', 'Angelo Burkin', 'Banyuwangi', '51 Troy Alley', 'REG', 33, 33000),
	('SH05969', 'TIKI', 'Lumiere', 'Bandung', '0614 Southridge Parkway', 'Magnum Delos', 'Pontianak', '616 Bobwhite Plaza', 'REG', 58, 58000),
	('SH05983', 'POS Indonesia', 'Lumiere', 'Bandung', '0614 Southridge Parkway', 'Alma Hedney', 'Nabire', '531 Red Cloud Court', 'REG', 81, 81000),
	('SH06112', 'JNE', 'Zalya', 'Yogyakarta', '80074 Maywood Point', 'Hersch Ferrario', 'Buru Selatan', '109 Vernon Pass', 'SPS', 88, 88000),
	('SH06156', 'JNE', 'Lumiere', 'Bandung', '0614 Southridge Parkway', 'Zollie Timperley', 'Takalar', '91 Union Plaza', 'SPS', 55, 55000),
	('SH06397', 'JNE', 'Lumiere', 'Bandung', '0614 Southridge Parkway', 'Theadora Qusklay', 'Palangka Raya', '59815 3rd Way', 'YES', 37, 37000),
	('SH06545', 'JNE', 'Zalya', 'Yogyakarta', '80074 Maywood Point', 'Alma Sponder', 'Pekalongan', '5360 Kensington Park', 'YES', 55, 55000),
	('SH06789', 'POS Indonesia', 'Lumiere', 'Bandung', '0614 Southridge Parkway', 'Douglas Tweedlie', 'Pandeglang', '82 8th Junction', 'OKE', 15, 15000),
	('SH07763', 'POS Indonesia', 'Lumiere', 'Bandung', '0614 Southridge Parkway', 'Tim McKeever', 'Jakarta Utara', '26 Northwestern Park', 'REG', 14, 14000),
	('SH07771', 'TIKI', 'Zalya', 'Yogyakarta', '80074 Maywood Point', 'Celina Clowley', 'Rote Ndao', '2 Reindahl Way', 'OKE', 54, 54000),
	('SH07920', 'JNE', 'Zalya', 'Yogyakarta', '80074 Maywood Point', 'Ronnie Jimeno', 'Purbalingga', '33513 Clove Point', 'REG', 20, 20000),
	('SH07998', 'TIKI', 'Zalya', 'Yogyakarta', '80074 Maywood Point', 'Gradey Grabiec', 'Kaimana', '29 Lillian Street', 'REG', 25, 25000),
	('SH08177', 'JNE', 'Zalya', 'Yogyakarta', '80074 Maywood Point', 'Terrijo Dallicoat', 'Jakarta Barat', '049 Elmside Trail', 'OKE', 83, 83000),
	('SH08343', 'JNE', 'Lumiere', 'Bandung', '0614 Southridge Parkway', 'Dorena Thamelt', 'Serang', '488 Hoepker Parkway', 'YES', 41, 41000),
	('SH08680', 'POS Indonesia', 'Zalya', 'Yogyakarta', '80074 Maywood Point', 'Vaughan Crates', 'Lombok Timur', '9506 Bultman Circle', 'SPS', 91, 91000),
	('SH09185', 'JNE', 'Effe', 'Surabaya', '5 Lakewood Gardens Center', 'Colette Filchagin', 'Purworejo', '79 Morning Road', 'SPS', 63, 63000),
	('SH09282', 'POS Indonesia', 'Effe', 'Surabaya', '5 Lakewood Gardens Center', 'Theadora Qusklay', 'Palangka Raya', '59815 3rd Way', 'SPS', 37, 37000),
	('SH09646', 'JNE', 'Effe', 'Surabaya', '5 Lakewood Gardens Center', 'Michelina Rintoul', 'Kutai Barat', '761 Crownhardt Crossing', 'OKE', 52, 52000),
	('SH09785', 'JNE', 'Zalya', 'Yogyakarta', '80074 Maywood Point', 'Dell Lambard', 'Berau', '87151 Gale Court', 'REG', 38, 38000),
	('SH09830', 'TIKI', 'Effe', 'Surabaya', '5 Lakewood Gardens Center', 'Zita Ghiriardelli', 'Ternate', '570 Novick Terrace', 'OKE', 85, 85000),
	('SH09896', 'POS Indonesia', 'Zalya', 'Yogyakarta', '80074 Maywood Point', 'Bartram Furmston', 'Bulukumba', '88131 Sheridan Circle', 'SPS', 25, 25000),
	('SH10035', 'TIKI', 'Lumiere', 'Bandung', '0614 Southridge Parkway', 'Tudor Large', 'Klungkung', '69335 Brickson Park Point', 'REG', 55, 55000),
	('SH10144', 'POS Indonesia', 'Zalya', 'Yogyakarta', '80074 Maywood Point', 'Marilin Carverhill', 'Bima', '3 Bonner Lane', 'SPS', 92, 92000),
	('SH10171', 'JNE', 'Effe', 'Surabaya', '5 Lakewood Gardens Center', 'Smith Oddie', 'Supiori', '3034 Monument Crossing', 'YES', 48, 48000),
	('SH10324', 'TIKI', 'Zalya', 'Yogyakarta', '80074 Maywood Point', 'Zacharie Liquorish', 'Kapuas Hulu', '606 Crescent Oaks Street', 'SPS', 21, 21000),
	('SH10877', 'TIKI', 'Lumiere', 'Bandung', '0614 Southridge Parkway', 'Les Sandeman', 'Sarolangun', '842 Lighthouse Bay Road', 'YES', 77, 77000),
	('SH11353', 'JNE', 'Effe', 'Surabaya', '5 Lakewood Gardens Center', 'Harold Devonshire', 'Kepulauan Meranti', '9461 Rutledge Crossing', 'YES', 39, 39000),
	('SH11394', 'POS Indonesia', 'Zalya', 'Yogyakarta', '80074 Maywood Point', 'Olivero Pestell', 'Puncak Jaya', '52534 Blackbird Drive', 'REG', 72, 72000),
	('SH11762', 'TIKI', 'Zalya', 'Yogyakarta', '80074 Maywood Point', 'Hi Orgel', 'Hulu Sungai Selatan', '6207 Briar Crest Drive', 'SPS', 13, 13000),
	('SH11923', 'POS Indonesia', 'Lumiere', 'Bandung', '0614 Southridge Parkway', 'Maureen Ivankov', 'Timor Tengah Utara', '01239 Schiller Place', 'YES', 44, 44000),
	('SH12279', 'TIKI', 'Effe', 'Surabaya', '5 Lakewood Gardens Center', 'Sheppard Meysham', 'Minahasa Selatan', '56676 Sugar Park', 'SPS', 91, 91000),
	('SH12333', 'TIKI', 'Zalya', 'Yogyakarta', '80074 Maywood Point', 'Lisette Carrack', 'Tanggamus', '5222 Maywood Pass', 'YES', 39, 39000),
	('SH12399', 'TIKI', 'Effe', 'Surabaya', '5 Lakewood Gardens Center', 'Fairlie Hubbocks', 'Pohuwato', '9851 Spenser Junction', 'SPS', 53, 53000),
	('SH12628', 'JNE', 'Lumiere', 'Bandung', '0614 Southridge Parkway', 'Magnum Delos', 'Pontianak', '616 Bobwhite Plaza', 'SPS', 71, 71000),
	('SH13266', 'JNE', 'Zalya', 'Yogyakarta', '80074 Maywood Point', 'Chicky Flattman', 'Sinjai', '9 Eastlawn Trail', 'YES', 92, 92000),
	('SH13353', 'POS Indonesia', 'Zalya', 'Yogyakarta', '80074 Maywood Point', 'Callida Broomfield', 'Padang', '547 Hintze Avenue', 'REG', 78, 78000),
	('SH13673', 'POS Indonesia', 'Zalya', 'Yogyakarta', '80074 Maywood Point', 'Ayn Tague', 'Palopo', '7 Oriole Crossing', 'SPS', 77, 77000),
	('SH14097', 'TIKI', 'Effe', 'Surabaya', '5 Lakewood Gardens Center', 'Tim McKeever', 'Jakarta Utara', '26 Northwestern Park', 'OKE', 65, 65000),
	('SH14160', 'TIKI', 'Effe', 'Surabaya', '5 Lakewood Gardens Center', 'Amelina Lyford', 'Kudus', '39 Doe Crossing Pass', 'SPS', 28, 28000),
	('SH14392', 'TIKI', 'Effe', 'Surabaya', '5 Lakewood Gardens Center', 'Vaughan Crates', 'Lombok Timur', '9506 Bultman Circle', 'SPS', 63, 63000),
	('SH14493', 'JNE', 'Effe', 'Surabaya', '5 Lakewood Gardens Center', 'Ayn Tague', 'Palopo', '7 Oriole Crossing', 'YES', 97, 97000),
	('SH14538', 'TIKI', 'Effe', 'Surabaya', '5 Lakewood Gardens Center', 'Luke Simondson', 'Mamuju Utara', '290 Mayer Junction', 'SPS', 94, 94000),
	('SH14750', 'TIKI', 'Zalya', 'Yogyakarta', '80074 Maywood Point', 'Ive Biesinger', 'Halmahera Utara', '50 Bowman Circle', 'YES', 33, 33000),
	('SH14985', 'JNE', 'Lumiere', 'Bandung', '0614 Southridge Parkway', 'Theadora Qusklay', 'Palangka Raya', '59815 3rd Way', 'OKE', 37, 37000),
	('SH15017', 'JNE', 'Lumiere', 'Bandung', '0614 Southridge Parkway', 'Jackquelin Glancy', 'Pesisir Barat', '02 Superior Lane', 'SPS', 27, 27000),
	('SH15059', 'TIKI', 'Zalya', 'Yogyakarta', '80074 Maywood Point', 'Pip Gladman', 'Barito Selatan', '30 Stephen Street', 'YES', 54, 54000),
	('SH15171', 'JNE', 'Zalya', 'Yogyakarta', '80074 Maywood Point', 'Tudor Large', 'Klungkung', '69335 Brickson Park Point', 'REG', 52, 52000),
	('SH15237', 'POS Indonesia', 'Effe', 'Surabaya', '5 Lakewood Gardens Center', 'Manuel Chalcroft', 'Batang Hari', '9 Monterey Way', 'OKE', 51, 51000),
	('SH15478', 'TIKI', 'Lumiere', 'Bandung', '0614 Southridge Parkway', 'Alma Sponder', 'Pekalongan', '5360 Kensington Park', 'OKE', 55, 55000),
	('SH15579', 'JNE', 'Zalya', 'Yogyakarta', '80074 Maywood Point', 'Johny Duckit', 'Gorontalo Utara', '184 Fair Oaks Pass', 'OKE', 47, 47000),
	('SH15780', 'JNE', 'Zalya', 'Yogyakarta', '80074 Maywood Point', 'Philippe Ebben', 'Teluk Wondama', '395 Lukken Lane', 'YES', 74, 74000),
	('SH15883', 'POS Indonesia', 'Effe', 'Surabaya', '5 Lakewood Gardens Center', 'Lisette Carrack', 'Tanggamus', '5222 Maywood Pass', 'OKE', 94, 94000),
	('SH16033', 'JNE', 'Effe', 'Surabaya', '5 Lakewood Gardens Center', 'Vivi Tweedie', 'Jombang', '688 Rowland Circle', 'OKE', 7, 7000),
	('SH16124', 'TIKI', 'Effe', 'Surabaya', '5 Lakewood Gardens Center', 'Euell Igo', 'Semarang', '33 Southridge Trail', 'REG', 62, 62000),
	('SH16224', 'JNE', 'Zalya', 'Yogyakarta', '80074 Maywood Point', 'Hersch Ferrario', 'Buru Selatan', '109 Vernon Pass', 'SPS', 7, 7000),
	('SH16356', 'JNE', 'Lumiere', 'Bandung', '0614 Southridge Parkway', 'Kippy Meyer', 'Sungaipenuh', '19 Dwight Circle', 'OKE', 31, 31000),
	('SH16706', 'TIKI', 'Zalya', 'Yogyakarta', '80074 Maywood Point', 'Tobye Stockney', 'Tanjung Balai', '67 Darwin Street', 'OKE', 8, 8000),
	('SH16803', 'JNE', 'Zalya', 'Yogyakarta', '80074 Maywood Point', 'Anestassia Realy', 'Sumbawa', '3770 Packers Drive', 'YES', 46, 46000),
	('SH16983', 'POS Indonesia', 'Effe', 'Surabaya', '5 Lakewood Gardens Center', 'Elsy Huggett', 'Bangli', '23 Reinke Pass', 'YES', 5, 5000),
	('SH17006', 'POS Indonesia', 'Effe', 'Surabaya', '5 Lakewood Gardens Center', 'Tudor Large', 'Klungkung', '69335 Brickson Park Point', 'REG', 18, 18000),
	('SH17847', 'TIKI', 'Zalya', 'Yogyakarta', '80074 Maywood Point', 'Vidovic McLanaghan', 'Nduga', '1084 Sutherland Drive', 'YES', 22, 22000),
	('SH18018', 'TIKI', 'Zalya', 'Yogyakarta', '80074 Maywood Point', 'Rudie Dikels', 'Tidore Kepulauan', '7 Dixon Pass', 'YES', 14, 14000),
	('SH18058', 'TIKI', 'Zalya', 'Yogyakarta', '80074 Maywood Point', 'Jesus Fletcher', 'Pinrang', '216 School Street', 'YES', 100, 100000),
	('SH18135', 'POS Indonesia', 'Effe', 'Surabaya', '5 Lakewood Gardens Center', 'Alma Hedney', 'Nabire', '531 Red Cloud Court', 'YES', 81, 81000),
	('SH18609', 'TIKI', 'Lumiere', 'Bandung', '0614 Southridge Parkway', 'Dorotea Cortes', 'Prabumulih', '1 Haas Junction', 'SPS', 15, 15000),
	('SH18662', 'JNE', 'Lumiere', 'Bandung', '0614 Southridge Parkway', 'Bartram Furmston', 'Bulukumba', '88131 Sheridan Circle', 'REG', 25, 25000),
	('SH18928', 'POS Indonesia', 'Zalya', 'Yogyakarta', '80074 Maywood Point', 'Wells Reeson', 'Kotawaringin Timur', '5 Sutherland Crossing', 'REG', 73, 73000),
	('SH18994', 'POS Indonesia', 'Lumiere', 'Bandung', '0614 Southridge Parkway', 'Les Sandeman', 'Sarolangun', '842 Lighthouse Bay Road', 'YES', 77, 77000),
	('SH19267', 'TIKI', 'Effe', 'Surabaya', '5 Lakewood Gardens Center', 'Dot Unsworth', 'Kepulauan Siau Tagulandang Biaro (Sitaro)', '97 Myrtle Center', 'REG', 56, 56000),
	('SH19589', 'POS Indonesia', 'Zalya', 'Yogyakarta', '80074 Maywood Point', 'Jeffie Shrimpling', 'Samosir', '2 Main Terrace', 'YES', 87, 87000),
	('SH19652', 'JNE', 'Zalya', 'Yogyakarta', '80074 Maywood Point', 'Adriena Ciccetti', 'Binjai', '9 Kedzie Junction', 'REG', 91, 91000),
	('SH19738', 'TIKI', 'Lumiere', 'Bandung', '0614 Southridge Parkway', 'Brod Oak', 'Kepulauan Anambas', '29 Sutteridge Way', 'YES', 38, 38000),
	('SH19898', 'POS Indonesia', 'Zalya', 'Yogyakarta', '80074 Maywood Point', 'Tim McKeever', 'Jakarta Utara', '26 Northwestern Park', 'YES', 65, 65000),
	('SH19930', 'JNE', 'Lumiere', 'Bandung', '0614 Southridge Parkway', 'Chicky Flattman', 'Sinjai', '9 Eastlawn Trail', 'SPS', 92, 92000),
	('SH20045', 'TIKI', 'Zalya', 'Yogyakarta', '80074 Maywood Point', 'Raynell Trudgion', 'Pematang Siantar', '9 Jenna Park', 'YES', 33, 33000),
	('SH20196', 'TIKI', 'Zalya', 'Yogyakarta', '80074 Maywood Point', 'Dalia Cunah', 'Rokan Hulu', '554 Dorton Way', 'OKE', 5, 5000),
	('SH20344', 'JNE', 'Lumiere', 'Bandung', '0614 Southridge Parkway', 'Kippy Meyer', 'Sungaipenuh', '19 Dwight Circle', 'YES', 63, 63000),
	('SH20742', 'JNE', 'Effe', 'Surabaya', '5 Lakewood Gardens Center', 'Wells Reeson', 'Kotawaringin Timur', '5 Sutherland Crossing', 'YES', 73, 73000),
	('SH20784', 'POS Indonesia', 'Lumiere', 'Bandung', '0614 Southridge Parkway', 'Douglas Tweedlie', 'Pandeglang', '82 8th Junction', 'YES', 69, 69000),
	('SH20917', 'JNE', 'Lumiere', 'Bandung', '0614 Southridge Parkway', 'Willey Kingett', 'Malinau', '03171 Daystar Alley', 'REG', 78, 78000),
	('SH20968', 'TIKI', 'Lumiere', 'Bandung', '0614 Southridge Parkway', 'Hersch Ferrario', 'Buru Selatan', '109 Vernon Pass', 'OKE', 88, 88000),
	('SH21122', 'POS Indonesia', 'Lumiere', 'Bandung', '0614 Southridge Parkway', 'Allyson Cottu', 'Sidenreng Rappang/Rapang', '01 Clyde Gallagher Park', 'REG', 14, 14000),
	('SH21931', 'TIKI', 'Effe', 'Surabaya', '5 Lakewood Gardens Center', 'Horatia Anscott', 'Tulang Bawang', '349 Swallow Court', 'OKE', 53, 53000),
	('SH22032', 'POS Indonesia', 'Zalya', 'Yogyakarta', '80074 Maywood Point', 'Ronnie Jimeno', 'Purbalingga', '33513 Clove Point', 'OKE', 31, 31000),
	('SH22264', 'JNE', 'Zalya', 'Yogyakarta', '80074 Maywood Point', 'Zsazsa Millbank', 'Bitung', '39 Caliangt Alley', 'YES', 55, 55000),
	('SH22269', 'TIKI', 'Lumiere', 'Bandung', '0614 Southridge Parkway', 'Antonio Gladwin', 'Nunukan', '030 Golf Trail', 'YES', 41, 41000),
	('SH22447', 'TIKI', 'Zalya', 'Yogyakarta', '80074 Maywood Point', 'Phedra Wadley', 'Magetan', '7 Kipling Trail', 'YES', 12, 12000),
	('SH22453', 'JNE', 'Zalya', 'Yogyakarta', '80074 Maywood Point', 'Michelina Rintoul', 'Kutai Barat', '761 Crownhardt Crossing', 'YES', 8, 8000),
	('SH22530', 'POS Indonesia', 'Lumiere', 'Bandung', '0614 Southridge Parkway', 'Ewell Siley', 'Wakatobi', '80863 Sugar Way', 'REG', 62, 62000),
	('SH22790', 'POS Indonesia', 'Zalya', 'Yogyakarta', '80074 Maywood Point', 'Natassia Camock', 'Dogiyai', '72 Crownhardt Drive', 'SPS', 85, 85000),
	('SH22813', 'TIKI', 'Zalya', 'Yogyakarta', '80074 Maywood Point', 'Clare Degnen', 'Tabanan', '5 Claremont Crossing', 'SPS', 86, 86000),
	('SH23331', 'TIKI', 'Lumiere', 'Bandung', '0614 Southridge Parkway', 'Lin Padly', 'Sibolga', '12475 Carioca Circle', 'YES', 56, 56000),
	('SH23685', 'JNE', 'Effe', 'Surabaya', '5 Lakewood Gardens Center', 'Hersch Ferrario', 'Buru Selatan', '109 Vernon Pass', 'REG', 7, 7000),
	('SH23696', 'TIKI', 'Zalya', 'Yogyakarta', '80074 Maywood Point', 'Robinett Canon', 'Boven Digoel', '46598 Burning Wood Street', 'OKE', 50, 50000),
	('SH23715', 'JNE', 'Zalya', 'Yogyakarta', '80074 Maywood Point', 'Dell Lambard', 'Berau', '87151 Gale Court', 'OKE', 38, 38000),
	('SH24101', 'POS Indonesia', 'Lumiere', 'Bandung', '0614 Southridge Parkway', 'Alma Hedney', 'Nabire', '531 Red Cloud Court', 'YES', 82, 82000),
	('SH24507', 'POS Indonesia', 'Lumiere', 'Bandung', '0614 Southridge Parkway', 'Hi Orgel', 'Hulu Sungai Selatan', '6207 Briar Crest Drive', 'SPS', 13, 13000),
	('SH24599', 'POS Indonesia', 'Zalya', 'Yogyakarta', '80074 Maywood Point', 'Pip Gladman', 'Barito Selatan', '30 Stephen Street', 'OKE', 79, 79000),
	('SH24611', 'TIKI', 'Lumiere', 'Bandung', '0614 Southridge Parkway', 'Maureen Ivankov', 'Timor Tengah Utara', '01239 Schiller Place', 'REG', 16, 16000),
	('SH24819', 'TIKI', 'Effe', 'Surabaya', '5 Lakewood Gardens Center', 'Clare Degnen', 'Tabanan', '5 Claremont Crossing', 'OKE', 95, 95000),
	('SH25254', 'JNE', 'Lumiere', 'Bandung', '0614 Southridge Parkway', 'Dot Unsworth', 'Kepulauan Siau Tagulandang Biaro (Sitaro)', '97 Myrtle Center', 'OKE', 56, 56000),
	('SH25483', 'TIKI', 'Lumiere', 'Bandung', '0614 Southridge Parkway', 'Wells Reeson', 'Kotawaringin Timur', '5 Sutherland Crossing', 'SPS', 13, 13000),
	('SH25729', 'TIKI', 'Zalya', 'Yogyakarta', '80074 Maywood Point', 'Amelina Lyford', 'Kudus', '39 Doe Crossing Pass', 'SPS', 33, 33000),
	('SH25763', 'TIKI', 'Zalya', 'Yogyakarta', '80074 Maywood Point', 'Ayn Tague', 'Palopo', '7 Oriole Crossing', 'SPS', 97, 97000),
	('SH26026', 'JNE', 'Effe', 'Surabaya', '5 Lakewood Gardens Center', 'Antonio Gladwin', 'Nunukan', '030 Golf Trail', 'SPS', 22, 22000),
	('SH26040', 'POS Indonesia', 'Lumiere', 'Bandung', '0614 Southridge Parkway', 'Zacharie Liquorish', 'Kapuas Hulu', '606 Crescent Oaks Street', 'OKE', 15, 15000),
	('SH26237', 'JNE', 'Zalya', 'Yogyakarta', '80074 Maywood Point', 'Candida Chastaing', 'Pagar Alam', '1 Burrows Crossing', 'OKE', 24, 24000),
	('SH26538', 'JNE', 'Zalya', 'Yogyakarta', '80074 Maywood Point', 'Fidelia Lavery', 'Lebak', '84 Rigney Road', 'SPS', 48, 48000),
	('SH26778', 'TIKI', 'Zalya', 'Yogyakarta', '80074 Maywood Point', 'Audy Pearcy', 'Sidoarjo', '99331 Brentwood Drive', 'OKE', 96, 96000),
	('SH27001', 'JNE', 'Zalya', 'Yogyakarta', '80074 Maywood Point', 'Callida Broomfield', 'Padang', '547 Hintze Avenue', 'OKE', 78, 78000),
	('SH27098', 'TIKI', 'Zalya', 'Yogyakarta', '80074 Maywood Point', 'Aggie Delamere', 'Indramayu', '016 Merry Way', 'YES', 98, 98000),
	('SH27145', 'POS Indonesia', 'Zalya', 'Yogyakarta', '80074 Maywood Point', 'Darrelle Hamlen', 'Buleleng', '70651 Hagan Alley', 'OKE', 51, 51000),
	('SH27344', 'POS Indonesia', 'Lumiere', 'Bandung', '0614 Southridge Parkway', 'Adriena Ciccetti', 'Binjai', '9 Kedzie Junction', 'OKE', 82, 82000),
	('SH27478', 'TIKI', 'Zalya', 'Yogyakarta', '80074 Maywood Point', 'Agustin Impleton', 'Tanjung Jabung Barat', '46 Kipling Junction', 'REG', 39, 39000),
	('SH27500', 'TIKI', 'Zalya', 'Yogyakarta', '80074 Maywood Point', 'Janeta Goare', 'Lamandau', '33 Rowland Point', 'REG', 86, 86000),
	('SH27686', 'POS Indonesia', 'Effe', 'Surabaya', '5 Lakewood Gardens Center', 'Morse McSperron', 'Luwu Utara', '25 Fremont Junction', 'SPS', 82, 82000),
	('SH27995', 'POS Indonesia', 'Zalya', 'Yogyakarta', '80074 Maywood Point', 'Harold Devonshire', 'Kepulauan Meranti', '9461 Rutledge Crossing', 'YES', 39, 39000),
	('SH28052', 'JNE', 'Effe', 'Surabaya', '5 Lakewood Gardens Center', 'Marilin Carverhill', 'Bima', '3 Bonner Lane', 'SPS', 92, 92000),
	('SH28232', 'TIKI', 'Effe', 'Surabaya', '5 Lakewood Gardens Center', 'Adriena Ciccetti', 'Binjai', '9 Kedzie Junction', 'OKE', 82, 82000),
	('SH28561', 'JNE', 'Lumiere', 'Bandung', '0614 Southridge Parkway', 'Anestassia Realy', 'Sumbawa', '3770 Packers Drive', 'SPS', 24, 24000),
	('SH28581', 'POS Indonesia', 'Lumiere', 'Bandung', '0614 Southridge Parkway', 'Norry Mushrow', 'Dairi', '24870 Ramsey Hill', 'OKE', 69, 69000),
	('SH28582', 'JNE', 'Zalya', 'Yogyakarta', '80074 Maywood Point', 'Euell Igo', 'Semarang', '33 Southridge Trail', 'YES', 62, 62000),
	('SH28742', 'JNE', 'Zalya', 'Yogyakarta', '80074 Maywood Point', 'Olivero Pestell', 'Puncak Jaya', '52534 Blackbird Drive', 'OKE', 18, 18000),
	('SH29003', 'POS Indonesia', 'Zalya', 'Yogyakarta', '80074 Maywood Point', 'Willey Kingett', 'Malinau', '03171 Daystar Alley', 'OKE', 94, 94000),
	('SH29301', 'JNE', 'Zalya', 'Yogyakarta', '80074 Maywood Point', 'Nicolina Balharry', 'Gunung Kidul', '355 Karstens Alley', 'OKE', 58, 58000),
	('SH29559', 'JNE', 'Effe', 'Surabaya', '5 Lakewood Gardens Center', 'Philippe Ebben', 'Teluk Wondama', '395 Lukken Lane', 'REG', 74, 74000),
	('SH30172', 'TIKI', 'Lumiere', 'Bandung', '0614 Southridge Parkway', 'Celina Clowley', 'Rote Ndao', '2 Reindahl Way', 'REG', 54, 54000),
	('SH30469', 'POS Indonesia', 'Zalya', 'Yogyakarta', '80074 Maywood Point', 'Harold Andriolli', 'Aceh Selatan', '259 Homewood Drive', 'OKE', 10, 10000),
	('SH30808', 'TIKI', 'Zalya', 'Yogyakarta', '80074 Maywood Point', 'Candida Chastaing', 'Pagar Alam', '1 Burrows Crossing', 'OKE', 89, 89000),
	('SH31289', 'TIKI', 'Lumiere', 'Bandung', '0614 Southridge Parkway', 'Sergio Drews', 'Payakumbuh', '65 Crownhardt Junction', 'REG', 80, 80000),
	('SH31877', 'JNE', 'Zalya', 'Yogyakarta', '80074 Maywood Point', 'Fairlie Hubbocks', 'Pohuwato', '9851 Spenser Junction', 'REG', 54, 54000),
	('SH32017', 'POS Indonesia', 'Lumiere', 'Bandung', '0614 Southridge Parkway', 'Raynell Trudgion', 'Pematang Siantar', '9 Jenna Park', 'SPS', 86, 86000),
	('SH32039', 'POS Indonesia', 'Zalya', 'Yogyakarta', '80074 Maywood Point', 'Sindee Chadwell', 'Teluk Bintuni', '54 Chive Junction', 'OKE', 62, 62000),
	('SH32095', 'JNE', 'Lumiere', 'Bandung', '0614 Southridge Parkway', 'Brandise Boatman', 'Solok', '9715 Blaine Terrace', 'SPS', 23, 23000),
	('SH32602', 'JNE', 'Effe', 'Surabaya', '5 Lakewood Gardens Center', 'Myrtice MacParland', 'Wonosobo', '72 Killdeer Plaza', 'OKE', 8, 8000),
	('SH32701', 'JNE', 'Lumiere', 'Bandung', '0614 Southridge Parkway', 'Ewell Siley', 'Wakatobi', '80863 Sugar Way', 'REG', 45, 45000),
	('SH32801', 'TIKI', 'Zalya', 'Yogyakarta', '80074 Maywood Point', 'Audy Pearcy', 'Sidoarjo', '99331 Brentwood Drive', 'SPS', 96, 96000),
	('SH32919', 'POS Indonesia', 'Zalya', 'Yogyakarta', '80074 Maywood Point', 'Terrijo Dallicoat', 'Jakarta Barat', '049 Elmside Trail', 'REG', 78, 78000),
	('SH32929', 'JNE', 'Lumiere', 'Bandung', '0614 Southridge Parkway', 'Alma Sponder', 'Pekalongan', '5360 Kensington Park', 'REG', 15, 15000),
	('SH33056', 'TIKI', 'Effe', 'Surabaya', '5 Lakewood Gardens Center', 'Gradey Grabiec', 'Kaimana', '29 Lillian Street', 'YES', 36, 36000),
	('SH33089', 'TIKI', 'Effe', 'Surabaya', '5 Lakewood Gardens Center', 'Junina Junkinson', 'Buton Utara', '9 North Parkway', 'YES', 37, 37000),
	('SH33342', 'TIKI', 'Zalya', 'Yogyakarta', '80074 Maywood Point', 'Renaldo Peeke', 'Belitung', '1864 Spenser Hill', 'SPS', 94, 94000),
	('SH33721', 'JNE', 'Zalya', 'Yogyakarta', '80074 Maywood Point', 'Vlad Eydel', 'Kepulauan Yapen (Yapen Waropen)', '75492 Graedel Parkway', 'YES', 64, 64000),
	('SH34214', 'POS Indonesia', 'Lumiere', 'Bandung', '0614 Southridge Parkway', 'Horatia Anscott', 'Tulang Bawang', '349 Swallow Court', 'YES', 84, 84000),
	('SH34464', 'TIKI', 'Effe', 'Surabaya', '5 Lakewood Gardens Center', 'Jeffie Shrimpling', 'Samosir', '2 Main Terrace', 'YES', 87, 87000),
	('SH34538', 'POS Indonesia', 'Lumiere', 'Bandung', '0614 Southridge Parkway', 'Morse McSperron', 'Luwu Utara', '25 Fremont Junction', 'YES', 32, 32000),
	('SH34800', 'POS Indonesia', 'Lumiere', 'Bandung', '0614 Southridge Parkway', 'Zacharie Liquorish', 'Kapuas Hulu', '606 Crescent Oaks Street', 'YES', 38, 38000),
	('SH35987', 'JNE', 'Lumiere', 'Bandung', '0614 Southridge Parkway', 'Sisely Nunnerley', 'Jakarta Pusat', '51968 Hudson Place', 'OKE', 10, 10000),
	('SH36182', 'JNE', 'Effe', 'Surabaya', '5 Lakewood Gardens Center', 'Carlee Casotti', 'Tomohon', '17760 Commercial Park', 'YES', 69, 69000),
	('SH36388', 'JNE', 'Lumiere', 'Bandung', '0614 Southridge Parkway', 'Dell Lambard', 'Berau', '87151 Gale Court', 'OKE', 38, 38000),
	('SH36577', 'POS Indonesia', 'Lumiere', 'Bandung', '0614 Southridge Parkway', 'Pip Gladman', 'Barito Selatan', '30 Stephen Street', 'REG', 79, 79000),
	('SH36865', 'JNE', 'Lumiere', 'Bandung', '0614 Southridge Parkway', 'Terrijo Dallicoat', 'Jakarta Barat', '049 Elmside Trail', 'SPS', 100, 100000),
	('SH37021', 'POS Indonesia', 'Zalya', 'Yogyakarta', '80074 Maywood Point', 'Alma Hedney', 'Nabire', '531 Red Cloud Court', 'OKE', 29, 29000),
	('SH37167', 'POS Indonesia', 'Effe', 'Surabaya', '5 Lakewood Gardens Center', 'Jackquelin Glancy', 'Pesisir Barat', '02 Superior Lane', 'SPS', 85, 85000),
	('SH37168', 'JNE', 'Lumiere', 'Bandung', '0614 Southridge Parkway', 'Fidelia Lavery', 'Lebak', '84 Rigney Road', 'YES', 48, 48000),
	('SH37245', 'POS Indonesia', 'Zalya', 'Yogyakarta', '80074 Maywood Point', 'Tim McKeever', 'Jakarta Utara', '26 Northwestern Park', 'SPS', 85, 85000),
	('SH37363', 'JNE', 'Effe', 'Surabaya', '5 Lakewood Gardens Center', 'Pip Gladman', 'Barito Selatan', '30 Stephen Street', 'OKE', 79, 79000),
	('SH37391', 'JNE', 'Effe', 'Surabaya', '5 Lakewood Gardens Center', 'Sindee Chadwell', 'Teluk Bintuni', '54 Chive Junction', 'REG', 62, 62000),
	('SH37450', 'POS Indonesia', 'Lumiere', 'Bandung', '0614 Southridge Parkway', 'Vicki Fawdry', 'Bantul', '05 Annamark Crossing', 'SPS', 33, 33000),
	('SH37462', 'JNE', 'Lumiere', 'Bandung', '0614 Southridge Parkway', 'Brod Oak', 'Kepulauan Anambas', '29 Sutteridge Way', 'REG', 28, 28000),
	('SH37540', 'JNE', 'Zalya', 'Yogyakarta', '80074 Maywood Point', 'Magnum Delos', 'Pontianak', '616 Bobwhite Plaza', 'SPS', 58, 58000),
	('SH38044', 'TIKI', 'Zalya', 'Yogyakarta', '80074 Maywood Point', 'Carlee Casotti', 'Tomohon', '17760 Commercial Park', 'YES', 14, 14000),
	('SH38430', 'POS Indonesia', 'Effe', 'Surabaya', '5 Lakewood Gardens Center', 'Lin Padly', 'Sibolga', '12475 Carioca Circle', 'YES', 56, 56000),
	('SH38733', 'JNE', 'Lumiere', 'Bandung', '0614 Southridge Parkway', 'Natassia Camock', 'Dogiyai', '72 Crownhardt Drive', 'SPS', 8, 8000),
	('SH39034', 'POS Indonesia', 'Zalya', 'Yogyakarta', '80074 Maywood Point', 'Douglas Tweedlie', 'Pandeglang', '82 8th Junction', 'YES', 15, 15000),
	('SH39115', 'POS Indonesia', 'Lumiere', 'Bandung', '0614 Southridge Parkway', 'Ronnie Jimeno', 'Purbalingga', '33513 Clove Point', 'YES', 30, 30000),
	('SH39260', 'TIKI', 'Lumiere', 'Bandung', '0614 Southridge Parkway', 'Myrtice MacParland', 'Wonosobo', '72 Killdeer Plaza', 'REG', 23, 23000),
	('SH39486', 'JNE', 'Lumiere', 'Bandung', '0614 Southridge Parkway', 'Elsy Huggett', 'Bangli', '23 Reinke Pass', 'OKE', 27, 27000),
	('SH39779', 'POS Indonesia', 'Lumiere', 'Bandung', '0614 Southridge Parkway', 'Harold Devonshire', 'Kepulauan Meranti', '9461 Rutledge Crossing', 'YES', 66, 66000),
	('SH40148', 'POS Indonesia', 'Lumiere', 'Bandung', '0614 Southridge Parkway', 'Carlee Casotti', 'Tomohon', '17760 Commercial Park', 'YES', 69, 69000),
	('SH40229', 'JNE', 'Lumiere', 'Bandung', '0614 Southridge Parkway', 'Rozanna Hatherley', 'Wajo', '7440 Browning Court', 'SPS', 98, 98000),
	('SH40342', 'JNE', 'Lumiere', 'Bandung', '0614 Southridge Parkway', 'Amelina Lyford', 'Kudus', '39 Doe Crossing Pass', 'REG', 28, 28000),
	('SH40977', 'POS Indonesia', 'Lumiere', 'Bandung', '0614 Southridge Parkway', 'Phedra Wadley', 'Magetan', '7 Kipling Trail', 'SPS', 12, 12000),
	('SH41156', 'POS Indonesia', 'Lumiere', 'Bandung', '0614 Southridge Parkway', 'Robinett Canon', 'Boven Digoel', '46598 Burning Wood Street', 'SPS', 50, 50000),
	('SH41179', 'JNE', 'Zalya', 'Yogyakarta', '80074 Maywood Point', 'Vidovic McLanaghan', 'Nduga', '1084 Sutherland Drive', 'REG', 26, 26000),
	('SH41435', 'TIKI', 'Lumiere', 'Bandung', '0614 Southridge Parkway', 'Adrian Please', 'Ponorogo', '8055 Lakeland Parkway', 'OKE', 39, 39000),
	('SH41464', 'TIKI', 'Zalya', 'Yogyakarta', '80074 Maywood Point', 'Babbie Webbe', 'Halmahera Timur', '501 Arkansas Way', 'OKE', 85, 85000),
	('SH41821', 'JNE', 'Lumiere', 'Bandung', '0614 Southridge Parkway', 'Audy Pearcy', 'Sidoarjo', '99331 Brentwood Drive', 'OKE', 96, 96000),
	('SH41853', 'JNE', 'Lumiere', 'Bandung', '0614 Southridge Parkway', 'Renaldo Peeke', 'Belitung', '1864 Spenser Hill', 'REG', 94, 94000),
	('SH41871', 'TIKI', 'Effe', 'Surabaya', '5 Lakewood Gardens Center', 'Vidovic McLanaghan', 'Nduga', '1084 Sutherland Drive', 'OKE', 100, 100000),
	('SH41940', 'TIKI', 'Zalya', 'Yogyakarta', '80074 Maywood Point', 'Brandise Boatman', 'Solok', '9715 Blaine Terrace', 'YES', 23, 23000),
	('SH42011', 'TIKI', 'Lumiere', 'Bandung', '0614 Southridge Parkway', 'Tyne McGeachy', 'Banjar', '29092 Pennsylvania Crossing', 'YES', 91, 91000),
	('SH42105', 'JNE', 'Zalya', 'Yogyakarta', '80074 Maywood Point', 'Renaldo Peeke', 'Belitung', '1864 Spenser Hill', 'SPS', 75, 75000),
	('SH42199', 'TIKI', 'Effe', 'Surabaya', '5 Lakewood Gardens Center', 'Babbie Webbe', 'Halmahera Timur', '501 Arkansas Way', 'REG', 49, 49000),
	('SH42413', 'TIKI', 'Lumiere', 'Bandung', '0614 Southridge Parkway', 'Phedra Wadley', 'Magetan', '7 Kipling Trail', 'REG', 12, 12000),
	('SH42558', 'JNE', 'Lumiere', 'Bandung', '0614 Southridge Parkway', 'Vivi Tweedie', 'Jombang', '688 Rowland Circle', 'REG', 28, 28000),
	('SH42855', 'JNE', 'Lumiere', 'Bandung', '0614 Southridge Parkway', 'Jesus Fletcher', 'Pinrang', '216 School Street', 'SPS', 19, 19000),
	('SH42873', 'TIKI', 'Effe', 'Surabaya', '5 Lakewood Gardens Center', 'Sisely Nunnerley', 'Jakarta Pusat', '51968 Hudson Place', 'YES', 41, 41000),
	('SH43093', 'POS Indonesia', 'Zalya', 'Yogyakarta', '80074 Maywood Point', 'Bartram Furmston', 'Bulukumba', '88131 Sheridan Circle', 'SPS', 25, 25000),
	('SH43258', 'POS Indonesia', 'Lumiere', 'Bandung', '0614 Southridge Parkway', 'Sisely Nunnerley', 'Jakarta Pusat', '51968 Hudson Place', 'SPS', 41, 41000),
	('SH43494', 'POS Indonesia', 'Lumiere', 'Bandung', '0614 Southridge Parkway', 'Tobye Stockney', 'Tanjung Balai', '67 Darwin Street', 'REG', 44, 44000),
	('SH43633', 'POS Indonesia', 'Lumiere', 'Bandung', '0614 Southridge Parkway', 'Pip Gladman', 'Barito Selatan', '30 Stephen Street', 'SPS', 79, 79000),
	('SH43645', 'POS Indonesia', 'Zalya', 'Yogyakarta', '80074 Maywood Point', 'Adrian Please', 'Ponorogo', '8055 Lakeland Parkway', 'REG', 95, 95000),
	('SH43682', 'POS Indonesia', 'Lumiere', 'Bandung', '0614 Southridge Parkway', 'Agustin Impleton', 'Tanjung Jabung Barat', '46 Kipling Junction', 'YES', 47, 47000),
	('SH43834', 'POS Indonesia', 'Zalya', 'Yogyakarta', '80074 Maywood Point', 'Tobye Stockney', 'Tanjung Balai', '67 Darwin Street', 'SPS', 71, 71000),
	('SH44288', 'TIKI', 'Lumiere', 'Bandung', '0614 Southridge Parkway', 'Natassia Camock', 'Dogiyai', '72 Crownhardt Drive', 'REG', 8, 8000),
	('SH44342', 'POS Indonesia', 'Effe', 'Surabaya', '5 Lakewood Gardens Center', 'Nicolina Balharry', 'Gunung Kidul', '355 Karstens Alley', 'OKE', 6, 6000),
	('SH44502', 'POS Indonesia', 'Lumiere', 'Bandung', '0614 Southridge Parkway', 'Alyssa Vost', 'Pekalongan', '9710 Miller Park', 'REG', 54, 54000),
	('SH44640', 'TIKI', 'Effe', 'Surabaya', '5 Lakewood Gardens Center', 'Thomasa Romanet', 'Bulungan (Bulongan)', '8 Kings Parkway', 'SPS', 45, 45000),
	('SH44706', 'JNE', 'Lumiere', 'Bandung', '0614 Southridge Parkway', 'Raynell Trudgion', 'Pematang Siantar', '9 Jenna Park', 'YES', 86, 86000),
	('SH45224', 'POS Indonesia', 'Lumiere', 'Bandung', '0614 Southridge Parkway', 'Clare Degnen', 'Tabanan', '5 Claremont Crossing', 'REG', 95, 95000),
	('SH45270', 'TIKI', 'Zalya', 'Yogyakarta', '80074 Maywood Point', 'Carlee Casotti', 'Tomohon', '17760 Commercial Park', 'REG', 74, 74000),
	('SH45737', 'POS Indonesia', 'Lumiere', 'Bandung', '0614 Southridge Parkway', 'Ronnie Jimeno', 'Purbalingga', '33513 Clove Point', 'REG', 31, 31000),
	('SH45877', 'POS Indonesia', 'Zalya', 'Yogyakarta', '80074 Maywood Point', 'Sisely Nunnerley', 'Jakarta Pusat', '51968 Hudson Place', 'YES', 41, 41000),
	('SH46154', 'JNE', 'Effe', 'Surabaya', '5 Lakewood Gardens Center', 'Adrian Please', 'Ponorogo', '8055 Lakeland Parkway', 'YES', 65, 65000),
	('SH46368', 'TIKI', 'Zalya', 'Yogyakarta', '80074 Maywood Point', 'Alma Sponder', 'Pekalongan', '5360 Kensington Park', 'SPS', 5, 5000),
	('SH47012', 'JNE', 'Zalya', 'Yogyakarta', '80074 Maywood Point', 'Vaughan Crates', 'Lombok Timur', '9506 Bultman Circle', 'SPS', 63, 63000),
	('SH47214', 'TIKI', 'Zalya', 'Yogyakarta', '80074 Maywood Point', 'Wells Reeson', 'Kotawaringin Timur', '5 Sutherland Crossing', 'SPS', 13, 13000),
	('SH47217', 'POS Indonesia', 'Effe', 'Surabaya', '5 Lakewood Gardens Center', 'Chicky Flattman', 'Sinjai', '9 Eastlawn Trail', 'YES', 67, 67000),
	('SH47258', 'JNE', 'Lumiere', 'Bandung', '0614 Southridge Parkway', 'Vidovic McLanaghan', 'Nduga', '1084 Sutherland Drive', 'OKE', 100, 100000),
	('SH47264', 'TIKI', 'Lumiere', 'Bandung', '0614 Southridge Parkway', 'Myrtice MacParland', 'Wonosobo', '72 Killdeer Plaza', 'REG', 70, 70000),
	('SH47305', 'TIKI', 'Effe', 'Surabaya', '5 Lakewood Gardens Center', 'Rozanna Hatherley', 'Wajo', '7440 Browning Court', 'SPS', 98, 98000),
	('SH47343', 'POS Indonesia', 'Zalya', 'Yogyakarta', '80074 Maywood Point', 'Eduardo Guitt', 'Pekanbaru', '701 Forest Hill', 'YES', 81, 81000),
	('SH47378', 'POS Indonesia', 'Lumiere', 'Bandung', '0614 Southridge Parkway', 'Ive Biesinger', 'Halmahera Utara', '50 Bowman Circle', 'OKE', 33, 33000),
	('SH47434', 'POS Indonesia', 'Zalya', 'Yogyakarta', '80074 Maywood Point', 'Jeffie Shrimpling', 'Samosir', '2 Main Terrace', 'OKE', 58, 58000),
	('SH47848', 'POS Indonesia', 'Zalya', 'Yogyakarta', '80074 Maywood Point', 'Maureen Ivankov', 'Timor Tengah Utara', '01239 Schiller Place', 'OKE', 44, 44000),
	('SH47905', 'POS Indonesia', 'Lumiere', 'Bandung', '0614 Southridge Parkway', 'Adriena Ciccetti', 'Binjai', '9 Kedzie Junction', 'OKE', 91, 91000),
	('SH48111', 'TIKI', 'Effe', 'Surabaya', '5 Lakewood Gardens Center', 'Alyssa Vost', 'Pekalongan', '9710 Miller Park', 'REG', 41, 41000),
	('SH48349', 'POS Indonesia', 'Lumiere', 'Bandung', '0614 Southridge Parkway', 'Babbie Webbe', 'Halmahera Timur', '501 Arkansas Way', 'YES', 85, 85000),
	('SH48566', 'JNE', 'Zalya', 'Yogyakarta', '80074 Maywood Point', 'Morse McSperron', 'Luwu Utara', '25 Fremont Junction', 'REG', 25, 25000),
	('SH48753', 'POS Indonesia', 'Lumiere', 'Bandung', '0614 Southridge Parkway', 'Clare Degnen', 'Tabanan', '5 Claremont Crossing', 'YES', 86, 86000),
	('SH48788', 'POS Indonesia', 'Zalya', 'Yogyakarta', '80074 Maywood Point', 'Ive Biesinger', 'Halmahera Utara', '50 Bowman Circle', 'YES', 53, 53000),
	('SH48940', 'TIKI', 'Effe', 'Surabaya', '5 Lakewood Gardens Center', 'Kippy Meyer', 'Sungaipenuh', '19 Dwight Circle', 'YES', 42, 42000),
	('SH49187', 'TIKI', 'Lumiere', 'Bandung', '0614 Southridge Parkway', 'Hersch Ferrario', 'Buru Selatan', '109 Vernon Pass', 'REG', 7, 7000),
	('SH49208', 'TIKI', 'Zalya', 'Yogyakarta', '80074 Maywood Point', 'Tudor Large', 'Klungkung', '69335 Brickson Park Point', 'REG', 52, 52000),
	('SH49280', 'JNE', 'Zalya', 'Yogyakarta', '80074 Maywood Point', 'Anestassia Realy', 'Sumbawa', '3770 Packers Drive', 'SPS', 46, 46000),
	('SH50144', 'POS Indonesia', 'Lumiere', 'Bandung', '0614 Southridge Parkway', 'Sindee Chadwell', 'Teluk Bintuni', '54 Chive Junction', 'OKE', 35, 35000),
	('SH50208', 'JNE', 'Lumiere', 'Bandung', '0614 Southridge Parkway', 'Smith Oddie', 'Supiori', '3034 Monument Crossing', 'SPS', 48, 48000),
	('SH50373', 'JNE', 'Effe', 'Surabaya', '5 Lakewood Gardens Center', 'Callida Broomfield', 'Padang', '547 Hintze Avenue', 'YES', 78, 78000),
	('SH50472', 'POS Indonesia', 'Zalya', 'Yogyakarta', '80074 Maywood Point', 'Smith Oddie', 'Supiori', '3034 Monument Crossing', 'REG', 48, 48000),
	('SH50614', 'JNE', 'Lumiere', 'Bandung', '0614 Southridge Parkway', 'Darrelle Hamlen', 'Buleleng', '70651 Hagan Alley', 'SPS', 7, 7000),
	('SH50734', 'POS Indonesia', 'Lumiere', 'Bandung', '0614 Southridge Parkway', 'Wells Reeson', 'Kotawaringin Timur', '5 Sutherland Crossing', 'REG', 13, 13000),
	('SH50750', 'JNE', 'Lumiere', 'Bandung', '0614 Southridge Parkway', 'Darrelle Hamlen', 'Buleleng', '70651 Hagan Alley', 'OKE', 51, 51000),
	('SH51113', 'TIKI', 'Lumiere', 'Bandung', '0614 Southridge Parkway', 'Dalia Cunah', 'Rokan Hulu', '554 Dorton Way', 'YES', 5, 5000),
	('SH51280', 'JNE', 'Effe', 'Surabaya', '5 Lakewood Gardens Center', 'Dorotea Cortes', 'Prabumulih', '1 Haas Junction', 'SPS', 15, 15000),
	('SH51364', 'POS Indonesia', 'Effe', 'Surabaya', '5 Lakewood Gardens Center', 'Bartram Furmston', 'Bulukumba', '88131 Sheridan Circle', 'REG', 33, 33000),
	('SH51485', 'POS Indonesia', 'Lumiere', 'Bandung', '0614 Southridge Parkway', 'Vivi Tweedie', 'Jombang', '688 Rowland Circle', 'REG', 28, 28000),
	('SH51654', 'JNE', 'Effe', 'Surabaya', '5 Lakewood Gardens Center', 'Douglas Tweedlie', 'Pandeglang', '82 8th Junction', 'OKE', 15, 15000),
	('SH51902', 'POS Indonesia', 'Zalya', 'Yogyakarta', '80074 Maywood Point', 'Derry Carlucci', 'Belitung Timur', '4732 Katie Hill', 'YES', 63, 63000),
	('SH52068', 'POS Indonesia', 'Effe', 'Surabaya', '5 Lakewood Gardens Center', 'Darrelle Hamlen', 'Buleleng', '70651 Hagan Alley', 'SPS', 51, 51000),
	('SH52144', 'TIKI', 'Zalya', 'Yogyakarta', '80074 Maywood Point', 'Jesus Fletcher', 'Pinrang', '216 School Street', 'SPS', 19, 19000),
	('SH52368', 'POS Indonesia', 'Zalya', 'Yogyakarta', '80074 Maywood Point', 'Clare Degnen', 'Tabanan', '5 Claremont Crossing', 'OKE', 95, 95000),
	('SH52939', 'TIKI', 'Effe', 'Surabaya', '5 Lakewood Gardens Center', 'Ewell Siley', 'Wakatobi', '80863 Sugar Way', 'SPS', 62, 62000),
	('SH52992', 'POS Indonesia', 'Zalya', 'Yogyakarta', '80074 Maywood Point', 'Antonio Gladwin', 'Nunukan', '030 Golf Trail', 'YES', 99, 99000),
	('SH53533', 'POS Indonesia', 'Zalya', 'Yogyakarta', '80074 Maywood Point', 'Thomasa Romanet', 'Bulungan (Bulongan)', '8 Kings Parkway', 'SPS', 70, 70000),
	('SH53542', 'TIKI', 'Lumiere', 'Bandung', '0614 Southridge Parkway', 'Tyne McGeachy', 'Banjar', '29092 Pennsylvania Crossing', 'YES', 37, 37000),
	('SH53543', 'POS Indonesia', 'Effe', 'Surabaya', '0614 Southridge Parkway', 'Tyne McGeachy', 'Pekanbaru', '701 Forest Hill', 'REG', 95, 95000),
	('SH53608', 'POS Indonesia', 'Lumiere', 'Bandung', '0614 Southridge Parkway', 'Lisette Carrack', 'Tanggamus', '5222 Maywood Pass', 'SPS', 39, 39000),
	('SH53684', 'POS Indonesia', 'Zalya', 'Yogyakarta', '80074 Maywood Point', 'Philippe Ebben', 'Teluk Wondama', '395 Lukken Lane', 'SPS', 74, 74000),
	('SH53982', 'POS Indonesia', 'Zalya', 'Yogyakarta', '80074 Maywood Point', 'Norry Mushrow', 'Dairi', '24870 Ramsey Hill', 'YES', 25, 25000),
	('SH54003', 'TIKI', 'Zalya', 'Yogyakarta', '80074 Maywood Point', 'Maureen Ivankov', 'Timor Tengah Utara', '01239 Schiller Place', 'YES', 16, 16000),
	('SH54011', 'JNE', 'Zalya', 'Yogyakarta', '80074 Maywood Point', 'Thomasa Romanet', 'Bulungan (Bulongan)', '8 Kings Parkway', 'REG', 45, 45000),
	('SH54053', 'POS Indonesia', 'Effe', 'Surabaya', '5 Lakewood Gardens Center', 'Rudie Dikels', 'Tidore Kepulauan', '7 Dixon Pass', 'SPS', 14, 14000),
	('SH54624', 'TIKI', 'Zalya', 'Yogyakarta', '80074 Maywood Point', 'Morse McSperron', 'Luwu Utara', '25 Fremont Junction', 'OKE', 25, 25000),
	('SH54731', 'TIKI', 'Lumiere', 'Bandung', '0614 Southridge Parkway', 'Robinett Canon', 'Boven Digoel', '46598 Burning Wood Street', 'SPS', 68, 68000),
	('SH54884', 'POS Indonesia', 'Zalya', 'Yogyakarta', '80074 Maywood Point', 'Rozanna Hatherley', 'Wajo', '7440 Browning Court', 'YES', 98, 98000),
	('SH54895', 'POS Indonesia', 'Zalya', 'Yogyakarta', '80074 Maywood Point', 'Colette Filchagin', 'Purworejo', '79 Morning Road', 'OKE', 63, 63000),
	('SH55139', 'JNE', 'Lumiere', 'Bandung', '0614 Southridge Parkway', 'Morse McSperron', 'Luwu Utara', '25 Fremont Junction', 'YES', 82, 82000),
	('SH55147', 'TIKI', 'Lumiere', 'Bandung', '0614 Southridge Parkway', 'Hi Orgel', 'Hulu Sungai Selatan', '6207 Briar Crest Drive', 'YES', 13, 13000),
	('SH55895', 'JNE', 'Lumiere', 'Bandung', '0614 Southridge Parkway', 'Janeta Goare', 'Lamandau', '33 Rowland Point', 'REG', 15, 15000),
	('SH55917', 'POS Indonesia', 'Zalya', 'Yogyakarta', '80074 Maywood Point', 'Tyne McGeachy', 'Banjar', '29092 Pennsylvania Crossing', 'SPS', 37, 37000),
	('SH56715', 'JNE', 'Zalya', 'Yogyakarta', '80074 Maywood Point', 'Junina Junkinson', 'Buton Utara', '9 North Parkway', 'REG', 37, 37000),
	('SH56809', 'JNE', 'Effe', 'Surabaya', '5 Lakewood Gardens Center', 'Willey Kingett', 'Malinau', '03171 Daystar Alley', 'SPS', 94, 94000),
	('SH56901', 'JNE', 'Lumiere', 'Bandung', '0614 Southridge Parkway', 'Jesus Fletcher', 'Pinrang', '216 School Street', 'REG', 56, 56000),
	('SH56998', 'TIKI', 'Effe', 'Surabaya', '5 Lakewood Gardens Center', 'Sergio Drews', 'Payakumbuh', '65 Crownhardt Junction', 'YES', 80, 80000),
	('SH56999', 'POS Indonesia', 'Zalya', 'Yogyakarta', '80074 Maywood Point', 'Fidelia Lavery', 'Lebak', '84 Rigney Road', 'SPS', 48, 48000),
	('SH57147', 'TIKI', 'Effe', 'Surabaya', '5 Lakewood Gardens Center', 'Maureen Ivankov', 'Timor Tengah Utara', '01239 Schiller Place', 'SPS', 16, 16000),
	('SH57161', 'TIKI', 'Lumiere', 'Bandung', '0614 Southridge Parkway', 'Zsazsa Millbank', 'Bitung', '39 Caliangt Alley', 'SPS', 55, 55000),
	('SH57250', 'POS Indonesia', 'Lumiere', 'Bandung', '0614 Southridge Parkway', 'Willey Kingett', 'Malinau', '03171 Daystar Alley', 'OKE', 15, 15000),
	('SH57521', 'TIKI', 'Lumiere', 'Bandung', '0614 Southridge Parkway', 'Vaughan Crates', 'Lombok Timur', '9506 Bultman Circle', 'OKE', 61, 61000),
	('SH58046', 'JNE', 'Zalya', 'Yogyakarta', '80074 Maywood Point', 'Kippy Meyer', 'Sungaipenuh', '19 Dwight Circle', 'REG', 63, 63000),
	('SH58299', 'TIKI', 'Lumiere', 'Bandung', '0614 Southridge Parkway', 'Harold Devonshire', 'Kepulauan Meranti', '9461 Rutledge Crossing', 'REG', 39, 39000),
	('SH58603', 'TIKI', 'Zalya', 'Yogyakarta', '80074 Maywood Point', 'Dorena Thamelt', 'Serang', '488 Hoepker Parkway', 'YES', 41, 41000),
	('SH58776', 'POS Indonesia', 'Zalya', 'Yogyakarta', '80074 Maywood Point', 'Alyssa Vost', 'Pekalongan', '9710 Miller Park', 'YES', 54, 54000),
	('SH58991', 'TIKI', 'Lumiere', 'Bandung', '0614 Southridge Parkway', 'Candida Chastaing', 'Pagar Alam', '1 Burrows Crossing', 'REG', 24, 24000),
	('SH59867', 'JNE', 'Lumiere', 'Bandung', '0614 Southridge Parkway', 'Sergio Drews', 'Payakumbuh', '65 Crownhardt Junction', 'REG', 87, 87000),
	('SH59874', 'JNE', 'Lumiere', 'Bandung', '0614 Southridge Parkway', 'Vaughan Crates', 'Lombok Timur', '9506 Bultman Circle', 'YES', 61, 61000),
	('SH59989', 'TIKI', 'Zalya', 'Yogyakarta', '80074 Maywood Point', 'Willey Kingett', 'Malinau', '03171 Daystar Alley', 'REG', 78, 78000),
	('SH60031', 'JNE', 'Zalya', 'Yogyakarta', '80074 Maywood Point', 'Brod Oak', 'Kepulauan Anambas', '29 Sutteridge Way', 'YES', 38, 38000),
	('SH60101', 'POS Indonesia', 'Zalya', 'Yogyakarta', '80074 Maywood Point', 'Aggie Delamere', 'Indramayu', '016 Merry Way', 'YES', 83, 83000),
	('SH60270', 'JNE', 'Effe', 'Surabaya', '5 Lakewood Gardens Center', 'Vlad Eydel', 'Kepulauan Yapen (Yapen Waropen)', '75492 Graedel Parkway', 'OKE', 64, 64000),
	('SH60620', 'JNE', 'Zalya', 'Yogyakarta', '80074 Maywood Point', 'Adriena Ciccetti', 'Binjai', '9 Kedzie Junction', 'REG', 97, 97000),
	('SH60625', 'POS Indonesia', 'Zalya', 'Yogyakarta', '80074 Maywood Point', 'Smith Oddie', 'Supiori', '3034 Monument Crossing', 'REG', 56, 56000),
	('SH60668', 'POS Indonesia', 'Lumiere', 'Bandung', '0614 Southridge Parkway', 'Angelo Burkin', 'Banyuwangi', '51 Troy Alley', 'REG', 28, 28000),
	('SH60773', 'TIKI', 'Lumiere', 'Bandung', '0614 Southridge Parkway', 'Ive Biesinger', 'Halmahera Utara', '50 Bowman Circle', 'SPS', 53, 53000),
	('SH60862', 'TIKI', 'Zalya', 'Yogyakarta', '80074 Maywood Point', 'Horatia Anscott', 'Tulang Bawang', '349 Swallow Court', 'REG', 53, 53000),
	('SH60922', 'TIKI', 'Lumiere', 'Bandung', '0614 Southridge Parkway', 'Ayn Tague', 'Palopo', '7 Oriole Crossing', 'REG', 97, 97000),
	('SH61077', 'JNE', 'Lumiere', 'Bandung', '0614 Southridge Parkway', 'Tyne McGeachy', 'Banjar', '29092 Pennsylvania Crossing', 'SPS', 91, 91000),
	('SH61452', 'TIKI', 'Lumiere', 'Bandung', '0614 Southridge Parkway', 'Harold Andriolli', 'Aceh Selatan', '259 Homewood Drive', 'REG', 52, 52000),
	('SH61562', 'POS Indonesia', 'Zalya', 'Yogyakarta', '80074 Maywood Point', 'Dorotea Cortes', 'Prabumulih', '1 Haas Junction', 'OKE', 94, 94000),
	('SH62067', 'JNE', 'Lumiere', 'Bandung', '0614 Southridge Parkway', 'Antonio Gladwin', 'Nunukan', '030 Golf Trail', 'REG', 99, 99000),
	('SH63566', 'JNE', 'Zalya', 'Yogyakarta', '80074 Maywood Point', 'Sheppard Meysham', 'Minahasa Selatan', '56676 Sugar Park', 'SPS', 91, 91000),
	('SH63671', 'JNE', 'Lumiere', 'Bandung', '0614 Southridge Parkway', 'Lin Padly', 'Sibolga', '12475 Carioca Circle', 'YES', 82, 82000),
	('SH63733', 'POS Indonesia', 'Effe', 'Surabaya', '5 Lakewood Gardens Center', 'Ive Biesinger', 'Halmahera Utara', '50 Bowman Circle', 'REG', 53, 53000),
	('SH63734', 'TIKI', 'Lumiere', 'Bandung', '0614 Southridge Parkway', 'Gradey Grabiec', 'Kaimana', '29 Lillian Street', 'SPS', 97, 97000),
	('SH64127', 'POS Indonesia', 'Lumiere', 'Bandung', '0614 Southridge Parkway', 'Zsazsa Millbank', 'Bitung', '39 Caliangt Alley', 'OKE', 55, 55000),
	('SH64146', 'TIKI', 'Lumiere', 'Bandung', '0614 Southridge Parkway', 'Tobye Stockney', 'Tanjung Balai', '67 Darwin Street', 'YES', 44, 44000),
	('SH65088', 'JNE', 'Lumiere', 'Bandung', '0614 Southridge Parkway', 'Junina Junkinson', 'Buton Utara', '9 North Parkway', 'SPS', 37, 37000),
	('SH65212', 'TIKI', 'Zalya', 'Yogyakarta', '80074 Maywood Point', 'Janeta Goare', 'Lamandau', '33 Rowland Point', 'REG', 86, 86000),
	('SH65742', 'TIKI', 'Zalya', 'Yogyakarta', '80074 Maywood Point', 'Adrian Please', 'Ponorogo', '8055 Lakeland Parkway', 'YES', 65, 65000),
	('SH66128', 'TIKI', 'Effe', 'Surabaya', '5 Lakewood Gardens Center', 'Terrijo Dallicoat', 'Jakarta Barat', '049 Elmside Trail', 'YES', 78, 78000),
	('SH66203', 'POS Indonesia', 'Zalya', 'Yogyakarta', '80074 Maywood Point', 'Vicki Fawdry', 'Bantul', '05 Annamark Crossing', 'SPS', 35, 35000),
	('SH66223', 'TIKI', 'Effe', 'Surabaya', '5 Lakewood Gardens Center', 'Eduardo Guitt', 'Pekanbaru', '701 Forest Hill', 'OKE', 95, 95000),
	('SH66531', 'POS Indonesia', 'Zalya', 'Yogyakarta', '80074 Maywood Point', 'Colette Filchagin', 'Purworejo', '79 Morning Road', 'SPS', 18, 18000),
	('SH66803', 'JNE', 'Lumiere', 'Bandung', '0614 Southridge Parkway', 'Fidelia Lavery', 'Lebak', '84 Rigney Road', 'OKE', 98, 98000),
	('SH66900', 'POS Indonesia', 'Lumiere', 'Bandung', '0614 Southridge Parkway', 'Candida Chastaing', 'Pagar Alam', '1 Burrows Crossing', 'REG', 24, 24000),
	('SH67178', 'POS Indonesia', 'Zalya', 'Yogyakarta', '80074 Maywood Point', 'Eduardo Guitt', 'Pekanbaru', '701 Forest Hill', 'YES', 95, 95000),
	('SH67218', 'POS Indonesia', 'Lumiere', 'Bandung', '0614 Southridge Parkway', 'Thomasa Romanet', 'Bulungan (Bulongan)', '8 Kings Parkway', 'SPS', 28, 28000),
	('SH67228', 'JNE', 'Lumiere', 'Bandung', '0614 Southridge Parkway', 'Rudie Dikels', 'Tidore Kepulauan', '7 Dixon Pass', 'REG', 98, 98000),
	('SH67439', 'POS Indonesia', 'Lumiere', 'Bandung', '0614 Southridge Parkway', 'Brandise Boatman', 'Solok', '9715 Blaine Terrace', 'SPS', 23, 23000),
	('SH67491', 'JNE', 'Zalya', 'Yogyakarta', '80074 Maywood Point', 'Marilin Carverhill', 'Bima', '3 Bonner Lane', 'OKE', 77, 77000),
	('SH67679', 'POS Indonesia', 'Zalya', 'Yogyakarta', '80074 Maywood Point', 'Rozanna Hatherley', 'Wajo', '7440 Browning Court', 'SPS', 96, 96000),
	('SH68104', 'POS Indonesia', 'Lumiere', 'Bandung', '0614 Southridge Parkway', 'Janeta Goare', 'Lamandau', '33 Rowland Point', 'YES', 99, 99000),
	('SH68170', 'TIKI', 'Zalya', 'Yogyakarta', '80074 Maywood Point', 'Vivi Tweedie', 'Jombang', '688 Rowland Circle', 'REG', 7, 7000),
	('SH68299', 'POS Indonesia', 'Zalya', 'Yogyakarta', '80074 Maywood Point', 'Zollie Timperley', 'Takalar', '91 Union Plaza', 'REG', 55, 55000),
	('SH68311', 'JNE', 'Lumiere', 'Bandung', '0614 Southridge Parkway', 'Bartram Furmston', 'Bulukumba', '88131 Sheridan Circle', 'REG', 33, 33000),
	('SH68709', 'TIKI', 'Effe', 'Surabaya', '5 Lakewood Gardens Center', 'Dalia Cunah', 'Rokan Hulu', '554 Dorton Way', 'SPS', 5, 5000),
	('SH68899', 'JNE', 'Zalya', 'Yogyakarta', '80074 Maywood Point', 'Kippy Meyer', 'Sungaipenuh', '19 Dwight Circle', 'REG', 63, 63000),
	('SH69210', 'POS Indonesia', 'Zalya', 'Yogyakarta', '80074 Maywood Point', 'Manuel Chalcroft', 'Batang Hari', '9 Monterey Way', 'YES', 49, 49000),
	('SH69433', 'TIKI', 'Lumiere', 'Bandung', '0614 Southridge Parkway', 'Adrian Please', 'Ponorogo', '8055 Lakeland Parkway', 'REG', 65, 65000),
	('SH69722', 'POS Indonesia', 'Lumiere', 'Bandung', '0614 Southridge Parkway', 'Amelina Lyford', 'Kudus', '39 Doe Crossing Pass', 'OKE', 33, 33000),
	('SH69763', 'POS Indonesia', 'Zalya', 'Yogyakarta', '80074 Maywood Point', 'Vivi Tweedie', 'Jombang', '688 Rowland Circle', 'REG', 28, 28000),
	('SH70273', 'TIKI', 'Lumiere', 'Bandung', '0614 Southridge Parkway', 'Euell Igo', 'Semarang', '33 Southridge Trail', 'REG', 93, 93000),
	('SH70650', 'JNE', 'Lumiere', 'Bandung', '0614 Southridge Parkway', 'Jackquelin Glancy', 'Pesisir Barat', '02 Superior Lane', 'OKE', 51, 51000),
	('SH70659', 'POS Indonesia', 'Zalya', 'Yogyakarta', '80074 Maywood Point', 'Babbie Webbe', 'Halmahera Timur', '501 Arkansas Way', 'SPS', 85, 85000),
	('SH70691', 'TIKI', 'Lumiere', 'Bandung', '0614 Southridge Parkway', 'Vidovic McLanaghan', 'Nduga', '1084 Sutherland Drive', 'YES', 26, 26000),
	('SH70919', 'TIKI', 'Effe', 'Surabaya', '5 Lakewood Gardens Center', 'Aggie Delamere', 'Indramayu', '016 Merry Way', 'OKE', 83, 83000),
	('SH71033', 'TIKI', 'Zalya', 'Yogyakarta', '80074 Maywood Point', 'Luke Simondson', 'Mamuju Utara', '290 Mayer Junction', 'OKE', 94, 94000),
	('SH71401', 'JNE', 'Lumiere', 'Bandung', '0614 Southridge Parkway', 'Nicolina Balharry', 'Gunung Kidul', '355 Karstens Alley', 'OKE', 6, 6000),
	('SH71505', 'JNE', 'Zalya', 'Yogyakarta', '80074 Maywood Point', 'Alma Hedney', 'Nabire', '531 Red Cloud Court', 'OKE', 29, 29000),
	('SH71702', 'POS Indonesia', 'Zalya', 'Yogyakarta', '80074 Maywood Point', 'Dorena Thamelt', 'Serang', '488 Hoepker Parkway', 'SPS', 12, 12000),
	('SH71778', 'JNE', 'Zalya', 'Yogyakarta', '80074 Maywood Point', 'Junina Junkinson', 'Buton Utara', '9 North Parkway', 'REG', 37, 37000),
	('SH71836', 'POS Indonesia', 'Lumiere', 'Bandung', '0614 Southridge Parkway', 'Dorena Thamelt', 'Serang', '488 Hoepker Parkway', 'YES', 32, 32000),
	('SH72169', 'JNE', 'Zalya', 'Yogyakarta', '80074 Maywood Point', 'Natassia Camock', 'Dogiyai', '72 Crownhardt Drive', 'REG', 8, 8000),
	('SH72642', 'TIKI', 'Effe', 'Surabaya', '5 Lakewood Gardens Center', 'Vicki Fawdry', 'Bantul', '05 Annamark Crossing', 'OKE', 33, 33000),
	('SH72684', 'JNE', 'Zalya', 'Yogyakarta', '80074 Maywood Point', 'Zita Ghiriardelli', 'Ternate', '570 Novick Terrace', 'YES', 85, 85000),
	('SH72856', 'POS Indonesia', 'Zalya', 'Yogyakarta', '80074 Maywood Point', 'Nicolina Balharry', 'Gunung Kidul', '355 Karstens Alley', 'YES', 6, 6000),
	('SH73499', 'JNE', 'Lumiere', 'Bandung', '0614 Southridge Parkway', 'Horatia Anscott', 'Tulang Bawang', '349 Swallow Court', 'YES', 92, 92000),
	('SH73544', 'JNE', 'Effe', 'Surabaya', '5 Lakewood Gardens Center', 'Agustin Impleton', 'Tanjung Jabung Barat', '46 Kipling Junction', 'REG', 47, 47000),
	('SH73716', 'JNE', 'Zalya', 'Yogyakarta', '80074 Maywood Point', 'Vicki Fawdry', 'Bantul', '05 Annamark Crossing', 'SPS', 33, 33000),
	('SH73759', 'JNE', 'Zalya', 'Yogyakarta', '80074 Maywood Point', 'Euell Igo', 'Semarang', '33 Southridge Trail', 'YES', 93, 93000),
	('SH73767', 'POS Indonesia', 'Effe', 'Surabaya', '5 Lakewood Gardens Center', 'Raynell Trudgion', 'Pematang Siantar', '9 Jenna Park', 'YES', 70, 70000),
	('SH73866', 'TIKI', 'Lumiere', 'Bandung', '0614 Southridge Parkway', 'Euell Igo', 'Semarang', '33 Southridge Trail', 'OKE', 62, 62000),
	('SH74111', 'POS Indonesia', 'Zalya', 'Yogyakarta', '80074 Maywood Point', 'Jackquelin Glancy', 'Pesisir Barat', '02 Superior Lane', 'OKE', 27, 27000),
	('SH74184', 'POS Indonesia', 'Lumiere', 'Bandung', '0614 Southridge Parkway', 'Zita Ghiriardelli', 'Ternate', '570 Novick Terrace', 'REG', 60, 60000),
	('SH74665', 'POS Indonesia', 'Effe', 'Surabaya', '5 Lakewood Gardens Center', 'Magnum Delos', 'Pontianak', '616 Bobwhite Plaza', 'OKE', 51, 51000),
	('SH75016', 'POS Indonesia', 'Lumiere', 'Bandung', '0614 Southridge Parkway', 'Callida Broomfield', 'Padang', '547 Hintze Avenue', 'REG', 78, 78000),
	('SH75124', 'JNE', 'Lumiere', 'Bandung', '0614 Southridge Parkway', 'Babbie Webbe', 'Halmahera Timur', '501 Arkansas Way', 'YES', 85, 85000),
	('SH75193', 'POS Indonesia', 'Zalya', 'Yogyakarta', '80074 Maywood Point', 'Elsy Huggett', 'Bangli', '23 Reinke Pass', 'YES', 5, 5000),
	('SH75247', 'JNE', 'Zalya', 'Yogyakarta', '80074 Maywood Point', 'Robinett Canon', 'Boven Digoel', '46598 Burning Wood Street', 'YES', 50, 50000),
	('SH75331', 'POS Indonesia', 'Zalya', 'Yogyakarta', '80074 Maywood Point', 'Gradey Grabiec', 'Kaimana', '29 Lillian Street', 'REG', 97, 97000),
	('SH75350', 'POS Indonesia', 'Zalya', 'Yogyakarta', '80074 Maywood Point', 'Zsazsa Millbank', 'Bitung', '39 Caliangt Alley', 'SPS', 55, 55000),
	('SH75752', 'POS Indonesia', 'Zalya', 'Yogyakarta', '80074 Maywood Point', 'Derry Carlucci', 'Belitung Timur', '4732 Katie Hill', 'REG', 63, 63000),
	('SH75813', 'POS Indonesia', 'Lumiere', 'Bandung', '0614 Southridge Parkway', 'Marilin Carverhill', 'Bima', '3 Bonner Lane', 'SPS', 26, 26000),
	('SH75889', 'TIKI', 'Effe', 'Surabaya', '5 Lakewood Gardens Center', 'Alma Sponder', 'Pekalongan', '5360 Kensington Park', 'YES', 55, 55000),
	('SH75924', 'JNE', 'Zalya', 'Yogyakarta', '80074 Maywood Point', 'Les Sandeman', 'Sarolangun', '842 Lighthouse Bay Road', 'REG', 77, 77000),
	('SH76019', 'JNE', 'Effe', 'Surabaya', '5 Lakewood Gardens Center', 'Ronnie Jimeno', 'Purbalingga', '33513 Clove Point', 'SPS', 30, 30000),
	('SH76842', 'JNE', 'Lumiere', 'Bandung', '0614 Southridge Parkway', 'Colette Filchagin', 'Purworejo', '79 Morning Road', 'REG', 18, 18000),
	('SH76927', 'TIKI', 'Zalya', 'Yogyakarta', '80074 Maywood Point', 'Allyson Cottu', 'Sidenreng Rappang/Rapang', '01 Clyde Gallagher Park', 'SPS', 65, 65000),
	('SH77367', 'TIKI', 'Effe', 'Surabaya', '5 Lakewood Gardens Center', 'Fidelia Lavery', 'Lebak', '84 Rigney Road', 'REG', 28, 28000),
	('SH77441', 'TIKI', 'Zalya', 'Yogyakarta', '80074 Maywood Point', 'Fairlie Hubbocks', 'Pohuwato', '9851 Spenser Junction', 'REG', 53, 53000),
	('SH77890', 'JNE', 'Effe', 'Surabaya', '5 Lakewood Gardens Center', 'Dell Lambard', 'Berau', '87151 Gale Court', 'REG', 63, 63000),
	('SH78372', 'TIKI', 'Zalya', 'Yogyakarta', '80074 Maywood Point', 'Agustin Impleton', 'Tanjung Jabung Barat', '46 Kipling Junction', 'REG', 39, 39000),
	('SH78490', 'TIKI', 'Lumiere', 'Bandung', '0614 Southridge Parkway', 'Rudie Dikels', 'Tidore Kepulauan', '7 Dixon Pass', 'SPS', 14, 14000),
	('SH78633', 'JNE', 'Effe', 'Surabaya', '5 Lakewood Gardens Center', 'Zsazsa Millbank', 'Bitung', '39 Caliangt Alley', 'SPS', 76, 76000),
	('SH78786', 'JNE', 'Zalya', 'Yogyakarta', '80074 Maywood Point', 'Lin Padly', 'Sibolga', '12475 Carioca Circle', 'OKE', 82, 82000),
	('SH79329', 'POS Indonesia', 'Zalya', 'Yogyakarta', '80074 Maywood Point', 'Harold Devonshire', 'Kepulauan Meranti', '9461 Rutledge Crossing', 'REG', 39, 39000),
	('SH79479', 'TIKI', 'Effe', 'Surabaya', '5 Lakewood Gardens Center', 'Natassia Camock', 'Dogiyai', '72 Crownhardt Drive', 'SPS', 8, 8000),
	('SH79519', 'JNE', 'Lumiere', 'Bandung', '0614 Southridge Parkway', 'Aggie Delamere', 'Indramayu', '016 Merry Way', 'OKE', 98, 98000),
	('SH79900', 'TIKI', 'Zalya', 'Yogyakarta', '80074 Maywood Point', 'Angelo Burkin', 'Banyuwangi', '51 Troy Alley', 'OKE', 28, 28000),
	('SH80462', 'JNE', 'Lumiere', 'Bandung', '0614 Southridge Parkway', 'Sheppard Meysham', 'Minahasa Selatan', '56676 Sugar Park', 'YES', 91, 91000),
	('SH80568', 'POS Indonesia', 'Lumiere', 'Bandung', '0614 Southridge Parkway', 'Luke Simondson', 'Mamuju Utara', '290 Mayer Junction', 'YES', 83, 83000),
	('SH80617', 'TIKI', 'Zalya', 'Yogyakarta', '80074 Maywood Point', 'Brandise Boatman', 'Solok', '9715 Blaine Terrace', 'SPS', 75, 75000),
	('SH80636', 'POS Indonesia', 'Lumiere', 'Bandung', '0614 Southridge Parkway', 'Johny Duckit', 'Gorontalo Utara', '184 Fair Oaks Pass', 'SPS', 21, 21000),
	('SH80758', 'TIKI', 'Zalya', 'Yogyakarta', '80074 Maywood Point', 'Theadora Qusklay', 'Palangka Raya', '59815 3rd Way', 'REG', 37, 37000),
	('SH80831', 'TIKI', 'Zalya', 'Yogyakarta', '80074 Maywood Point', 'Zollie Timperley', 'Takalar', '91 Union Plaza', 'SPS', 55, 55000),
	('SH80885', 'TIKI', 'Lumiere', 'Bandung', '0614 Southridge Parkway', 'Allyson Cottu', 'Sidenreng Rappang/Rapang', '01 Clyde Gallagher Park', 'SPS', 14, 14000),
	('SH80922', 'POS Indonesia', 'Lumiere', 'Bandung', '0614 Southridge Parkway', 'Aggie Delamere', 'Indramayu', '016 Merry Way', 'REG', 73, 73000),
	('SH80953', 'JNE', 'Lumiere', 'Bandung', '0614 Southridge Parkway', 'Olivero Pestell', 'Puncak Jaya', '52534 Blackbird Drive', 'REG', 81, 81000),
	('SH81191', 'TIKI', 'Lumiere', 'Bandung', '0614 Southridge Parkway', 'Jeffie Shrimpling', 'Samosir', '2 Main Terrace', 'OKE', 87, 87000),
	('SH81210', 'POS Indonesia', 'Lumiere', 'Bandung', '0614 Southridge Parkway', 'Terrijo Dallicoat', 'Jakarta Barat', '049 Elmside Trail', 'YES', 78, 78000),
	('SH81422', 'TIKI', 'Lumiere', 'Bandung', '0614 Southridge Parkway', 'Tudor Large', 'Klungkung', '69335 Brickson Park Point', 'REG', 18, 18000),
	('SH81477', 'JNE', 'Effe', 'Surabaya', '5 Lakewood Gardens Center', 'Audy Pearcy', 'Sidoarjo', '99331 Brentwood Drive', 'SPS', 96, 96000),
	('SH81633', 'TIKI', 'Zalya', 'Yogyakarta', '80074 Maywood Point', 'Tyne McGeachy', 'Banjar', '29092 Pennsylvania Crossing', 'OKE', 91, 91000),
	('SH82688', 'TIKI', 'Effe', 'Surabaya', '5 Lakewood Gardens Center', 'Phedra Wadley', 'Magetan', '7 Kipling Trail', 'REG', 35, 35000),
	('SH82733', 'TIKI', 'Lumiere', 'Bandung', '0614 Southridge Parkway', 'Manuel Chalcroft', 'Batang Hari', '9 Monterey Way', 'OKE', 49, 49000),
	('SH82789', 'JNE', 'Lumiere', 'Bandung', '0614 Southridge Parkway', 'Derry Carlucci', 'Belitung Timur', '4732 Katie Hill', 'OKE', 63, 63000),
	('SH84059', 'JNE', 'Lumiere', 'Bandung', '0614 Southridge Parkway', 'Manuel Chalcroft', 'Batang Hari', '9 Monterey Way', 'SPS', 49, 49000),
	('SH84391', 'JNE', 'Effe', 'Surabaya', '5 Lakewood Gardens Center', 'Tobye Stockney', 'Tanjung Balai', '67 Darwin Street', 'YES', 44, 44000),
	('SH84449', 'POS Indonesia', 'Zalya', 'Yogyakarta', '80074 Maywood Point', 'Dalia Cunah', 'Rokan Hulu', '554 Dorton Way', 'OKE', 5, 5000),
	('SH84560', 'JNE', 'Lumiere', 'Bandung', '0614 Southridge Parkway', 'Philippe Ebben', 'Teluk Wondama', '395 Lukken Lane', 'REG', 74, 74000),
	('SH84845', 'JNE', 'Zalya', 'Yogyakarta', '80074 Maywood Point', 'Sergio Drews', 'Payakumbuh', '65 Crownhardt Junction', 'YES', 60, 60000),
	('SH84860', 'POS Indonesia', 'Lumiere', 'Bandung', '0614 Southridge Parkway', 'Sindee Chadwell', 'Teluk Bintuni', '54 Chive Junction', 'YES', 35, 35000),
	('SH84899', 'JNE', 'Zalya', 'Yogyakarta', '80074 Maywood Point', 'Alyssa Vost', 'Pekalongan', '9710 Miller Park', 'SPS', 29, 29000),
	('SH85613', 'JNE', 'Zalya', 'Yogyakarta', '80074 Maywood Point', 'Dot Unsworth', 'Kepulauan Siau Tagulandang Biaro (Sitaro)', '97 Myrtle Center', 'YES', 16, 16000),
	('SH85635', 'TIKI', 'Zalya', 'Yogyakarta', '80074 Maywood Point', 'Luke Simondson', 'Mamuju Utara', '290 Mayer Junction', 'OKE', 32, 32000),
	('SH85748', 'JNE', 'Zalya', 'Yogyakarta', '80074 Maywood Point', 'Horatia Anscott', 'Tulang Bawang', '349 Swallow Court', 'YES', 92, 92000),
	('SH85860', 'TIKI', 'Zalya', 'Yogyakarta', '80074 Maywood Point', 'Amelina Lyford', 'Kudus', '39 Doe Crossing Pass', 'SPS', 33, 33000),
	('SH86854', 'POS Indonesia', 'Effe', 'Surabaya', '5 Lakewood Gardens Center', 'Brandise Boatman', 'Solok', '9715 Blaine Terrace', 'OKE', 24, 24000),
	('SH87196', 'POS Indonesia', 'Effe', 'Surabaya', '5 Lakewood Gardens Center', 'Celina Clowley', 'Rote Ndao', '2 Reindahl Way', 'REG', 13, 13000),
	('SH87291', 'JNE', 'Effe', 'Surabaya', '5 Lakewood Gardens Center', 'Angelo Burkin', 'Banyuwangi', '51 Troy Alley', 'REG', 28, 28000),
	('SH87635', 'JNE', 'Effe', 'Surabaya', '5 Lakewood Gardens Center', 'Zollie Timperley', 'Takalar', '91 Union Plaza', 'SPS', 55, 55000),
	('SH87881', 'JNE', 'Lumiere', 'Bandung', '0614 Southridge Parkway', 'Colette Filchagin', 'Purworejo', '79 Morning Road', 'YES', 18, 18000),
	('SH88219', 'TIKI', 'Lumiere', 'Bandung', '0614 Southridge Parkway', 'Anestassia Realy', 'Sumbawa', '3770 Packers Drive', 'YES', 24, 24000),
	('SH88813', 'TIKI', 'Zalya', 'Yogyakarta', '80074 Maywood Point', 'Johny Duckit', 'Gorontalo Utara', '184 Fair Oaks Pass', 'OKE', 47, 47000),
	('SH88846', 'POS Indonesia', 'Zalya', 'Yogyakarta', '80074 Maywood Point', 'Vlad Eydel', 'Kepulauan Yapen (Yapen Waropen)', '75492 Graedel Parkway', 'REG', 64, 64000),
	('SH89801', 'JNE', 'Lumiere', 'Bandung', '0614 Southridge Parkway', 'Sheppard Meysham', 'Minahasa Selatan', '56676 Sugar Park', 'SPS', 25, 25000),
	('SH89802', 'JNE', 'Lumiere', 'Bandung', '0614 Southridge Parkway', 'Lisette Carrack', 'Tanggamus', '5222 Maywood Pass', 'OKE', 94, 94000),
	('SH89868', 'JNE', 'Effe', 'Surabaya', '5 Lakewood Gardens Center', 'Allyson Cottu', 'Sidenreng Rappang/Rapang', '01 Clyde Gallagher Park', 'OKE', 32, 32000),
	('SH90223', 'TIKI', 'Zalya', 'Yogyakarta', '80074 Maywood Point', 'Sisely Nunnerley', 'Jakarta Pusat', '51968 Hudson Place', 'OKE', 56, 56000),
	('SH90621', 'POS Indonesia', 'Lumiere', 'Bandung', '0614 Southridge Parkway', 'Callida Broomfield', 'Padang', '547 Hintze Avenue', 'REG', 17, 17000),
	('SH90674', 'JNE', 'Effe', 'Surabaya', '5 Lakewood Gardens Center', 'Candida Chastaing', 'Pagar Alam', '1 Burrows Crossing', 'YES', 24, 24000),
	('SH90676', 'TIKI', 'Zalya', 'Yogyakarta', '80074 Maywood Point', 'Brod Oak', 'Kepulauan Anambas', '29 Sutteridge Way', 'REG', 28, 28000),
	('SH90685', 'JNE', 'Zalya', 'Yogyakarta', '80074 Maywood Point', 'Zita Ghiriardelli', 'Ternate', '570 Novick Terrace', 'YES', 80, 80000),
	('SH90731', 'JNE', 'Zalya', 'Yogyakarta', '80074 Maywood Point', 'Douglas Tweedlie', 'Pandeglang', '82 8th Junction', 'YES', 65, 65000),
	('SH90841', 'JNE', 'Effe', 'Surabaya', '5 Lakewood Gardens Center', 'Johny Duckit', 'Gorontalo Utara', '184 Fair Oaks Pass', 'OKE', 47, 47000),
	('SH91098', 'JNE', 'Zalya', 'Yogyakarta', '80074 Maywood Point', 'Ewell Siley', 'Wakatobi', '80863 Sugar Way', 'YES', 45, 45000),
	('SH91112', 'JNE', 'Lumiere', 'Bandung', '0614 Southridge Parkway', 'Dot Unsworth', 'Kepulauan Siau Tagulandang Biaro (Sitaro)', '97 Myrtle Center', 'OKE', 34, 34000),
	('SH91567', 'JNE', 'Zalya', 'Yogyakarta', '80074 Maywood Point', 'Sindee Chadwell', 'Teluk Bintuni', '54 Chive Junction', 'REG', 62, 62000),
	('SH91688', 'POS Indonesia', 'Effe', 'Surabaya', '5 Lakewood Gardens Center', 'Anestassia Realy', 'Sumbawa', '3770 Packers Drive', 'REG', 46, 46000),
	('SH91752', 'TIKI', 'Lumiere', 'Bandung', '0614 Southridge Parkway', 'Ayn Tague', 'Palopo', '7 Oriole Crossing', 'OKE', 77, 77000),
	('SH91878', 'JNE', 'Lumiere', 'Bandung', '0614 Southridge Parkway', 'Junina Junkinson', 'Buton Utara', '9 North Parkway', 'REG', 37, 37000),
	('SH92120', 'TIKI', 'Effe', 'Surabaya', '5 Lakewood Gardens Center', 'Dorena Thamelt', 'Serang', '488 Hoepker Parkway', 'SPS', 12, 12000),
	('SH92938', 'POS Indonesia', 'Zalya', 'Yogyakarta', '80074 Maywood Point', 'Lin Padly', 'Sibolga', '12475 Carioca Circle', 'OKE', 31, 31000),
	('SH93306', 'JNE', 'Zalya', 'Yogyakarta', '80074 Maywood Point', 'Phedra Wadley', 'Magetan', '7 Kipling Trail', 'SPS', 35, 35000),
	('SH93476', 'TIKI', 'Zalya', 'Yogyakarta', '80074 Maywood Point', 'Dorotea Cortes', 'Prabumulih', '1 Haas Junction', 'OKE', 94, 94000),
	('SH93586', 'POS Indonesia', 'Zalya', 'Yogyakarta', '80074 Maywood Point', 'Antonio Gladwin', 'Nunukan', '030 Golf Trail', 'YES', 41, 41000),
	('SH93760', 'TIKI', 'Lumiere', 'Bandung', '0614 Southridge Parkway', 'Angelo Burkin', 'Banyuwangi', '51 Troy Alley', 'OKE', 20, 20000),
	('SH93802', 'POS Indonesia', 'Zalya', 'Yogyakarta', '80074 Maywood Point', 'Zacharie Liquorish', 'Kapuas Hulu', '606 Crescent Oaks Street', 'REG', 21, 21000),
	('SH93815', 'TIKI', 'Lumiere', 'Bandung', '0614 Southridge Parkway', 'Vlad Eydel', 'Kepulauan Yapen (Yapen Waropen)', '75492 Graedel Parkway', 'OKE', 64, 64000),
	('SH93848', 'TIKI', 'Lumiere', 'Bandung', '0614 Southridge Parkway', 'Elsy Huggett', 'Bangli', '23 Reinke Pass', 'OKE', 5, 5000),
	('SH93903', 'TIKI', 'Zalya', 'Yogyakarta', '80074 Maywood Point', 'Theadora Qusklay', 'Palangka Raya', '59815 3rd Way', 'SPS', 11, 11000),
	('SH94185', 'JNE', 'Zalya', 'Yogyakarta', '80074 Maywood Point', 'Magnum Delos', 'Pontianak', '616 Bobwhite Plaza', 'REG', 58, 58000),
	('SH94204', 'TIKI', 'Effe', 'Surabaya', '5 Lakewood Gardens Center', 'Robinett Canon', 'Boven Digoel', '46598 Burning Wood Street', 'OKE', 68, 68000),
	('SH94470', 'JNE', 'Zalya', 'Yogyakarta', '80074 Maywood Point', 'Celina Clowley', 'Rote Ndao', '2 Reindahl Way', 'OKE', 13, 13000),
	('SH94542', 'TIKI', 'Lumiere', 'Bandung', '0614 Southridge Parkway', 'Carlee Casotti', 'Tomohon', '17760 Commercial Park', 'SPS', 69, 69000),
	('SH94807', 'POS Indonesia', 'Zalya', 'Yogyakarta', '80074 Maywood Point', 'Darrelle Hamlen', 'Buleleng', '70651 Hagan Alley', 'REG', 19, 19000),
	('SH94842', 'JNE', 'Lumiere', 'Bandung', '0614 Southridge Parkway', 'Johny Duckit', 'Gorontalo Utara', '184 Fair Oaks Pass', 'SPS', 62, 62000),
	('SH94938', 'JNE', 'Effe', 'Surabaya', '5 Lakewood Gardens Center', 'Renaldo Peeke', 'Belitung', '1864 Spenser Hill', 'REG', 94, 94000),
	('SH94963', 'POS Indonesia', 'Effe', 'Surabaya', '5 Lakewood Gardens Center', 'Janeta Goare', 'Lamandau', '33 Rowland Point', 'YES', 99, 99000),
	('SH95483', 'POS Indonesia', 'Zalya', 'Yogyakarta', '80074 Maywood Point', 'Myrtice MacParland', 'Wonosobo', '72 Killdeer Plaza', 'OKE', 23, 23000),
	('SH95502', 'POS Indonesia', 'Lumiere', 'Bandung', '0614 Southridge Parkway', 'Eduardo Guitt', 'Pekanbaru', '701 Forest Hill', 'REG', 81, 81000),
	('SH95959', 'POS Indonesia', 'Lumiere', 'Bandung', '0614 Southridge Parkway', 'Renaldo Peeke', 'Belitung', '1864 Spenser Hill', 'YES', 94, 94000),
	('SH96081', 'JNE', 'Lumiere', 'Bandung', '0614 Southridge Parkway', 'Zita Ghiriardelli', 'Ternate', '570 Novick Terrace', 'REG', 80, 80000),
	('SH96270', 'POS Indonesia', 'Zalya', 'Yogyakarta', '80074 Maywood Point', 'Ewell Siley', 'Wakatobi', '80863 Sugar Way', 'REG', 62, 62000),
	('SH96447', 'JNE', 'Lumiere', 'Bandung', '0614 Southridge Parkway', 'Norry Mushrow', 'Dairi', '24870 Ramsey Hill', 'REG', 69, 69000),
	('SH96703', 'JNE', 'Effe', 'Surabaya', '5 Lakewood Gardens Center', 'Norry Mushrow', 'Dairi', '24870 Ramsey Hill', 'OKE', 25, 25000),
	('SH96968', 'TIKI', 'Lumiere', 'Bandung', '0614 Southridge Parkway', 'Michelina Rintoul', 'Kutai Barat', '761 Crownhardt Crossing', 'SPS', 8, 8000),
	('SH97058', 'TIKI', 'Effe', 'Surabaya', '5 Lakewood Gardens Center', 'Jesus Fletcher', 'Pinrang', '216 School Street', 'SPS', 19, 19000),
	('SH97252', 'JNE', 'Lumiere', 'Bandung', '0614 Southridge Parkway', 'Fairlie Hubbocks', 'Pohuwato', '9851 Spenser Junction', 'REG', 53, 53000),
	('SH97727', 'JNE', 'Zalya', 'Yogyakarta', '80074 Maywood Point', 'Elsy Huggett', 'Bangli', '23 Reinke Pass', 'SPS', 27, 27000),
	('SH97779', 'JNE', 'Lumiere', 'Bandung', '0614 Southridge Parkway', 'Vicki Fawdry', 'Bantul', '05 Annamark Crossing', 'OKE', 35, 35000),
	('SH97817', 'POS Indonesia', 'Lumiere', 'Bandung', '0614 Southridge Parkway', 'Derry Carlucci', 'Belitung Timur', '4732 Katie Hill', 'REG', 92, 92000),
	('SH98114', 'POS Indonesia', 'Effe', 'Surabaya', '5 Lakewood Gardens Center', 'Brod Oak', 'Kepulauan Anambas', '29 Sutteridge Way', 'SPS', 28, 28000),
	('SH98203', 'TIKI', 'Zalya', 'Yogyakarta', '80074 Maywood Point', 'Sergio Drews', 'Payakumbuh', '65 Crownhardt Junction', 'YES', 80, 80000),
	('SH98206', 'POS Indonesia', 'Effe', 'Surabaya', '5 Lakewood Gardens Center', 'Derry Carlucci', 'Belitung Timur', '4732 Katie Hill', 'REG', 12, 12000),
	('SH98269', 'TIKI', 'Lumiere', 'Bandung', '0614 Southridge Parkway', 'Philippe Ebben', 'Teluk Wondama', '395 Lukken Lane', 'SPS', 35, 35000),
	('SH98354', 'POS Indonesia', 'Zalya', 'Yogyakarta', '80074 Maywood Point', 'Norry Mushrow', 'Dairi', '24870 Ramsey Hill', 'YES', 29, 29000),
	('SH98359', 'TIKI', 'Lumiere', 'Bandung', '0614 Southridge Parkway', 'Zollie Timperley', 'Takalar', '91 Union Plaza', 'REG', 55, 55000),
	('SH98562', 'TIKI', 'Zalya', 'Yogyakarta', '80074 Maywood Point', 'Rudie Dikels', 'Tidore Kepulauan', '7 Dixon Pass', 'YES', 98, 98000),
	('SH98747', 'JNE', 'Lumiere', 'Bandung', '0614 Southridge Parkway', 'Harold Andriolli', 'Aceh Selatan', '259 Homewood Drive', 'YES', 52, 52000),
	('SH98836', 'TIKI', 'Effe', 'Surabaya', '5 Lakewood Gardens Center', 'Hi Orgel', 'Hulu Sungai Selatan', '6207 Briar Crest Drive', 'OKE', 5, 5000),
	('SH98978', 'POS Indonesia', 'Lumiere', 'Bandung', '0614 Southridge Parkway', 'Rozanna Hatherley', 'Wajo', '7440 Browning Court', 'SPS', 98, 98000),
	('SH99107', 'TIKI', 'Lumiere', 'Bandung', '0614 Southridge Parkway', 'Luke Simondson', 'Mamuju Utara', '290 Mayer Junction', 'SPS', 94, 94000),
	('SH99487', 'TIKI', 'Lumiere', 'Bandung', '0614 Southridge Parkway', 'Nicolina Balharry', 'Gunung Kidul', '355 Karstens Alley', 'REG', 6, 6000),
	('SH99591', 'TIKI', 'Effe', 'Surabaya', '5 Lakewood Gardens Center', 'Harold Andriolli', 'Aceh Selatan', '259 Homewood Drive', 'SPS', 52, 52000),
	('SH99668', 'TIKI', 'Lumiere', 'Bandung', '0614 Southridge Parkway', 'Audy Pearcy', 'Sidoarjo', '99331 Brentwood Drive', 'REG', 47, 47000),
	('SH99679', 'TIKI', 'Zalya', 'Yogyakarta', '80074 Maywood Point', 'Allyson Cottu', 'Sidenreng Rappang/Rapang', '01 Clyde Gallagher Park', 'REG', 65, 65000),
	('SH99772', 'POS Indonesia', 'Lumiere', 'Bandung', '0614 Southridge Parkway', 'Gradey Grabiec', 'Kaimana', '29 Lillian Street', 'YES', 97, 97000),
	('SH99815', 'POS Indonesia', 'Lumiere', 'Bandung', '0614 Southridge Parkway', 'Michelina Rintoul', 'Kutai Barat', '761 Crownhardt Crossing', 'SPS', 8, 8000),
	('SH99930', 'POS Indonesia', 'Zalya', 'Yogyakarta', '80074 Maywood Point', 'Raynell Trudgion', 'Pematang Siantar', '9 Jenna Park', 'SPS', 86, 86000);

-- Dumping structure for procedure dbshipping.spGetLatestShipping
DROP PROCEDURE IF EXISTS `spGetLatestShipping`;
DELIMITER //
CREATE PROCEDURE `spGetLatestShipping`()
BEGIN
SELECT * FROM shipping
ORDER BY shipping_number DESC
LIMIT 1;
END//
DELIMITER ;

-- Dumping structure for procedure dbshipping.spInsertShipping
DROP PROCEDURE IF EXISTS `spInsertShipping`;
DELIMITER //
CREATE PROCEDURE `spInsertShipping`(
	IN `shipping_number_in` VARCHAR(50),
	IN `shipping_company_in` VARCHAR(50),
	IN `sender_name_in` VARCHAR(50),
	IN `sender_city_in` VARCHAR(50),
	IN `sender_address_in` VARCHAR(50),
	IN `receiver_name_in` VARCHAR(50),
	IN `receiver_city_in` VARCHAR(50),
	IN `receiver_address_in` VARCHAR(50),
	IN `shipping_type_in` VARCHAR(50),
	IN `product_weight_in` BIGINT,
	IN `shipping_fee_in` BIGINT
)
BEGIN
INSERT INTO dbshipping.shipping (shipping_number, shipping_company, sender_name, sender_city, sender_address, receiver_name, receiver_city, receiver_address, shipping_type, product_weight, shipping_fee) 
VALUES (shipping_number_in, shipping_company_in, sender_name_in, sender_city_in, sender_address_in, receiver_name_in, receiver_city_in, receiver_address_in, shipping_type_in, product_weight_in, shipping_fee_in);
END//
DELIMITER ;

/*!40103 SET TIME_ZONE=IFNULL(@OLD_TIME_ZONE, 'system') */;
/*!40101 SET SQL_MODE=IFNULL(@OLD_SQL_MODE, '') */;
/*!40014 SET FOREIGN_KEY_CHECKS=IFNULL(@OLD_FOREIGN_KEY_CHECKS, 1) */;
/*!40101 SET CHARACTER_SET_CLIENT=@OLD_CHARACTER_SET_CLIENT */;
/*!40111 SET SQL_NOTES=IFNULL(@OLD_SQL_NOTES, 1) */;
